ISO-10303-21;
HEADER;
FILE_DESCRIPTION((''),'2;1');
FILE_NAME('397','2021-10-08T23:41:01',('Administrator'),(''),
'CREO PARAMETRIC BY PTC INC, 2016510','CREO PARAMETRIC BY PTC INC, 2016510','');
FILE_SCHEMA(('CONFIG_CONTROL_DESIGN','GEOMETRIC_VALIDATION_PROPERTIES_MIM'));
ENDSEC;
DATA;
#40=DIRECTION('',(0.E0,0.E0,-1.E0));
#41=VECTOR('',#40,1.E-2);
#42=CARTESIAN_POINT('',(-4.061875E-1,-3.096702184796E-1,0.E0));
#43=LINE('',#42,#41);
#44=DIRECTION('',(0.E0,1.E0,0.E0));
#45=VECTOR('',#44,7.E-1);
#46=CARTESIAN_POINT('',(-2.7E0,-3.35E0,0.E0));
#47=LINE('',#46,#45);
#48=DIRECTION('',(1.E0,0.E0,0.E0));
#49=VECTOR('',#48,5.4E0);
#50=CARTESIAN_POINT('',(-2.7E0,-3.35E0,0.E0));
#51=LINE('',#50,#49);
#52=DIRECTION('',(0.E0,1.E0,0.E0));
#53=VECTOR('',#52,7.E-1);
#54=CARTESIAN_POINT('',(2.7E0,-3.35E0,0.E0));
#55=LINE('',#54,#53);
#56=DIRECTION('',(-1.E0,0.E0,0.E0));
#57=VECTOR('',#56,2.E0);
#58=CARTESIAN_POINT('',(4.7E0,-2.65E0,0.E0));
#59=LINE('',#58,#57);
#60=DIRECTION('',(0.E0,1.E0,0.E0));
#61=VECTOR('',#60,7.E-1);
#62=CARTESIAN_POINT('',(4.7E0,-3.35E0,0.E0));
#63=LINE('',#62,#61);
#64=DIRECTION('',(1.E0,0.E0,0.E0));
#65=VECTOR('',#64,1.1E0);
#66=CARTESIAN_POINT('',(4.7E0,-3.35E0,0.E0));
#67=LINE('',#66,#65);
#68=DIRECTION('',(0.E0,1.E0,0.E0));
#69=VECTOR('',#68,7.E-1);
#70=CARTESIAN_POINT('',(5.8E0,-3.35E0,0.E0));
#71=LINE('',#70,#69);
#72=DIRECTION('',(-1.E0,0.E0,0.E0));
#73=VECTOR('',#72,2.2E0);
#74=CARTESIAN_POINT('',(8.E0,-2.65E0,0.E0));
#75=LINE('',#74,#73);
#76=DIRECTION('',(0.E0,1.E0,0.E0));
#77=VECTOR('',#76,5.3E0);
#78=CARTESIAN_POINT('',(8.E0,-2.65E0,0.E0));
#79=LINE('',#78,#77);
#80=DIRECTION('',(-1.E0,0.E0,0.E0));
#81=VECTOR('',#80,2.2E0);
#82=CARTESIAN_POINT('',(8.E0,2.65E0,0.E0));
#83=LINE('',#82,#81);
#84=DIRECTION('',(0.E0,-1.E0,0.E0));
#85=VECTOR('',#84,7.E-1);
#86=CARTESIAN_POINT('',(5.8E0,3.35E0,0.E0));
#87=LINE('',#86,#85);
#88=DIRECTION('',(-1.E0,0.E0,0.E0));
#89=VECTOR('',#88,1.1E0);
#90=CARTESIAN_POINT('',(5.8E0,3.35E0,0.E0));
#91=LINE('',#90,#89);
#92=DIRECTION('',(0.E0,-1.E0,0.E0));
#93=VECTOR('',#92,7.E-1);
#94=CARTESIAN_POINT('',(4.7E0,3.35E0,0.E0));
#95=LINE('',#94,#93);
#96=DIRECTION('',(1.E0,0.E0,0.E0));
#97=VECTOR('',#96,2.E0);
#98=CARTESIAN_POINT('',(2.7E0,2.65E0,0.E0));
#99=LINE('',#98,#97);
#100=DIRECTION('',(0.E0,-1.E0,0.E0));
#101=VECTOR('',#100,7.E-1);
#102=CARTESIAN_POINT('',(2.7E0,3.35E0,0.E0));
#103=LINE('',#102,#101);
#104=DIRECTION('',(-1.E0,0.E0,0.E0));
#105=VECTOR('',#104,5.4E0);
#106=CARTESIAN_POINT('',(2.7E0,3.35E0,0.E0));
#107=LINE('',#106,#105);
#108=DIRECTION('',(0.E0,-1.E0,0.E0));
#109=VECTOR('',#108,7.E-1);
#110=CARTESIAN_POINT('',(-2.7E0,3.35E0,0.E0));
#111=LINE('',#110,#109);
#112=DIRECTION('',(1.E0,0.E0,0.E0));
#113=VECTOR('',#112,2.E0);
#114=CARTESIAN_POINT('',(-4.7E0,2.65E0,0.E0));
#115=LINE('',#114,#113);
#116=DIRECTION('',(0.E0,-1.E0,0.E0));
#117=VECTOR('',#116,7.E-1);
#118=CARTESIAN_POINT('',(-4.7E0,3.35E0,0.E0));
#119=LINE('',#118,#117);
#120=DIRECTION('',(-1.E0,0.E0,0.E0));
#121=VECTOR('',#120,1.1E0);
#122=CARTESIAN_POINT('',(-4.7E0,3.35E0,0.E0));
#123=LINE('',#122,#121);
#124=DIRECTION('',(0.E0,-1.E0,0.E0));
#125=VECTOR('',#124,7.E-1);
#126=CARTESIAN_POINT('',(-5.8E0,3.35E0,0.E0));
#127=LINE('',#126,#125);
#128=DIRECTION('',(1.E0,0.E0,0.E0));
#129=VECTOR('',#128,2.2E0);
#130=CARTESIAN_POINT('',(-8.E0,2.65E0,0.E0));
#131=LINE('',#130,#129);
#132=DIRECTION('',(0.E0,-1.E0,0.E0));
#133=VECTOR('',#132,5.3E0);
#134=CARTESIAN_POINT('',(-8.E0,2.65E0,0.E0));
#135=LINE('',#134,#133);
#136=DIRECTION('',(1.E0,0.E0,0.E0));
#137=VECTOR('',#136,2.2E0);
#138=CARTESIAN_POINT('',(-8.E0,-2.65E0,0.E0));
#139=LINE('',#138,#137);
#140=DIRECTION('',(0.E0,1.E0,0.E0));
#141=VECTOR('',#140,7.E-1);
#142=CARTESIAN_POINT('',(-5.8E0,-3.35E0,0.E0));
#143=LINE('',#142,#141);
#144=DIRECTION('',(1.E0,0.E0,0.E0));
#145=VECTOR('',#144,1.1E0);
#146=CARTESIAN_POINT('',(-5.8E0,-3.35E0,0.E0));
#147=LINE('',#146,#145);
#148=DIRECTION('',(0.E0,1.E0,0.E0));
#149=VECTOR('',#148,7.E-1);
#150=CARTESIAN_POINT('',(-4.7E0,-3.35E0,0.E0));
#151=LINE('',#150,#149);
#152=DIRECTION('',(-1.E0,0.E0,0.E0));
#153=VECTOR('',#152,2.E0);
#154=CARTESIAN_POINT('',(-2.7E0,-2.65E0,0.E0));
#155=LINE('',#154,#153);
#156=DIRECTION('',(0.E0,1.E0,0.E0));
#157=VECTOR('',#156,4.E-1);
#158=CARTESIAN_POINT('',(-4.8E0,1.05E0,0.E0));
#159=LINE('',#158,#157);
#160=DIRECTION('',(0.E0,-1.E0,0.E0));
#161=VECTOR('',#160,4.E-1);
#162=CARTESIAN_POINT('',(-3.2E0,1.45E0,0.E0));
#163=LINE('',#162,#161);
#164=DIRECTION('',(0.E0,1.E0,0.E0));
#165=VECTOR('',#164,4.E-1);
#166=CARTESIAN_POINT('',(-2.8E0,1.05E0,0.E0));
#167=LINE('',#166,#165);
#168=DIRECTION('',(0.E0,-1.E0,0.E0));
#169=VECTOR('',#168,4.E-1);
#170=CARTESIAN_POINT('',(-1.2E0,1.45E0,0.E0));
#171=LINE('',#170,#169);
#172=DIRECTION('',(0.E0,1.E0,0.E0));
#173=VECTOR('',#172,4.E-1);
#174=CARTESIAN_POINT('',(-8.E-1,1.05E0,0.E0));
#175=LINE('',#174,#173);
#176=DIRECTION('',(0.E0,-1.E0,0.E0));
#177=VECTOR('',#176,4.E-1);
#178=CARTESIAN_POINT('',(8.E-1,1.45E0,0.E0));
#179=LINE('',#178,#177);
#180=DIRECTION('',(0.E0,1.E0,0.E0));
#181=VECTOR('',#180,4.E-1);
#182=CARTESIAN_POINT('',(1.2E0,1.05E0,0.E0));
#183=LINE('',#182,#181);
#184=DIRECTION('',(0.E0,-1.E0,0.E0));
#185=VECTOR('',#184,4.E-1);
#186=CARTESIAN_POINT('',(2.8E0,1.45E0,0.E0));
#187=LINE('',#186,#185);
#188=DIRECTION('',(0.E0,1.E0,0.E0));
#189=VECTOR('',#188,4.E-1);
#190=CARTESIAN_POINT('',(3.2E0,1.05E0,0.E0));
#191=LINE('',#190,#189);
#192=DIRECTION('',(0.E0,-1.E0,0.E0));
#193=VECTOR('',#192,4.E-1);
#194=CARTESIAN_POINT('',(4.8E0,1.45E0,0.E0));
#195=LINE('',#194,#193);
#196=DIRECTION('',(0.E0,1.E0,0.E0));
#197=VECTOR('',#196,4.E-1);
#198=CARTESIAN_POINT('',(-4.8E0,-1.45E0,0.E0));
#199=LINE('',#198,#197);
#200=DIRECTION('',(0.E0,-1.E0,0.E0));
#201=VECTOR('',#200,4.E-1);
#202=CARTESIAN_POINT('',(-3.2E0,-1.05E0,0.E0));
#203=LINE('',#202,#201);
#204=DIRECTION('',(0.E0,1.E0,0.E0));
#205=VECTOR('',#204,4.E-1);
#206=CARTESIAN_POINT('',(-2.8E0,-1.45E0,0.E0));
#207=LINE('',#206,#205);
#208=DIRECTION('',(0.E0,-1.E0,0.E0));
#209=VECTOR('',#208,4.E-1);
#210=CARTESIAN_POINT('',(-1.2E0,-1.05E0,0.E0));
#211=LINE('',#210,#209);
#212=DIRECTION('',(0.E0,1.E0,0.E0));
#213=VECTOR('',#212,4.E-1);
#214=CARTESIAN_POINT('',(-8.E-1,-1.45E0,0.E0));
#215=LINE('',#214,#213);
#216=DIRECTION('',(0.E0,-1.E0,0.E0));
#217=VECTOR('',#216,4.E-1);
#218=CARTESIAN_POINT('',(8.E-1,-1.05E0,0.E0));
#219=LINE('',#218,#217);
#220=DIRECTION('',(0.E0,1.E0,0.E0));
#221=VECTOR('',#220,4.E-1);
#222=CARTESIAN_POINT('',(1.2E0,-1.45E0,0.E0));
#223=LINE('',#222,#221);
#224=DIRECTION('',(0.E0,-1.E0,0.E0));
#225=VECTOR('',#224,4.E-1);
#226=CARTESIAN_POINT('',(2.8E0,-1.05E0,0.E0));
#227=LINE('',#226,#225);
#228=DIRECTION('',(0.E0,1.E0,0.E0));
#229=VECTOR('',#228,4.E-1);
#230=CARTESIAN_POINT('',(3.2E0,-1.45E0,0.E0));
#231=LINE('',#230,#229);
#232=DIRECTION('',(0.E0,-1.E0,0.E0));
#233=VECTOR('',#232,4.E-1);
#234=CARTESIAN_POINT('',(4.8E0,-1.05E0,0.E0));
#235=LINE('',#234,#233);
#236=DIRECTION('',(0.E0,1.E0,0.E0));
#237=VECTOR('',#236,7.509E-1);
#238=CARTESIAN_POINT('',(-1.6264E0,-3.576E-1,0.E0));
#239=LINE('',#238,#237);
#240=DIRECTION('',(1.E0,0.E0,0.E0));
#241=VECTOR('',#240,5.63175E-1);
#242=CARTESIAN_POINT('',(-1.6264E0,3.933E-1,0.E0));
#243=LINE('',#242,#241);
#244=DIRECTION('',(0.E0,-1.E0,0.E0));
#245=VECTOR('',#244,9.585957423002E-2);
#246=CARTESIAN_POINT('',(-1.063225E0,3.933E-1,0.E0));
#247=LINE('',#246,#245);
#248=DIRECTION('',(-1.E0,0.E0,0.E0));
#249=VECTOR('',#248,4.693125E-1);
#250=CARTESIAN_POINT('',(-1.063225E0,2.974404257700E-1,0.E0));
#251=LINE('',#250,#249);
#252=DIRECTION('',(0.E0,-1.E0,0.E0));
#253=VECTOR('',#252,6.550404257700E-1);
#254=CARTESIAN_POINT('',(-1.5325375E0,2.974404257700E-1,0.E0));
#255=LINE('',#254,#253);
#256=DIRECTION('',(-1.E0,0.E0,0.E0));
#257=VECTOR('',#256,9.38625E-2);
#258=CARTESIAN_POINT('',(-1.5325375E0,-3.576E-1,0.E0));
#259=LINE('',#258,#257);
#260=DIRECTION('',(-1.E0,0.E0,0.E0));
#261=VECTOR('',#260,9.38625E-2);
#262=CARTESIAN_POINT('',(-3.279687798381E-1,2.015808515400E-1,0.E0));
#263=LINE('',#262,#261);
#264=DIRECTION('',(-3.102789952956E-1,9.506455412394E-1,0.E0));
#265=VECTOR('',#264,5.041814161131E-2);
#266=CARTESIAN_POINT('',(-4.218312798381E-1,2.015808515400E-1,0.E0));
#267=LINE('',#266,#265);
#268=DIRECTION('',(-8.265991871191E-1,5.627910658976E-1,0.E0));
#269=VECTOR('',#268,5.677630795110E-2);
#270=CARTESIAN_POINT('',(-4.374749701619E-1,2.495106330603E-1,0.E0));
#271=LINE('',#270,#269);
#272=DIRECTION('',(-9.689177459678E-1,2.473831068378E-1,0.E0));
#273=VECTOR('',#272,6.458239628544E-2);
#274=CARTESIAN_POINT('',(-4.844062201619E-1,2.814638319299E-1,0.E0));
#275=LINE('',#274,#273);
#276=DIRECTION('',(-1.E0,0.E0,0.E0));
#277=VECTOR('',#276,1.4079375E-1);
#278=CARTESIAN_POINT('',(-5.4698125E-1,2.974404257700E-1,0.E0));
#279=LINE('',#278,#277);
#280=DIRECTION('',(-9.689177459678E-1,-2.473831068378E-1,0.E0));
#281=VECTOR('',#280,6.458239628544E-2);
#282=CARTESIAN_POINT('',(-6.87775E-1,2.974404257700E-1,0.E0));
#283=LINE('',#282,#281);
#284=DIRECTION('',(-8.265991871191E-1,-5.627910658975E-1,0.E0));
#285=VECTOR('',#284,5.677630795110E-2);
#286=CARTESIAN_POINT('',(-7.503500298381E-1,2.814638319299E-1,0.E0));
#287=LINE('',#286,#285);
#288=DIRECTION('',(-5.466221810895E-1,-8.373793591563E-1,0.E0));
#289=VECTOR('',#288,5.723783491470E-2);
#290=CARTESIAN_POINT('',(-7.972812798381E-1,2.495106330603E-1,0.E0));
#291=LINE('',#290,#289);
#292=DIRECTION('',(-2.377717803411E-1,-9.713210491251E-1,0.E0));
#293=VECTOR('',#292,6.579325694430E-2);
#294=CARTESIAN_POINT('',(-8.2856875E-1,2.015808515400E-1,0.E0));
#295=LINE('',#294,#293);
#296=DIRECTION('',(0.E0,-1.E0,0.E0));
#297=VECTOR('',#296,2.396489299804E-1);
#298=CARTESIAN_POINT('',(-8.442125298381E-1,1.376744761795E-1,0.E0));
#299=LINE('',#298,#297);
#300=DIRECTION('',(2.377717803411E-1,-9.713210491251E-1,0.E0));
#301=VECTOR('',#300,6.579325694430E-2);
#302=CARTESIAN_POINT('',(-8.442125298381E-1,-1.019744538009E-1,0.E0));
#303=LINE('',#302,#301);
#304=DIRECTION('',(5.466218231676E-1,-8.373795927994E-1,0.E0));
#305=VECTOR('',#304,5.723787239340E-2);
#306=CARTESIAN_POINT('',(-8.2856875E-1,-1.658808291614E-1,0.E0));
#307=LINE('',#306,#305);
#308=DIRECTION('',(8.265992787996E-1,-5.627909312417E-1,0.E0));
#309=VECTOR('',#308,5.677630165387E-2);
#310=CARTESIAN_POINT('',(-7.972812798381E-1,-2.138106554389E-1,0.E0));
#311=LINE('',#310,#309);
#312=DIRECTION('',(9.689177459678E-1,-2.473831068378E-1,0.E0));
#313=VECTOR('',#312,6.458239628544E-2);
#314=CARTESIAN_POINT('',(-7.503500298381E-1,-2.457638431191E-1,0.E0));
#315=LINE('',#314,#313);
#316=DIRECTION('',(1.E0,0.E0,0.E0));
#317=VECTOR('',#316,1.4079375E-1);
#318=CARTESIAN_POINT('',(-6.87775E-1,-2.617404369593E-1,0.E0));
#319=LINE('',#318,#317);
#320=DIRECTION('',(9.689177459678E-1,2.473831068378E-1,0.E0));
#321=VECTOR('',#320,6.458239628544E-2);
#322=CARTESIAN_POINT('',(-5.4698125E-1,-2.617404369593E-1,0.E0));
#323=LINE('',#322,#321);
#324=DIRECTION('',(8.265992787996E-1,5.627909312417E-1,0.E0));
#325=VECTOR('',#324,5.677630165387E-2);
#326=CARTESIAN_POINT('',(-4.844062201619E-1,-2.457638431191E-1,0.E0));
#327=LINE('',#326,#325);
#328=DIRECTION('',(3.102787334496E-1,9.506456267027E-1,0.E0));
#329=VECTOR('',#328,5.041818415947E-2);
#330=CARTESIAN_POINT('',(-4.374749701619E-1,-2.138106554389E-1,0.E0));
#331=LINE('',#330,#329);
#332=DIRECTION('',(1.E0,0.E0,0.E0));
#333=VECTOR('',#332,9.38625E-2);
#334=CARTESIAN_POINT('',(-4.218312798381E-1,-1.658808291614E-1,0.E0));
#335=LINE('',#334,#333);
#336=DIRECTION('',(-1.921820436730E-1,-9.813592930674E-1,0.E0));
#337=VECTOR('',#336,8.140037448268E-2);
#338=CARTESIAN_POINT('',(-3.279687798381E-1,-1.658808291614E-1,0.E0));
#339=LINE('',#338,#337);
#340=DIRECTION('',(-6.996250055017E-1,-7.145102180353E-1,0.E0));
#341=VECTOR('',#340,8.944081378740E-2);
#342=CARTESIAN_POINT('',(-3.436124701619E-1,-2.457638431191E-1,0.E0));
#343=LINE('',#342,#341);
#344=DIRECTION('',(-8.906053746977E-1,-4.547769415434E-1,0.E0));
#345=VECTOR('',#344,7.026123086145E-2);
#346=CARTESIAN_POINT('',(-4.061875E-1,-3.096702184796E-1,0.E0));
#347=LINE('',#346,#345);
#348=DIRECTION('',(-9.797706943097E-1,-2.001234283435E-1,0.E0));
#349=VECTOR('',#348,7.983370049359E-2);
#350=CARTESIAN_POINT('',(-4.687625298381E-1,-3.416234061599E-1,0.E0));
#351=LINE('',#350,#349);
#352=DIRECTION('',(-1.E0,0.E0,0.E0));
#353=VECTOR('',#352,1.4079375E-1);
#354=CARTESIAN_POINT('',(-5.4698125E-1,-3.576E-1,0.E0));
#355=LINE('',#354,#353);
#356=DIRECTION('',(-9.797706943097E-1,2.001234283435E-1,0.E0));
#357=VECTOR('',#356,7.983370049359E-2);
#358=CARTESIAN_POINT('',(-6.87775E-1,-3.576E-1,0.E0));
#359=LINE('',#358,#357);
#360=DIRECTION('',(-8.906053746977E-1,4.547769415434E-1,0.E0));
#361=VECTOR('',#360,7.026123086145E-2);
#362=CARTESIAN_POINT('',(-7.659937201619E-1,-3.416234061599E-1,0.E0));
#363=LINE('',#362,#361);
#364=DIRECTION('',(-6.996247500295E-1,7.145104681851E-1,0.E0));
#365=VECTOR('',#364,8.944078247420E-2);
#366=CARTESIAN_POINT('',(-8.2856875E-1,-3.096702184796E-1,0.E0));
#367=LINE('',#366,#365);
#368=DIRECTION('',(-4.397136649566E-1,8.981380143666E-1,0.E0));
#369=VECTOR('',#368,7.115429292407E-2);
#370=CARTESIAN_POINT('',(-8.911437350810E-1,-2.457638431191E-1,0.E0));
#371=LINE('',#370,#369);
#372=DIRECTION('',(-1.921825732045E-1,9.813591893677E-1,0.E0));
#373=VECTOR('',#372,8.140038308421E-2);
#374=CARTESIAN_POINT('',(-9.2243125E-1,-1.818574677587E-1,0.E0));
#375=LINE('',#374,#373);
#376=DIRECTION('',(0.E0,1.E0,0.E0));
#377=VECTOR('',#376,2.396489299804E-1);
#378=CARTESIAN_POINT('',(-9.380749850810E-1,-1.019744538009E-1,0.E0));
#379=LINE('',#378,#377);
#380=DIRECTION('',(1.921826769043E-1,9.813591690599E-1,0.E0));
#381=VECTOR('',#380,8.140033916139E-2);
#382=CARTESIAN_POINT('',(-9.380749850810E-1,1.376744761795E-1,0.E0));
#383=LINE('',#382,#381);
#384=DIRECTION('',(4.397136028534E-1,8.981380447713E-1,0.E0));
#385=VECTOR('',#384,7.115430297359E-2);
#386=CARTESIAN_POINT('',(-9.2243125E-1,2.175574453801E-1,0.E0));
#387=LINE('',#386,#385);
#388=DIRECTION('',(6.996247187608E-1,7.145104988025E-1,0.E0));
#389=VECTOR('',#388,8.944078647163E-2);
#390=CARTESIAN_POINT('',(-8.911437350810E-1,2.814638319299E-1,0.E0));
#391=LINE('',#390,#389);
#392=DIRECTION('',(8.906053505096E-1,4.547769889117E-1,0.E0));
#393=VECTOR('',#392,7.026123276969E-2);
#394=CARTESIAN_POINT('',(-8.2856875E-1,3.453702128850E-1,0.E0));
#395=LINE('',#394,#393);
#396=DIRECTION('',(9.797706908745E-1,2.001234451615E-1,0.E0));
#397=VECTOR('',#396,7.983370077349E-2);
#398=CARTESIAN_POINT('',(-7.659937201619E-1,3.773234047612E-1,0.E0));
#399=LINE('',#398,#397);
#400=DIRECTION('',(1.E0,0.E0,0.E0));
#401=VECTOR('',#400,1.4079375E-1);
#402=CARTESIAN_POINT('',(-6.87775E-1,3.933E-1,0.E0));
#403=LINE('',#402,#401);
#404=DIRECTION('',(9.797706908745E-1,-2.001234451615E-1,0.E0));
#405=VECTOR('',#404,7.983370077349E-2);
#406=CARTESIAN_POINT('',(-5.4698125E-1,3.933E-1,0.E0));
#407=LINE('',#406,#405);
#408=DIRECTION('',(8.906053505096E-1,-4.547769889117E-1,0.E0));
#409=VECTOR('',#408,7.026123276969E-2);
#410=CARTESIAN_POINT('',(-4.687625298381E-1,3.773234047612E-1,0.E0));
#411=LINE('',#410,#409);
#412=DIRECTION('',(6.996249742329E-1,-7.145102486526E-1,0.E0));
#413=VECTOR('',#412,8.944081778483E-2);
#414=CARTESIAN_POINT('',(-4.061875E-1,3.453702128850E-1,0.E0));
#415=LINE('',#414,#413);
#416=DIRECTION('',(1.921821214477E-1,-9.813592778365E-1,0.E0));
#417=VECTOR('',#416,8.140034154056E-2);
#418=CARTESIAN_POINT('',(-3.436124701619E-1,2.814638319299E-1,0.E0));
#419=LINE('',#418,#417);
#420=DIRECTION('',(-1.E0,0.E0,0.E0));
#421=VECTOR('',#420,4.693125E-1);
#422=CARTESIAN_POINT('',(3.603561903238E-1,2.974404257700E-1,0.E0));
#423=LINE('',#422,#421);
#424=DIRECTION('',(0.E0,-1.E0,0.E0));
#425=VECTOR('',#424,2.556255350098E-1);
#426=CARTESIAN_POINT('',(-1.089563096762E-1,2.974404257700E-1,0.E0));
#427=LINE('',#426,#425);
#428=DIRECTION('',(1.E0,0.E0,0.E0));
#429=VECTOR('',#428,4.067375596762E-1);
#430=CARTESIAN_POINT('',(-1.089563096762E-1,4.181489076018E-2,0.E0));
#431=LINE('',#430,#429);
#432=DIRECTION('',(0.E0,-1.E0,0.E0));
#433=VECTOR('',#432,9.585956304073E-2);
#434=CARTESIAN_POINT('',(2.9778125E-1,4.181489076018E-2,0.E0));
#435=LINE('',#434,#433);
#436=DIRECTION('',(-1.E0,0.E0,0.E0));
#437=VECTOR('',#436,4.067375596762E-1);
#438=CARTESIAN_POINT('',(2.9778125E-1,-5.404467228055E-2,0.E0));
#439=LINE('',#438,#437);
#440=DIRECTION('',(0.E0,-1.E0,0.E0));
#441=VECTOR('',#440,2.076957646787E-1);
#442=CARTESIAN_POINT('',(-1.089563096762E-1,-5.404467228055E-2,0.E0));
#443=LINE('',#442,#441);
#444=DIRECTION('',(1.E0,0.E0,0.E0));
#445=VECTOR('',#444,4.693125E-1);
#446=CARTESIAN_POINT('',(-1.089563096762E-1,-2.617404369593E-1,0.E0));
#447=LINE('',#446,#445);
#448=DIRECTION('',(0.E0,-1.E0,0.E0));
#449=VECTOR('',#448,9.585956304073E-2);
#450=CARTESIAN_POINT('',(3.603561903238E-1,-2.617404369593E-1,0.E0));
#451=LINE('',#450,#449);
#452=DIRECTION('',(-1.E0,0.E0,0.E0));
#453=VECTOR('',#452,5.631749104857E-1);
#454=CARTESIAN_POINT('',(3.603561903238E-1,-3.576E-1,0.E0));
#455=LINE('',#454,#453);
#456=DIRECTION('',(0.E0,1.E0,0.E0));
#457=VECTOR('',#456,7.509E-1);
#458=CARTESIAN_POINT('',(-2.028187201619E-1,-3.576E-1,0.E0));
#459=LINE('',#458,#457);
#460=DIRECTION('',(1.E0,0.E0,0.E0));
#461=VECTOR('',#460,5.631749104857E-1);
#462=CARTESIAN_POINT('',(-2.028187201619E-1,3.933E-1,0.E0));
#463=LINE('',#462,#461);
#464=DIRECTION('',(0.E0,-1.E0,0.E0));
#465=VECTOR('',#464,9.585957423002E-2);
#466=CARTESIAN_POINT('',(3.603561903238E-1,3.933E-1,0.E0));
#467=LINE('',#466,#465);
#468=DIRECTION('',(-1.E0,0.E0,0.E0));
#469=VECTOR('',#468,3.7545E-1);
#470=CARTESIAN_POINT('',(8.6095625E-1,-3.576E-1,0.E0));
#471=LINE('',#470,#469);
#472=DIRECTION('',(0.E0,1.E0,0.E0));
#473=VECTOR('',#472,7.509E-1);
#474=CARTESIAN_POINT('',(4.8550625E-1,-3.576E-1,0.E0));
#475=LINE('',#474,#473);
#476=DIRECTION('',(1.E0,0.E0,0.E0));
#477=VECTOR('',#476,3.7545E-1);
#478=CARTESIAN_POINT('',(4.8550625E-1,3.933E-1,0.E0));
#479=LINE('',#478,#477);
#480=DIRECTION('',(9.797707357802E-1,-2.001232253108E-1,0.E0));
#481=VECTOR('',#480,7.983378847694E-2);
#482=CARTESIAN_POINT('',(8.6095625E-1,3.933E-1,0.E0));
#483=LINE('',#482,#481);
#484=DIRECTION('',(8.906050870136E-1,-4.547775049247E-1,0.E0));
#485=VECTOR('',#484,7.026115304782E-2);
#486=CARTESIAN_POINT('',(9.391750596762E-1,3.773234047612E-1,0.E0));
#487=LINE('',#486,#485);
#488=DIRECTION('',(6.996244632883E-1,-7.145107489524E-1,0.E0));
#489=VECTOR('',#488,8.944075515845E-2);
#490=CARTESIAN_POINT('',(1.00175E0,3.453702128850E-1,0.E0));
#491=LINE('',#490,#489);
#492=DIRECTION('',(4.397141102494E-1,-8.981377963584E-1,0.E0));
#493=VECTOR('',#492,7.115432265392E-2);
#494=CARTESIAN_POINT('',(1.064324940324E0,2.814638319299E-1,0.E0));
#495=LINE('',#494,#493);
#496=DIRECTION('',(1.921821473726E-1,-9.813592727596E-1,0.E0));
#497=VECTOR('',#496,8.140033055986E-2);
#498=CARTESIAN_POINT('',(1.0956125E0,2.175574453801E-1,0.E0));
#499=LINE('',#498,#497);
#500=DIRECTION('',(0.E0,-1.E0,0.E0));
#501=VECTOR('',#500,2.396489299804E-1);
#502=CARTESIAN_POINT('',(1.111256190324E0,1.376744761795E-1,0.E0));
#503=LINE('',#502,#501);
#504=DIRECTION('',(-1.921820436730E-1,-9.813592930674E-1,0.E0));
#505=VECTOR('',#504,8.140037448268E-2);
#506=CARTESIAN_POINT('',(1.111256190324E0,-1.019744538009E-1,0.E0));
#507=LINE('',#506,#505);
#508=DIRECTION('',(-4.397141723527E-1,-8.981377659536E-1,0.E0));
#509=VECTOR('',#508,7.115431260441E-2);
#510=CARTESIAN_POINT('',(1.0956125E0,-1.818574677587E-1,0.E0));
#511=LINE('',#510,#509);
#512=DIRECTION('',(-6.996244945571E-1,-7.145107183351E-1,0.E0));
#513=VECTOR('',#512,8.944075116101E-2);
#514=CARTESIAN_POINT('',(1.064324940324E0,-2.457638431191E-1,0.E0));
#515=LINE('',#514,#513);
#516=DIRECTION('',(-8.906051112017E-1,-4.547774575564E-1,0.E0));
#517=VECTOR('',#516,7.026115113959E-2);
#518=CARTESIAN_POINT('',(1.00175E0,-3.096702184796E-1,0.E0));
#519=LINE('',#518,#517);
#520=DIRECTION('',(-9.797707392153E-1,-2.001232084928E-1,0.E0));
#521=VECTOR('',#520,7.983378819704E-2);
#522=CARTESIAN_POINT('',(9.391750596762E-1,-3.416234061599E-1,0.E0));
#523=LINE('',#522,#521);
#524=DIRECTION('',(1.E0,0.E0,0.E0));
#525=VECTOR('',#524,2.815875E-1);
#526=CARTESIAN_POINT('',(5.7936875E-1,-2.617404369593E-1,0.E0));
#527=LINE('',#526,#525);
#528=DIRECTION('',(9.689176611437E-1,2.473834390653E-1,0.E0));
#529=VECTOR('',#528,6.458230955349E-2);
#530=CARTESIAN_POINT('',(8.6095625E-1,-2.617404369593E-1,0.E0));
#531=LINE('',#530,#529);
#532=DIRECTION('',(8.265992787996E-1,5.627909312417E-1,0.E0));
#533=VECTOR('',#532,5.677630165387E-2);
#534=CARTESIAN_POINT('',(9.235311903238E-1,-2.457638431191E-1,0.E0));
#535=LINE('',#534,#533);
#536=DIRECTION('',(5.466229197794E-1,8.373788769559E-1,0.E0));
#537=VECTOR('',#536,5.723792132390E-2);
#538=CARTESIAN_POINT('',(9.704624403238E-1,-2.138106554389E-1,0.E0));
#539=LINE('',#538,#537);
#540=DIRECTION('',(2.377704967206E-1,9.713213633444E-1,0.E0));
#541=VECTOR('',#540,6.579323566039E-2);
#542=CARTESIAN_POINT('',(1.00175E0,-1.658808291614E-1,0.E0));
#543=LINE('',#542,#541);
#544=DIRECTION('',(0.E0,1.E0,0.E0));
#545=VECTOR('',#544,2.396489299804E-1);
#546=CARTESIAN_POINT('',(1.017393690324E0,-1.019744538009E-1,0.E0));
#547=LINE('',#546,#545);
#548=DIRECTION('',(-2.377704967206E-1,9.713213633444E-1,0.E0));
#549=VECTOR('',#548,6.579323566039E-2);
#550=CARTESIAN_POINT('',(1.017393690324E0,1.376744761795E-1,0.E0));
#551=LINE('',#550,#549);
#552=DIRECTION('',(-5.466232777014E-1,8.373786433120E-1,0.E0));
#553=VECTOR('',#552,5.723788384523E-2);
#554=CARTESIAN_POINT('',(1.00175E0,2.015808515400E-1,0.E0));
#555=LINE('',#554,#553);
#556=DIRECTION('',(-8.265991871191E-1,5.627910658975E-1,0.E0));
#557=VECTOR('',#556,5.677630795110E-2);
#558=CARTESIAN_POINT('',(9.704624403238E-1,2.495106330603E-1,0.E0));
#559=LINE('',#558,#557);
#560=DIRECTION('',(-9.689176611437E-1,2.473834390653E-1,0.E0));
#561=VECTOR('',#560,6.458230955349E-2);
#562=CARTESIAN_POINT('',(9.235311903238E-1,2.814638319299E-1,0.E0));
#563=LINE('',#562,#561);
#564=DIRECTION('',(-1.E0,0.E0,0.E0));
#565=VECTOR('',#564,2.815875E-1);
#566=CARTESIAN_POINT('',(8.6095625E-1,2.974404257700E-1,0.E0));
#567=LINE('',#566,#565);
#568=DIRECTION('',(0.E0,-1.E0,0.E0));
#569=VECTOR('',#568,5.591808627293E-1);
#570=CARTESIAN_POINT('',(5.7936875E-1,2.974404257700E-1,0.E0));
#571=LINE('',#570,#569);
#572=DIRECTION('',(-1.E0,0.E0,0.E0));
#573=VECTOR('',#572,1.251498806477E-1);
#574=CARTESIAN_POINT('',(1.61185625E0,-3.576E-1,0.E0));
#575=LINE('',#574,#573);
#576=DIRECTION('',(-3.162279017271E-1,9.486832528138E-1,0.E0));
#577=VECTOR('',#576,7.915181360827E-1);
#578=CARTESIAN_POINT('',(1.486706369352E0,-3.576E-1,0.E0));
#579=LINE('',#578,#577);
#580=DIRECTION('',(1.E0,0.E0,0.E0));
#581=VECTOR('',#580,9.38625E-2);
#582=CARTESIAN_POINT('',(1.23640625E0,3.933E-1,0.E0));
#583=LINE('',#582,#581);
#584=DIRECTION('',(3.102805670740E-1,-9.506450282288E-1,0.E0));
#585=VECTOR('',#584,2.016726988172E-1);
#586=CARTESIAN_POINT('',(1.33026875E0,3.933E-1,0.E0));
#587=LINE('',#586,#585);
#588=DIRECTION('',(1.E0,0.E0,0.E0));
#589=VECTOR('',#588,3.128748806477E-1);
#590=CARTESIAN_POINT('',(1.392843869352E0,2.015808515400E-1,0.E0));
#591=LINE('',#590,#589);
#592=DIRECTION('',(3.102805670740E-1,9.506450282288E-1,0.E0));
#593=VECTOR('',#592,2.016726988172E-1);
#594=CARTESIAN_POINT('',(1.70571875E0,2.015808515400E-1,0.E0));
#595=LINE('',#594,#593);
#596=DIRECTION('',(1.E0,0.E0,0.E0));
#597=VECTOR('',#596,9.38625E-2);
#598=CARTESIAN_POINT('',(1.768293869352E0,3.933E-1,0.E0));
#599=LINE('',#598,#597);
#600=DIRECTION('',(-3.162279017271E-1,-9.486832528138E-1,0.E0));
#601=VECTOR('',#600,7.915181360827E-1);
#602=CARTESIAN_POINT('',(1.862156369352E0,3.933E-1,0.E0));
#603=LINE('',#602,#601);
#604=DIRECTION('',(3.102800213276E-1,9.506452063546E-1,0.E0));
#605=VECTOR('',#604,4.537635049706E-1);
#606=CARTESIAN_POINT('',(1.549281130648E0,-2.936936246395E-1,0.E0));
#607=LINE('',#606,#605);
#608=DIRECTION('',(-1.E0,0.E0,0.E0));
#609=VECTOR('',#608,2.815875E-1);
#610=CARTESIAN_POINT('',(1.690074880648E0,1.376744761795E-1,0.E0));
#611=LINE('',#610,#609);
#612=DIRECTION('',(3.102800213276E-1,-9.506452063546E-1,0.E0));
#613=VECTOR('',#612,4.537635049706E-1);
#614=CARTESIAN_POINT('',(1.408487380648E0,1.376744761795E-1,0.E0));
#615=LINE('',#614,#613);
#616=DIRECTION('',(0.E0,0.E0,-1.E0));
#617=VECTOR('',#616,1.E0);
#618=CARTESIAN_POINT('',(-2.7E0,-2.65E0,1.E0));
#619=LINE('',#618,#617);
#620=DIRECTION('',(0.E0,0.E0,-1.E0));
#621=VECTOR('',#620,1.E0);
#622=CARTESIAN_POINT('',(-4.7E0,-2.65E0,1.E0));
#623=LINE('',#622,#621);
#624=DIRECTION('',(0.E0,0.E0,1.E0));
#625=VECTOR('',#624,1.E0);
#626=CARTESIAN_POINT('',(-2.7E0,-3.35E0,0.E0));
#627=LINE('',#626,#625);
#628=DIRECTION('',(0.E0,0.E0,1.E0));
#629=VECTOR('',#628,1.E0);
#630=CARTESIAN_POINT('',(2.7E0,-3.35E0,0.E0));
#631=LINE('',#630,#629);
#632=DIRECTION('',(0.E0,0.E0,1.E0));
#633=VECTOR('',#632,1.E0);
#634=CARTESIAN_POINT('',(-4.7E0,-3.35E0,0.E0));
#635=LINE('',#634,#633);
#636=DIRECTION('',(0.E0,0.E0,1.E0));
#637=VECTOR('',#636,1.E0);
#638=CARTESIAN_POINT('',(-5.8E0,-3.35E0,0.E0));
#639=LINE('',#638,#637);
#640=DIRECTION('',(0.E0,0.E0,1.E0));
#641=VECTOR('',#640,1.E0);
#642=CARTESIAN_POINT('',(4.7E0,-3.35E0,0.E0));
#643=LINE('',#642,#641);
#644=DIRECTION('',(0.E0,0.E0,1.E0));
#645=VECTOR('',#644,1.E0);
#646=CARTESIAN_POINT('',(5.8E0,-3.35E0,0.E0));
#647=LINE('',#646,#645);
#648=DIRECTION('',(0.E0,1.E0,0.E0));
#649=VECTOR('',#648,7.E-1);
#650=CARTESIAN_POINT('',(-2.7E0,-3.35E0,1.E0));
#651=LINE('',#650,#649);
#652=DIRECTION('',(-1.E0,0.E0,0.E0));
#653=VECTOR('',#652,2.E0);
#654=CARTESIAN_POINT('',(-2.7E0,-2.65E0,1.E0));
#655=LINE('',#654,#653);
#656=DIRECTION('',(0.E0,1.E0,0.E0));
#657=VECTOR('',#656,7.E-1);
#658=CARTESIAN_POINT('',(-4.7E0,-3.35E0,1.E0));
#659=LINE('',#658,#657);
#660=DIRECTION('',(1.E0,0.E0,0.E0));
#661=VECTOR('',#660,1.1E0);
#662=CARTESIAN_POINT('',(-5.8E0,-3.35E0,1.E0));
#663=LINE('',#662,#661);
#664=DIRECTION('',(0.E0,1.E0,0.E0));
#665=VECTOR('',#664,7.E-1);
#666=CARTESIAN_POINT('',(-5.8E0,-3.35E0,1.E0));
#667=LINE('',#666,#665);
#668=DIRECTION('',(1.E0,0.E0,0.E0));
#669=VECTOR('',#668,2.2E0);
#670=CARTESIAN_POINT('',(-8.E0,-2.65E0,1.E0));
#671=LINE('',#670,#669);
#672=DIRECTION('',(0.E0,-1.E0,0.E0));
#673=VECTOR('',#672,5.3E0);
#674=CARTESIAN_POINT('',(-8.E0,2.65E0,1.E0));
#675=LINE('',#674,#673);
#676=DIRECTION('',(1.E0,0.E0,0.E0));
#677=VECTOR('',#676,2.2E0);
#678=CARTESIAN_POINT('',(-8.E0,2.65E0,1.E0));
#679=LINE('',#678,#677);
#680=DIRECTION('',(0.E0,-1.E0,0.E0));
#681=VECTOR('',#680,7.E-1);
#682=CARTESIAN_POINT('',(-5.8E0,3.35E0,1.E0));
#683=LINE('',#682,#681);
#684=DIRECTION('',(-1.E0,0.E0,0.E0));
#685=VECTOR('',#684,1.1E0);
#686=CARTESIAN_POINT('',(-4.7E0,3.35E0,1.E0));
#687=LINE('',#686,#685);
#688=DIRECTION('',(0.E0,-1.E0,0.E0));
#689=VECTOR('',#688,7.E-1);
#690=CARTESIAN_POINT('',(-4.7E0,3.35E0,1.E0));
#691=LINE('',#690,#689);
#692=DIRECTION('',(1.E0,0.E0,0.E0));
#693=VECTOR('',#692,2.E0);
#694=CARTESIAN_POINT('',(-4.7E0,2.65E0,1.E0));
#695=LINE('',#694,#693);
#696=DIRECTION('',(0.E0,-1.E0,0.E0));
#697=VECTOR('',#696,7.E-1);
#698=CARTESIAN_POINT('',(-2.7E0,3.35E0,1.E0));
#699=LINE('',#698,#697);
#700=DIRECTION('',(-1.E0,0.E0,0.E0));
#701=VECTOR('',#700,5.4E0);
#702=CARTESIAN_POINT('',(2.7E0,3.35E0,1.E0));
#703=LINE('',#702,#701);
#704=DIRECTION('',(0.E0,-1.E0,0.E0));
#705=VECTOR('',#704,7.E-1);
#706=CARTESIAN_POINT('',(2.7E0,3.35E0,1.E0));
#707=LINE('',#706,#705);
#708=DIRECTION('',(1.E0,0.E0,0.E0));
#709=VECTOR('',#708,2.E0);
#710=CARTESIAN_POINT('',(2.7E0,2.65E0,1.E0));
#711=LINE('',#710,#709);
#712=DIRECTION('',(0.E0,-1.E0,0.E0));
#713=VECTOR('',#712,7.E-1);
#714=CARTESIAN_POINT('',(4.7E0,3.35E0,1.E0));
#715=LINE('',#714,#713);
#716=DIRECTION('',(-1.E0,0.E0,0.E0));
#717=VECTOR('',#716,1.1E0);
#718=CARTESIAN_POINT('',(5.8E0,3.35E0,1.E0));
#719=LINE('',#718,#717);
#720=DIRECTION('',(0.E0,-1.E0,0.E0));
#721=VECTOR('',#720,7.E-1);
#722=CARTESIAN_POINT('',(5.8E0,3.35E0,1.E0));
#723=LINE('',#722,#721);
#724=DIRECTION('',(-1.E0,0.E0,0.E0));
#725=VECTOR('',#724,2.2E0);
#726=CARTESIAN_POINT('',(8.E0,2.65E0,1.E0));
#727=LINE('',#726,#725);
#728=DIRECTION('',(0.E0,1.E0,0.E0));
#729=VECTOR('',#728,5.3E0);
#730=CARTESIAN_POINT('',(8.E0,-2.65E0,1.E0));
#731=LINE('',#730,#729);
#732=DIRECTION('',(-1.E0,0.E0,0.E0));
#733=VECTOR('',#732,2.2E0);
#734=CARTESIAN_POINT('',(8.E0,-2.65E0,1.E0));
#735=LINE('',#734,#733);
#736=DIRECTION('',(0.E0,1.E0,0.E0));
#737=VECTOR('',#736,7.E-1);
#738=CARTESIAN_POINT('',(5.8E0,-3.35E0,1.E0));
#739=LINE('',#738,#737);
#740=DIRECTION('',(1.E0,0.E0,0.E0));
#741=VECTOR('',#740,1.1E0);
#742=CARTESIAN_POINT('',(4.7E0,-3.35E0,1.E0));
#743=LINE('',#742,#741);
#744=DIRECTION('',(0.E0,1.E0,0.E0));
#745=VECTOR('',#744,7.E-1);
#746=CARTESIAN_POINT('',(4.7E0,-3.35E0,1.E0));
#747=LINE('',#746,#745);
#748=DIRECTION('',(-1.E0,0.E0,0.E0));
#749=VECTOR('',#748,2.E0);
#750=CARTESIAN_POINT('',(4.7E0,-2.65E0,1.E0));
#751=LINE('',#750,#749);
#752=DIRECTION('',(0.E0,1.E0,0.E0));
#753=VECTOR('',#752,7.E-1);
#754=CARTESIAN_POINT('',(2.7E0,-3.35E0,1.E0));
#755=LINE('',#754,#753);
#756=DIRECTION('',(1.E0,0.E0,0.E0));
#757=VECTOR('',#756,5.4E0);
#758=CARTESIAN_POINT('',(-2.7E0,-3.35E0,1.E0));
#759=LINE('',#758,#757);
#760=DIRECTION('',(1.E0,0.E0,0.E0));
#761=VECTOR('',#760,9.7423E0);
#762=CARTESIAN_POINT('',(-7.132059079497E0,-2.35E0,1.E0));
#763=LINE('',#762,#761);
#764=DIRECTION('',(0.E0,1.E0,0.E0));
#765=VECTOR('',#764,4.7E0);
#766=CARTESIAN_POINT('',(2.610240920503E0,-2.35E0,1.E0));
#767=LINE('',#766,#765);
#768=DIRECTION('',(-1.E0,0.E0,0.E0));
#769=VECTOR('',#768,9.7423E0);
#770=CARTESIAN_POINT('',(2.610240920503E0,2.35E0,1.E0));
#771=LINE('',#770,#769);
#772=DIRECTION('',(0.E0,-1.E0,0.E0));
#773=VECTOR('',#772,4.7E0);
#774=CARTESIAN_POINT('',(-7.132059079497E0,2.35E0,1.E0));
#775=LINE('',#774,#773);
#776=DIRECTION('',(0.E0,0.E0,-1.E0));
#777=VECTOR('',#776,1.E0);
#778=CARTESIAN_POINT('',(-5.8E0,-2.65E0,1.E0));
#779=LINE('',#778,#777);
#780=DIRECTION('',(0.E0,0.E0,1.E0));
#781=VECTOR('',#780,1.E0);
#782=CARTESIAN_POINT('',(-8.E0,2.65E0,0.E0));
#783=LINE('',#782,#781);
#784=DIRECTION('',(0.E0,0.E0,1.E0));
#785=VECTOR('',#784,1.E0);
#786=CARTESIAN_POINT('',(-8.E0,-2.65E0,0.E0));
#787=LINE('',#786,#785);
#788=DIRECTION('',(0.E0,0.E0,-1.E0));
#789=VECTOR('',#788,1.E0);
#790=CARTESIAN_POINT('',(-5.8E0,2.65E0,1.E0));
#791=LINE('',#790,#789);
#792=DIRECTION('',(0.E0,0.E0,1.E0));
#793=VECTOR('',#792,1.E0);
#794=CARTESIAN_POINT('',(-4.7E0,3.35E0,0.E0));
#795=LINE('',#794,#793);
#796=DIRECTION('',(0.E0,0.E0,1.E0));
#797=VECTOR('',#796,1.E0);
#798=CARTESIAN_POINT('',(-5.8E0,3.35E0,0.E0));
#799=LINE('',#798,#797);
#800=DIRECTION('',(0.E0,0.E0,1.E0));
#801=VECTOR('',#800,1.E0);
#802=CARTESIAN_POINT('',(-2.7E0,3.35E0,0.E0));
#803=LINE('',#802,#801);
#804=DIRECTION('',(0.E0,0.E0,1.E0));
#805=VECTOR('',#804,1.E0);
#806=CARTESIAN_POINT('',(2.7E0,3.35E0,0.E0));
#807=LINE('',#806,#805);
#808=DIRECTION('',(0.E0,0.E0,1.E0));
#809=VECTOR('',#808,1.E0);
#810=CARTESIAN_POINT('',(4.7E0,3.35E0,0.E0));
#811=LINE('',#810,#809);
#812=DIRECTION('',(0.E0,0.E0,1.E0));
#813=VECTOR('',#812,1.E0);
#814=CARTESIAN_POINT('',(5.8E0,3.35E0,0.E0));
#815=LINE('',#814,#813);
#816=DIRECTION('',(0.E0,0.E0,-1.E0));
#817=VECTOR('',#816,1.E0);
#818=CARTESIAN_POINT('',(-4.7E0,2.65E0,1.E0));
#819=LINE('',#818,#817);
#820=DIRECTION('',(0.E0,0.E0,-1.E0));
#821=VECTOR('',#820,1.E0);
#822=CARTESIAN_POINT('',(-2.7E0,2.65E0,1.E0));
#823=LINE('',#822,#821);
#824=DIRECTION('',(0.E0,0.E0,-1.E0));
#825=VECTOR('',#824,1.E0);
#826=CARTESIAN_POINT('',(2.7E0,2.65E0,1.E0));
#827=LINE('',#826,#825);
#828=DIRECTION('',(0.E0,0.E0,-1.E0));
#829=VECTOR('',#828,1.E0);
#830=CARTESIAN_POINT('',(4.7E0,2.65E0,1.E0));
#831=LINE('',#830,#829);
#832=DIRECTION('',(0.E0,0.E0,-1.E0));
#833=VECTOR('',#832,1.E0);
#834=CARTESIAN_POINT('',(5.8E0,2.65E0,1.E0));
#835=LINE('',#834,#833);
#836=DIRECTION('',(0.E0,0.E0,1.E0));
#837=VECTOR('',#836,1.E0);
#838=CARTESIAN_POINT('',(8.E0,2.65E0,0.E0));
#839=LINE('',#838,#837);
#840=DIRECTION('',(0.E0,0.E0,1.E0));
#841=VECTOR('',#840,1.E0);
#842=CARTESIAN_POINT('',(8.E0,-2.65E0,0.E0));
#843=LINE('',#842,#841);
#844=DIRECTION('',(0.E0,0.E0,-1.E0));
#845=VECTOR('',#844,1.E0);
#846=CARTESIAN_POINT('',(5.8E0,-2.65E0,1.E0));
#847=LINE('',#846,#845);
#848=DIRECTION('',(0.E0,0.E0,-1.E0));
#849=VECTOR('',#848,1.E0);
#850=CARTESIAN_POINT('',(4.7E0,-2.65E0,1.E0));
#851=LINE('',#850,#849);
#852=DIRECTION('',(0.E0,0.E0,-1.E0));
#853=VECTOR('',#852,1.E0);
#854=CARTESIAN_POINT('',(2.7E0,-2.65E0,1.E0));
#855=LINE('',#854,#853);
#856=DIRECTION('',(0.E0,0.E0,1.E0));
#857=VECTOR('',#856,4.8E0);
#858=CARTESIAN_POINT('',(-7.132059079497E0,-2.35E0,1.E0));
#859=LINE('',#858,#857);
#860=DIRECTION('',(0.E0,0.E0,1.E0));
#861=VECTOR('',#860,4.8E0);
#862=CARTESIAN_POINT('',(-7.132059079497E0,2.35E0,1.E0));
#863=LINE('',#862,#861);
#864=DIRECTION('',(0.E0,0.E0,1.E0));
#865=VECTOR('',#864,4.8E0);
#866=CARTESIAN_POINT('',(2.610240920503E0,2.35E0,1.E0));
#867=LINE('',#866,#865);
#868=DIRECTION('',(0.E0,0.E0,1.E0));
#869=VECTOR('',#868,4.8E0);
#870=CARTESIAN_POINT('',(2.610240920503E0,-2.35E0,1.E0));
#871=LINE('',#870,#869);
#872=DIRECTION('',(1.E0,0.E0,0.E0));
#873=VECTOR('',#872,9.7423E0);
#874=CARTESIAN_POINT('',(-7.132059079497E0,-2.35E0,5.8E0));
#875=LINE('',#874,#873);
#876=DIRECTION('',(0.E0,-1.E0,0.E0));
#877=VECTOR('',#876,4.7E0);
#878=CARTESIAN_POINT('',(-7.132059079497E0,2.35E0,5.8E0));
#879=LINE('',#878,#877);
#880=DIRECTION('',(-1.E0,0.E0,0.E0));
#881=VECTOR('',#880,9.7423E0);
#882=CARTESIAN_POINT('',(2.610240920503E0,2.35E0,5.8E0));
#883=LINE('',#882,#881);
#884=DIRECTION('',(0.E0,1.E0,0.E0));
#885=VECTOR('',#884,4.7E0);
#886=CARTESIAN_POINT('',(2.610240920503E0,-2.35E0,5.8E0));
#887=LINE('',#886,#885);
#888=DIRECTION('',(0.E0,-1.E0,0.E0));
#889=VECTOR('',#888,2.5E0);
#890=CARTESIAN_POINT('',(-3.5E0,1.25E0,5.8E0));
#891=LINE('',#890,#889);
#892=DIRECTION('',(1.E0,0.E0,0.E0));
#893=VECTOR('',#892,3.E0);
#894=CARTESIAN_POINT('',(-3.5E0,-1.25E0,5.8E0));
#895=LINE('',#894,#893);
#896=DIRECTION('',(0.E0,1.E0,0.E0));
#897=VECTOR('',#896,2.5E0);
#898=CARTESIAN_POINT('',(-5.E-1,-1.25E0,5.8E0));
#899=LINE('',#898,#897);
#900=DIRECTION('',(-1.E0,0.E0,0.E0));
#901=VECTOR('',#900,3.E0);
#902=CARTESIAN_POINT('',(-5.E-1,1.25E0,5.8E0));
#903=LINE('',#902,#901);
#904=DIRECTION('',(0.E0,-1.E0,0.E0));
#905=VECTOR('',#904,2.5E0);
#906=CARTESIAN_POINT('',(-3.5E0,1.25E0,1.434247392222E1));
#907=LINE('',#906,#905);
#908=DIRECTION('',(0.E0,0.E0,1.E0));
#909=VECTOR('',#908,8.542473922222E0);
#910=CARTESIAN_POINT('',(-3.5E0,1.25E0,5.8E0));
#911=LINE('',#910,#909);
#912=DIRECTION('',(6.427876096865E-1,0.E0,-7.660444431190E-1));
#913=VECTOR('',#912,4.667171480581E-1);
#914=CARTESIAN_POINT('',(-2.E0,1.25E0,1.47E1));
#915=LINE('',#914,#913);
#916=DIRECTION('',(6.427876096865E-1,0.E0,7.660444431190E-1));
#917=VECTOR('',#916,4.667171480581E-1);
#918=CARTESIAN_POINT('',(-2.3E0,1.25E0,1.434247392222E1));
#919=LINE('',#918,#917);
#920=DIRECTION('',(6.427876096865E-1,0.E0,-7.660444431190E-1));
#921=VECTOR('',#920,4.667171480581E-1);
#922=CARTESIAN_POINT('',(-2.6E0,1.25E0,1.47E1));
#923=LINE('',#922,#921);
#924=DIRECTION('',(6.427876096865E-1,0.E0,7.660444431190E-1));
#925=VECTOR('',#924,4.667171480581E-1);
#926=CARTESIAN_POINT('',(-2.9E0,1.25E0,1.434247392222E1));
#927=LINE('',#926,#925);
#928=DIRECTION('',(6.427876096865E-1,0.E0,-7.660444431190E-1));
#929=VECTOR('',#928,4.667171480581E-1);
#930=CARTESIAN_POINT('',(-3.2E0,1.25E0,1.47E1));
#931=LINE('',#930,#929);
#932=DIRECTION('',(6.427876096865E-1,0.E0,7.660444431190E-1));
#933=VECTOR('',#932,4.667171480581E-1);
#934=CARTESIAN_POINT('',(-3.5E0,1.25E0,1.434247392222E1));
#935=LINE('',#934,#933);
#936=DIRECTION('',(0.E0,0.E0,1.E0));
#937=VECTOR('',#936,8.542473922222E0);
#938=CARTESIAN_POINT('',(-5.E-1,1.25E0,5.8E0));
#939=LINE('',#938,#937);
#940=DIRECTION('',(6.427876096865E-1,0.E0,-7.660444431190E-1));
#941=VECTOR('',#940,4.667171480581E-1);
#942=CARTESIAN_POINT('',(-8.E-1,1.25E0,1.47E1));
#943=LINE('',#942,#941);
#944=DIRECTION('',(6.427876096865E-1,0.E0,7.660444431190E-1));
#945=VECTOR('',#944,4.667171480581E-1);
#946=CARTESIAN_POINT('',(-1.1E0,1.25E0,1.434247392222E1));
#947=LINE('',#946,#945);
#948=DIRECTION('',(6.427876096865E-1,0.E0,-7.660444431190E-1));
#949=VECTOR('',#948,4.667171480581E-1);
#950=CARTESIAN_POINT('',(-1.4E0,1.25E0,1.47E1));
#951=LINE('',#950,#949);
#952=DIRECTION('',(6.427876096865E-1,0.E0,7.660444431190E-1));
#953=VECTOR('',#952,4.667171480581E-1);
#954=CARTESIAN_POINT('',(-1.7E0,1.25E0,1.434247392222E1));
#955=LINE('',#954,#953);
#956=DIRECTION('',(0.E0,1.E0,0.E0));
#957=VECTOR('',#956,2.5E0);
#958=CARTESIAN_POINT('',(-2.E0,-1.25E0,1.47E1));
#959=LINE('',#958,#957);
#960=DIRECTION('',(6.427876096865E-1,0.E0,-7.660444431190E-1));
#961=VECTOR('',#960,4.667171480581E-1);
#962=CARTESIAN_POINT('',(-2.E0,-1.25E0,1.47E1));
#963=LINE('',#962,#961);
#964=DIRECTION('',(6.427876096865E-1,0.E0,7.660444431190E-1));
#965=VECTOR('',#964,4.667171480581E-1);
#966=CARTESIAN_POINT('',(-1.7E0,-1.25E0,1.434247392222E1));
#967=LINE('',#966,#965);
#968=DIRECTION('',(6.427876096865E-1,0.E0,-7.660444431190E-1));
#969=VECTOR('',#968,4.667171480581E-1);
#970=CARTESIAN_POINT('',(-1.4E0,-1.25E0,1.47E1));
#971=LINE('',#970,#969);
#972=DIRECTION('',(6.427876096865E-1,0.E0,7.660444431190E-1));
#973=VECTOR('',#972,4.667171480581E-1);
#974=CARTESIAN_POINT('',(-1.1E0,-1.25E0,1.434247392222E1));
#975=LINE('',#974,#973);
#976=DIRECTION('',(6.427876096865E-1,0.E0,-7.660444431190E-1));
#977=VECTOR('',#976,4.667171480581E-1);
#978=CARTESIAN_POINT('',(-8.E-1,-1.25E0,1.47E1));
#979=LINE('',#978,#977);
#980=DIRECTION('',(0.E0,0.E0,1.E0));
#981=VECTOR('',#980,8.542473922222E0);
#982=CARTESIAN_POINT('',(-3.5E0,-1.25E0,5.8E0));
#983=LINE('',#982,#981);
#984=DIRECTION('',(6.427876096865E-1,0.E0,7.660444431190E-1));
#985=VECTOR('',#984,4.667171480581E-1);
#986=CARTESIAN_POINT('',(-3.5E0,-1.25E0,1.434247392222E1));
#987=LINE('',#986,#985);
#988=DIRECTION('',(6.427876096865E-1,0.E0,-7.660444431190E-1));
#989=VECTOR('',#988,4.667171480581E-1);
#990=CARTESIAN_POINT('',(-3.2E0,-1.25E0,1.47E1));
#991=LINE('',#990,#989);
#992=DIRECTION('',(6.427876096865E-1,0.E0,7.660444431190E-1));
#993=VECTOR('',#992,4.667171480581E-1);
#994=CARTESIAN_POINT('',(-2.9E0,-1.25E0,1.434247392222E1));
#995=LINE('',#994,#993);
#996=DIRECTION('',(6.427876096865E-1,0.E0,-7.660444431190E-1));
#997=VECTOR('',#996,4.667171480581E-1);
#998=CARTESIAN_POINT('',(-2.6E0,-1.25E0,1.47E1));
#999=LINE('',#998,#997);
#1000=DIRECTION('',(6.427876096865E-1,0.E0,7.660444431190E-1));
#1001=VECTOR('',#1000,4.667171480581E-1);
#1002=CARTESIAN_POINT('',(-2.3E0,-1.25E0,1.434247392222E1));
#1003=LINE('',#1002,#1001);
#1004=DIRECTION('',(0.E0,1.E0,0.E0));
#1005=VECTOR('',#1004,2.5E0);
#1006=CARTESIAN_POINT('',(-1.7E0,-1.25E0,1.434247392222E1));
#1007=LINE('',#1006,#1005);
#1008=DIRECTION('',(0.E0,1.E0,0.E0));
#1009=VECTOR('',#1008,2.5E0);
#1010=CARTESIAN_POINT('',(-1.4E0,-1.25E0,1.47E1));
#1011=LINE('',#1010,#1009);
#1012=DIRECTION('',(0.E0,1.E0,0.E0));
#1013=VECTOR('',#1012,2.5E0);
#1014=CARTESIAN_POINT('',(-1.1E0,-1.25E0,1.434247392222E1));
#1015=LINE('',#1014,#1013);
#1016=DIRECTION('',(0.E0,1.E0,0.E0));
#1017=VECTOR('',#1016,2.5E0);
#1018=CARTESIAN_POINT('',(-8.E-1,-1.25E0,1.47E1));
#1019=LINE('',#1018,#1017);
#1020=DIRECTION('',(0.E0,1.E0,0.E0));
#1021=VECTOR('',#1020,2.5E0);
#1022=CARTESIAN_POINT('',(-5.E-1,-1.25E0,1.434247392222E1));
#1023=LINE('',#1022,#1021);
#1024=DIRECTION('',(0.E0,0.E0,1.E0));
#1025=VECTOR('',#1024,8.542473922222E0);
#1026=CARTESIAN_POINT('',(-5.E-1,-1.25E0,5.8E0));
#1027=LINE('',#1026,#1025);
#1028=DIRECTION('',(0.E0,1.E0,0.E0));
#1029=VECTOR('',#1028,2.5E0);
#1030=CARTESIAN_POINT('',(-3.2E0,-1.25E0,1.47E1));
#1031=LINE('',#1030,#1029);
#1032=DIRECTION('',(0.E0,1.E0,0.E0));
#1033=VECTOR('',#1032,2.5E0);
#1034=CARTESIAN_POINT('',(-2.9E0,-1.25E0,1.434247392222E1));
#1035=LINE('',#1034,#1033);
#1036=DIRECTION('',(0.E0,1.E0,0.E0));
#1037=VECTOR('',#1036,2.5E0);
#1038=CARTESIAN_POINT('',(-2.6E0,-1.25E0,1.47E1));
#1039=LINE('',#1038,#1037);
#1040=DIRECTION('',(0.E0,1.E0,0.E0));
#1041=VECTOR('',#1040,2.5E0);
#1042=CARTESIAN_POINT('',(-2.3E0,-1.25E0,1.434247392222E1));
#1043=LINE('',#1042,#1041);
#1044=CARTESIAN_POINT('',(-4.E0,1.05E0,-4.55E0));
#1045=DIRECTION('',(0.E0,-1.E0,0.E0));
#1046=DIRECTION('',(-1.E0,0.E0,0.E0));
#1047=AXIS2_PLACEMENT_3D('',#1044,#1045,#1046);
#1049=DIRECTION('',(1.E0,0.E0,0.E0));
#1050=VECTOR('',#1049,1.6E0);
#1051=CARTESIAN_POINT('',(-4.8E0,1.05E0,0.E0));
#1052=LINE('',#1051,#1050);
#1053=DIRECTION('',(0.E0,0.E0,-1.E0));
#1054=VECTOR('',#1053,6.E-1);
#1055=CARTESIAN_POINT('',(-3.2E0,1.05E0,0.E0));
#1056=LINE('',#1055,#1054);
#1057=DIRECTION('',(0.E0,0.E0,-1.E0));
#1058=VECTOR('',#1057,3.95E0);
#1059=CARTESIAN_POINT('',(-3.75E0,1.05E0,-6.E-1));
#1060=LINE('',#1059,#1058);
#1061=CARTESIAN_POINT('',(-4.E0,1.45E0,-4.55E0));
#1062=DIRECTION('',(0.E0,1.E0,0.E0));
#1063=DIRECTION('',(1.E0,0.E0,0.E0));
#1064=AXIS2_PLACEMENT_3D('',#1061,#1062,#1063);
#1066=DIRECTION('',(-1.E0,0.E0,0.E0));
#1067=VECTOR('',#1066,1.6E0);
#1068=CARTESIAN_POINT('',(-3.2E0,1.45E0,0.E0));
#1069=LINE('',#1068,#1067);
#1070=DIRECTION('',(0.E0,0.E0,-1.E0));
#1071=VECTOR('',#1070,6.E-1);
#1072=CARTESIAN_POINT('',(-4.8E0,1.45E0,0.E0));
#1073=LINE('',#1072,#1071);
#1074=DIRECTION('',(0.E0,0.E0,-1.E0));
#1075=VECTOR('',#1074,3.95E0);
#1076=CARTESIAN_POINT('',(-4.25E0,1.45E0,-6.E-1));
#1077=LINE('',#1076,#1075);
#1078=DIRECTION('',(0.E0,1.E0,0.E0));
#1079=VECTOR('',#1078,4.E-1);
#1080=CARTESIAN_POINT('',(-3.75E0,1.05E0,-4.55E0));
#1081=LINE('',#1080,#1079);
#1082=DIRECTION('',(0.E0,-1.E0,0.E0));
#1083=VECTOR('',#1082,4.E-1);
#1084=CARTESIAN_POINT('',(-3.75E0,1.45E0,-6.E-1));
#1085=LINE('',#1084,#1083);
#1086=DIRECTION('',(0.E0,0.E0,-1.E0));
#1087=VECTOR('',#1086,3.95E0);
#1088=CARTESIAN_POINT('',(-3.75E0,1.45E0,-6.E-1));
#1089=LINE('',#1088,#1087);
#1090=DIRECTION('',(1.E0,0.E0,0.E0));
#1091=VECTOR('',#1090,5.5E-1);
#1092=CARTESIAN_POINT('',(-4.8E0,1.45E0,-6.E-1));
#1093=LINE('',#1092,#1091);
#1094=DIRECTION('',(0.E0,1.E0,0.E0));
#1095=VECTOR('',#1094,4.E-1);
#1096=CARTESIAN_POINT('',(-4.8E0,1.05E0,-6.E-1));
#1097=LINE('',#1096,#1095);
#1098=DIRECTION('',(-1.E0,0.E0,0.E0));
#1099=VECTOR('',#1098,5.5E-1);
#1100=CARTESIAN_POINT('',(-4.25E0,1.05E0,-6.E-1));
#1101=LINE('',#1100,#1099);
#1102=DIRECTION('',(-1.E0,0.E0,0.E0));
#1103=VECTOR('',#1102,5.5E-1);
#1104=CARTESIAN_POINT('',(-3.2E0,1.05E0,-6.E-1));
#1105=LINE('',#1104,#1103);
#1106=DIRECTION('',(0.E0,-1.E0,0.E0));
#1107=VECTOR('',#1106,4.E-1);
#1108=CARTESIAN_POINT('',(-3.2E0,1.45E0,-6.E-1));
#1109=LINE('',#1108,#1107);
#1110=DIRECTION('',(1.E0,0.E0,0.E0));
#1111=VECTOR('',#1110,5.5E-1);
#1112=CARTESIAN_POINT('',(-3.75E0,1.45E0,-6.E-1));
#1113=LINE('',#1112,#1111);
#1114=DIRECTION('',(0.E0,1.E0,0.E0));
#1115=VECTOR('',#1114,4.E-1);
#1116=CARTESIAN_POINT('',(-4.25E0,1.05E0,-4.55E0));
#1117=LINE('',#1116,#1115);
#1118=DIRECTION('',(0.E0,1.E0,0.E0));
#1119=VECTOR('',#1118,4.E-1);
#1120=CARTESIAN_POINT('',(-4.25E0,1.05E0,-6.E-1));
#1121=LINE('',#1120,#1119);
#1122=DIRECTION('',(0.E0,0.E0,-1.E0));
#1123=VECTOR('',#1122,3.95E0);
#1124=CARTESIAN_POINT('',(-4.25E0,1.05E0,-6.E-1));
#1125=LINE('',#1124,#1123);
#1126=DIRECTION('',(0.E0,0.E0,-1.E0));
#1127=VECTOR('',#1126,6.E-1);
#1128=CARTESIAN_POINT('',(-4.8E0,1.05E0,0.E0));
#1129=LINE('',#1128,#1127);
#1130=DIRECTION('',(0.E0,0.E0,-1.E0));
#1131=VECTOR('',#1130,6.E-1);
#1132=CARTESIAN_POINT('',(-3.2E0,1.45E0,0.E0));
#1133=LINE('',#1132,#1131);
#1134=CARTESIAN_POINT('',(-2.E0,1.05E0,-4.55E0));
#1135=DIRECTION('',(0.E0,-1.E0,0.E0));
#1136=DIRECTION('',(-1.E0,0.E0,0.E0));
#1137=AXIS2_PLACEMENT_3D('',#1134,#1135,#1136);
#1139=DIRECTION('',(1.E0,0.E0,0.E0));
#1140=VECTOR('',#1139,1.6E0);
#1141=CARTESIAN_POINT('',(-2.8E0,1.05E0,0.E0));
#1142=LINE('',#1141,#1140);
#1143=DIRECTION('',(0.E0,0.E0,-1.E0));
#1144=VECTOR('',#1143,6.E-1);
#1145=CARTESIAN_POINT('',(-1.2E0,1.05E0,0.E0));
#1146=LINE('',#1145,#1144);
#1147=DIRECTION('',(0.E0,0.E0,-1.E0));
#1148=VECTOR('',#1147,3.95E0);
#1149=CARTESIAN_POINT('',(-1.75E0,1.05E0,-6.E-1));
#1150=LINE('',#1149,#1148);
#1151=CARTESIAN_POINT('',(-2.E0,1.45E0,-4.55E0));
#1152=DIRECTION('',(0.E0,1.E0,0.E0));
#1153=DIRECTION('',(1.E0,0.E0,0.E0));
#1154=AXIS2_PLACEMENT_3D('',#1151,#1152,#1153);
#1156=DIRECTION('',(-1.E0,0.E0,0.E0));
#1157=VECTOR('',#1156,1.6E0);
#1158=CARTESIAN_POINT('',(-1.2E0,1.45E0,0.E0));
#1159=LINE('',#1158,#1157);
#1160=DIRECTION('',(0.E0,0.E0,-1.E0));
#1161=VECTOR('',#1160,6.E-1);
#1162=CARTESIAN_POINT('',(-2.8E0,1.45E0,0.E0));
#1163=LINE('',#1162,#1161);
#1164=DIRECTION('',(0.E0,0.E0,-1.E0));
#1165=VECTOR('',#1164,3.95E0);
#1166=CARTESIAN_POINT('',(-2.25E0,1.45E0,-6.E-1));
#1167=LINE('',#1166,#1165);
#1168=DIRECTION('',(0.E0,1.E0,0.E0));
#1169=VECTOR('',#1168,4.E-1);
#1170=CARTESIAN_POINT('',(-1.75E0,1.05E0,-4.55E0));
#1171=LINE('',#1170,#1169);
#1172=DIRECTION('',(0.E0,-1.E0,0.E0));
#1173=VECTOR('',#1172,4.E-1);
#1174=CARTESIAN_POINT('',(-1.75E0,1.45E0,-6.E-1));
#1175=LINE('',#1174,#1173);
#1176=DIRECTION('',(0.E0,0.E0,-1.E0));
#1177=VECTOR('',#1176,3.95E0);
#1178=CARTESIAN_POINT('',(-1.75E0,1.45E0,-6.E-1));
#1179=LINE('',#1178,#1177);
#1180=DIRECTION('',(-1.E0,0.E0,0.E0));
#1181=VECTOR('',#1180,5.5E-1);
#1182=CARTESIAN_POINT('',(-1.2E0,1.05E0,-6.E-1));
#1183=LINE('',#1182,#1181);
#1184=DIRECTION('',(0.E0,-1.E0,0.E0));
#1185=VECTOR('',#1184,4.E-1);
#1186=CARTESIAN_POINT('',(-1.2E0,1.45E0,-6.E-1));
#1187=LINE('',#1186,#1185);
#1188=DIRECTION('',(1.E0,0.E0,0.E0));
#1189=VECTOR('',#1188,5.5E-1);
#1190=CARTESIAN_POINT('',(-1.75E0,1.45E0,-6.E-1));
#1191=LINE('',#1190,#1189);
#1192=DIRECTION('',(-1.E0,0.E0,0.E0));
#1193=VECTOR('',#1192,5.5E-1);
#1194=CARTESIAN_POINT('',(-2.25E0,1.05E0,-6.E-1));
#1195=LINE('',#1194,#1193);
#1196=DIRECTION('',(1.E0,0.E0,0.E0));
#1197=VECTOR('',#1196,5.5E-1);
#1198=CARTESIAN_POINT('',(-2.8E0,1.45E0,-6.E-1));
#1199=LINE('',#1198,#1197);
#1200=DIRECTION('',(0.E0,1.E0,0.E0));
#1201=VECTOR('',#1200,4.E-1);
#1202=CARTESIAN_POINT('',(-2.8E0,1.05E0,-6.E-1));
#1203=LINE('',#1202,#1201);
#1204=DIRECTION('',(0.E0,0.E0,-1.E0));
#1205=VECTOR('',#1204,6.E-1);
#1206=CARTESIAN_POINT('',(-1.2E0,1.45E0,0.E0));
#1207=LINE('',#1206,#1205);
#1208=DIRECTION('',(0.E0,1.E0,0.E0));
#1209=VECTOR('',#1208,4.E-1);
#1210=CARTESIAN_POINT('',(-2.25E0,1.05E0,-4.55E0));
#1211=LINE('',#1210,#1209);
#1212=DIRECTION('',(0.E0,1.E0,0.E0));
#1213=VECTOR('',#1212,4.E-1);
#1214=CARTESIAN_POINT('',(-2.25E0,1.05E0,-6.E-1));
#1215=LINE('',#1214,#1213);
#1216=DIRECTION('',(0.E0,0.E0,-1.E0));
#1217=VECTOR('',#1216,3.95E0);
#1218=CARTESIAN_POINT('',(-2.25E0,1.05E0,-6.E-1));
#1219=LINE('',#1218,#1217);
#1220=DIRECTION('',(0.E0,0.E0,-1.E0));
#1221=VECTOR('',#1220,6.E-1);
#1222=CARTESIAN_POINT('',(-2.8E0,1.05E0,0.E0));
#1223=LINE('',#1222,#1221);
#1224=CARTESIAN_POINT('',(0.E0,1.05E0,-4.55E0));
#1225=DIRECTION('',(0.E0,-1.E0,0.E0));
#1226=DIRECTION('',(-1.E0,0.E0,0.E0));
#1227=AXIS2_PLACEMENT_3D('',#1224,#1225,#1226);
#1229=DIRECTION('',(1.E0,0.E0,0.E0));
#1230=VECTOR('',#1229,1.6E0);
#1231=CARTESIAN_POINT('',(-8.E-1,1.05E0,0.E0));
#1232=LINE('',#1231,#1230);
#1233=DIRECTION('',(0.E0,0.E0,-1.E0));
#1234=VECTOR('',#1233,6.E-1);
#1235=CARTESIAN_POINT('',(8.E-1,1.05E0,0.E0));
#1236=LINE('',#1235,#1234);
#1237=DIRECTION('',(0.E0,0.E0,-1.E0));
#1238=VECTOR('',#1237,3.95E0);
#1239=CARTESIAN_POINT('',(2.5E-1,1.05E0,-6.E-1));
#1240=LINE('',#1239,#1238);
#1241=CARTESIAN_POINT('',(0.E0,1.45E0,-4.55E0));
#1242=DIRECTION('',(0.E0,1.E0,0.E0));
#1243=DIRECTION('',(1.E0,0.E0,0.E0));
#1244=AXIS2_PLACEMENT_3D('',#1241,#1242,#1243);
#1246=DIRECTION('',(-1.E0,0.E0,0.E0));
#1247=VECTOR('',#1246,1.6E0);
#1248=CARTESIAN_POINT('',(8.E-1,1.45E0,0.E0));
#1249=LINE('',#1248,#1247);
#1250=DIRECTION('',(0.E0,0.E0,-1.E0));
#1251=VECTOR('',#1250,6.E-1);
#1252=CARTESIAN_POINT('',(-8.E-1,1.45E0,0.E0));
#1253=LINE('',#1252,#1251);
#1254=DIRECTION('',(0.E0,0.E0,-1.E0));
#1255=VECTOR('',#1254,3.95E0);
#1256=CARTESIAN_POINT('',(-2.5E-1,1.45E0,-6.E-1));
#1257=LINE('',#1256,#1255);
#1258=DIRECTION('',(0.E0,1.E0,0.E0));
#1259=VECTOR('',#1258,4.E-1);
#1260=CARTESIAN_POINT('',(2.5E-1,1.05E0,-4.55E0));
#1261=LINE('',#1260,#1259);
#1262=DIRECTION('',(0.E0,-1.E0,0.E0));
#1263=VECTOR('',#1262,4.E-1);
#1264=CARTESIAN_POINT('',(2.5E-1,1.45E0,-6.E-1));
#1265=LINE('',#1264,#1263);
#1266=DIRECTION('',(0.E0,0.E0,-1.E0));
#1267=VECTOR('',#1266,3.95E0);
#1268=CARTESIAN_POINT('',(2.5E-1,1.45E0,-6.E-1));
#1269=LINE('',#1268,#1267);
#1270=DIRECTION('',(-1.E0,0.E0,0.E0));
#1271=VECTOR('',#1270,5.5E-1);
#1272=CARTESIAN_POINT('',(8.E-1,1.05E0,-6.E-1));
#1273=LINE('',#1272,#1271);
#1274=DIRECTION('',(0.E0,-1.E0,0.E0));
#1275=VECTOR('',#1274,4.E-1);
#1276=CARTESIAN_POINT('',(8.E-1,1.45E0,-6.E-1));
#1277=LINE('',#1276,#1275);
#1278=DIRECTION('',(1.E0,0.E0,0.E0));
#1279=VECTOR('',#1278,5.5E-1);
#1280=CARTESIAN_POINT('',(2.5E-1,1.45E0,-6.E-1));
#1281=LINE('',#1280,#1279);
#1282=DIRECTION('',(-1.E0,0.E0,0.E0));
#1283=VECTOR('',#1282,5.5E-1);
#1284=CARTESIAN_POINT('',(-2.5E-1,1.05E0,-6.E-1));
#1285=LINE('',#1284,#1283);
#1286=DIRECTION('',(1.E0,0.E0,0.E0));
#1287=VECTOR('',#1286,5.5E-1);
#1288=CARTESIAN_POINT('',(-8.E-1,1.45E0,-6.E-1));
#1289=LINE('',#1288,#1287);
#1290=DIRECTION('',(0.E0,1.E0,0.E0));
#1291=VECTOR('',#1290,4.E-1);
#1292=CARTESIAN_POINT('',(-8.E-1,1.05E0,-6.E-1));
#1293=LINE('',#1292,#1291);
#1294=DIRECTION('',(0.E0,0.E0,-1.E0));
#1295=VECTOR('',#1294,6.E-1);
#1296=CARTESIAN_POINT('',(8.E-1,1.45E0,0.E0));
#1297=LINE('',#1296,#1295);
#1298=DIRECTION('',(0.E0,1.E0,0.E0));
#1299=VECTOR('',#1298,4.E-1);
#1300=CARTESIAN_POINT('',(-2.5E-1,1.05E0,-4.55E0));
#1301=LINE('',#1300,#1299);
#1302=DIRECTION('',(0.E0,1.E0,0.E0));
#1303=VECTOR('',#1302,4.E-1);
#1304=CARTESIAN_POINT('',(-2.5E-1,1.05E0,-6.E-1));
#1305=LINE('',#1304,#1303);
#1306=DIRECTION('',(0.E0,0.E0,-1.E0));
#1307=VECTOR('',#1306,3.95E0);
#1308=CARTESIAN_POINT('',(-2.5E-1,1.05E0,-6.E-1));
#1309=LINE('',#1308,#1307);
#1310=DIRECTION('',(0.E0,0.E0,-1.E0));
#1311=VECTOR('',#1310,6.E-1);
#1312=CARTESIAN_POINT('',(-8.E-1,1.05E0,0.E0));
#1313=LINE('',#1312,#1311);
#1314=DIRECTION('',(1.E0,0.E0,0.E0));
#1315=VECTOR('',#1314,1.6E0);
#1316=CARTESIAN_POINT('',(1.2E0,1.05E0,0.E0));
#1317=LINE('',#1316,#1315);
#1318=DIRECTION('',(0.E0,0.E0,-1.E0));
#1319=VECTOR('',#1318,6.E-1);
#1320=CARTESIAN_POINT('',(2.8E0,1.05E0,0.E0));
#1321=LINE('',#1320,#1319);
#1322=DIRECTION('',(1.E0,0.E0,0.E0));
#1323=VECTOR('',#1322,1.6E0);
#1324=CARTESIAN_POINT('',(1.2E0,-1.45E0,-6.E-1));
#1325=LINE('',#1324,#1323);
#1326=DIRECTION('',(0.E0,-1.E0,0.E0));
#1327=VECTOR('',#1326,4.E-1);
#1328=CARTESIAN_POINT('',(2.8E0,-1.05E0,-6.E-1));
#1329=LINE('',#1328,#1327);
#1330=DIRECTION('',(-1.E0,0.E0,0.E0));
#1331=VECTOR('',#1330,1.6E0);
#1332=CARTESIAN_POINT('',(2.8E0,-1.05E0,-6.E-1));
#1333=LINE('',#1332,#1331);
#1334=DIRECTION('',(0.E0,1.E0,0.E0));
#1335=VECTOR('',#1334,4.E-1);
#1336=CARTESIAN_POINT('',(1.2E0,-1.45E0,-6.E-1));
#1337=LINE('',#1336,#1335);
#1338=DIRECTION('',(1.E0,0.E0,0.E0));
#1339=VECTOR('',#1338,1.6E0);
#1340=CARTESIAN_POINT('',(1.2E0,1.05E0,-6.E-1));
#1341=LINE('',#1340,#1339);
#1342=DIRECTION('',(0.E0,-1.E0,0.E0));
#1343=VECTOR('',#1342,4.E-1);
#1344=CARTESIAN_POINT('',(2.8E0,1.45E0,-6.E-1));
#1345=LINE('',#1344,#1343);
#1346=DIRECTION('',(-1.E0,0.E0,0.E0));
#1347=VECTOR('',#1346,1.6E0);
#1348=CARTESIAN_POINT('',(2.8E0,1.45E0,-6.E-1));
#1349=LINE('',#1348,#1347);
#1350=DIRECTION('',(0.E0,1.E0,0.E0));
#1351=VECTOR('',#1350,4.E-1);
#1352=CARTESIAN_POINT('',(1.2E0,1.05E0,-6.E-1));
#1353=LINE('',#1352,#1351);
#1354=DIRECTION('',(1.E0,0.E0,0.E0));
#1355=VECTOR('',#1354,1.6E0);
#1356=CARTESIAN_POINT('',(1.2E0,-1.45E0,0.E0));
#1357=LINE('',#1356,#1355);
#1358=DIRECTION('',(0.E0,0.E0,-1.E0));
#1359=VECTOR('',#1358,6.E-1);
#1360=CARTESIAN_POINT('',(2.8E0,-1.45E0,0.E0));
#1361=LINE('',#1360,#1359);
#1362=DIRECTION('',(0.E0,0.E0,-1.E0));
#1363=VECTOR('',#1362,6.E-1);
#1364=CARTESIAN_POINT('',(1.2E0,-1.45E0,0.E0));
#1365=LINE('',#1364,#1363);
#1366=DIRECTION('',(-1.E0,0.E0,0.E0));
#1367=VECTOR('',#1366,1.6E0);
#1368=CARTESIAN_POINT('',(2.8E0,-1.05E0,0.E0));
#1369=LINE('',#1368,#1367);
#1370=DIRECTION('',(0.E0,0.E0,-1.E0));
#1371=VECTOR('',#1370,6.E-1);
#1372=CARTESIAN_POINT('',(1.2E0,-1.05E0,0.E0));
#1373=LINE('',#1372,#1371);
#1374=DIRECTION('',(0.E0,0.E0,-1.E0));
#1375=VECTOR('',#1374,6.E-1);
#1376=CARTESIAN_POINT('',(2.8E0,-1.05E0,0.E0));
#1377=LINE('',#1376,#1375);
#1378=DIRECTION('',(0.E0,0.E0,-1.E0));
#1379=VECTOR('',#1378,6.E-1);
#1380=CARTESIAN_POINT('',(2.8E0,1.45E0,0.E0));
#1381=LINE('',#1380,#1379);
#1382=DIRECTION('',(-1.E0,0.E0,0.E0));
#1383=VECTOR('',#1382,1.6E0);
#1384=CARTESIAN_POINT('',(2.8E0,1.45E0,0.E0));
#1385=LINE('',#1384,#1383);
#1386=DIRECTION('',(0.E0,0.E0,-1.E0));
#1387=VECTOR('',#1386,6.E-1);
#1388=CARTESIAN_POINT('',(1.2E0,1.45E0,0.E0));
#1389=LINE('',#1388,#1387);
#1390=DIRECTION('',(0.E0,0.E0,-1.E0));
#1391=VECTOR('',#1390,6.E-1);
#1392=CARTESIAN_POINT('',(1.2E0,1.05E0,0.E0));
#1393=LINE('',#1392,#1391);
#1394=CARTESIAN_POINT('',(4.E0,1.05E0,-4.55E0));
#1395=DIRECTION('',(0.E0,-1.E0,0.E0));
#1396=DIRECTION('',(-1.E0,0.E0,0.E0));
#1397=AXIS2_PLACEMENT_3D('',#1394,#1395,#1396);
#1399=DIRECTION('',(1.E0,0.E0,0.E0));
#1400=VECTOR('',#1399,1.6E0);
#1401=CARTESIAN_POINT('',(3.2E0,1.05E0,0.E0));
#1402=LINE('',#1401,#1400);
#1403=DIRECTION('',(0.E0,0.E0,-1.E0));
#1404=VECTOR('',#1403,6.E-1);
#1405=CARTESIAN_POINT('',(4.8E0,1.05E0,0.E0));
#1406=LINE('',#1405,#1404);
#1407=DIRECTION('',(0.E0,0.E0,-1.E0));
#1408=VECTOR('',#1407,3.95E0);
#1409=CARTESIAN_POINT('',(4.25E0,1.05E0,-6.E-1));
#1410=LINE('',#1409,#1408);
#1411=CARTESIAN_POINT('',(4.E0,1.45E0,-4.55E0));
#1412=DIRECTION('',(0.E0,1.E0,0.E0));
#1413=DIRECTION('',(1.E0,0.E0,0.E0));
#1414=AXIS2_PLACEMENT_3D('',#1411,#1412,#1413);
#1416=DIRECTION('',(-1.E0,0.E0,0.E0));
#1417=VECTOR('',#1416,1.6E0);
#1418=CARTESIAN_POINT('',(4.8E0,1.45E0,0.E0));
#1419=LINE('',#1418,#1417);
#1420=DIRECTION('',(0.E0,0.E0,-1.E0));
#1421=VECTOR('',#1420,6.E-1);
#1422=CARTESIAN_POINT('',(3.2E0,1.45E0,0.E0));
#1423=LINE('',#1422,#1421);
#1424=DIRECTION('',(0.E0,0.E0,-1.E0));
#1425=VECTOR('',#1424,3.95E0);
#1426=CARTESIAN_POINT('',(3.75E0,1.45E0,-6.E-1));
#1427=LINE('',#1426,#1425);
#1428=DIRECTION('',(0.E0,1.E0,0.E0));
#1429=VECTOR('',#1428,4.E-1);
#1430=CARTESIAN_POINT('',(4.25E0,1.05E0,-4.55E0));
#1431=LINE('',#1430,#1429);
#1432=DIRECTION('',(0.E0,-1.E0,0.E0));
#1433=VECTOR('',#1432,4.E-1);
#1434=CARTESIAN_POINT('',(4.25E0,1.45E0,-6.E-1));
#1435=LINE('',#1434,#1433);
#1436=DIRECTION('',(0.E0,0.E0,-1.E0));
#1437=VECTOR('',#1436,3.95E0);
#1438=CARTESIAN_POINT('',(4.25E0,1.45E0,-6.E-1));
#1439=LINE('',#1438,#1437);
#1440=DIRECTION('',(-1.E0,0.E0,0.E0));
#1441=VECTOR('',#1440,5.5E-1);
#1442=CARTESIAN_POINT('',(4.8E0,1.05E0,-6.E-1));
#1443=LINE('',#1442,#1441);
#1444=DIRECTION('',(0.E0,-1.E0,0.E0));
#1445=VECTOR('',#1444,4.E-1);
#1446=CARTESIAN_POINT('',(4.8E0,1.45E0,-6.E-1));
#1447=LINE('',#1446,#1445);
#1448=DIRECTION('',(1.E0,0.E0,0.E0));
#1449=VECTOR('',#1448,5.5E-1);
#1450=CARTESIAN_POINT('',(4.25E0,1.45E0,-6.E-1));
#1451=LINE('',#1450,#1449);
#1452=DIRECTION('',(-1.E0,0.E0,0.E0));
#1453=VECTOR('',#1452,5.5E-1);
#1454=CARTESIAN_POINT('',(3.75E0,1.05E0,-6.E-1));
#1455=LINE('',#1454,#1453);
#1456=DIRECTION('',(1.E0,0.E0,0.E0));
#1457=VECTOR('',#1456,5.5E-1);
#1458=CARTESIAN_POINT('',(3.2E0,1.45E0,-6.E-1));
#1459=LINE('',#1458,#1457);
#1460=DIRECTION('',(0.E0,1.E0,0.E0));
#1461=VECTOR('',#1460,4.E-1);
#1462=CARTESIAN_POINT('',(3.2E0,1.05E0,-6.E-1));
#1463=LINE('',#1462,#1461);
#1464=DIRECTION('',(0.E0,0.E0,-1.E0));
#1465=VECTOR('',#1464,6.E-1);
#1466=CARTESIAN_POINT('',(4.8E0,1.45E0,0.E0));
#1467=LINE('',#1466,#1465);
#1468=DIRECTION('',(0.E0,1.E0,0.E0));
#1469=VECTOR('',#1468,4.E-1);
#1470=CARTESIAN_POINT('',(3.75E0,1.05E0,-4.55E0));
#1471=LINE('',#1470,#1469);
#1472=DIRECTION('',(0.E0,1.E0,0.E0));
#1473=VECTOR('',#1472,4.E-1);
#1474=CARTESIAN_POINT('',(3.75E0,1.05E0,-6.E-1));
#1475=LINE('',#1474,#1473);
#1476=DIRECTION('',(0.E0,0.E0,-1.E0));
#1477=VECTOR('',#1476,3.95E0);
#1478=CARTESIAN_POINT('',(3.75E0,1.05E0,-6.E-1));
#1479=LINE('',#1478,#1477);
#1480=DIRECTION('',(0.E0,0.E0,-1.E0));
#1481=VECTOR('',#1480,6.E-1);
#1482=CARTESIAN_POINT('',(3.2E0,1.05E0,0.E0));
#1483=LINE('',#1482,#1481);
#1484=CARTESIAN_POINT('',(-4.E0,-1.45E0,-4.55E0));
#1485=DIRECTION('',(0.E0,-1.E0,0.E0));
#1486=DIRECTION('',(-1.E0,0.E0,0.E0));
#1487=AXIS2_PLACEMENT_3D('',#1484,#1485,#1486);
#1489=DIRECTION('',(1.E0,0.E0,0.E0));
#1490=VECTOR('',#1489,1.6E0);
#1491=CARTESIAN_POINT('',(-4.8E0,-1.45E0,0.E0));
#1492=LINE('',#1491,#1490);
#1493=DIRECTION('',(0.E0,0.E0,-1.E0));
#1494=VECTOR('',#1493,6.E-1);
#1495=CARTESIAN_POINT('',(-3.2E0,-1.45E0,0.E0));
#1496=LINE('',#1495,#1494);
#1497=DIRECTION('',(0.E0,0.E0,-1.E0));
#1498=VECTOR('',#1497,3.95E0);
#1499=CARTESIAN_POINT('',(-3.75E0,-1.45E0,-6.E-1));
#1500=LINE('',#1499,#1498);
#1501=CARTESIAN_POINT('',(-4.E0,-1.05E0,-4.55E0));
#1502=DIRECTION('',(0.E0,1.E0,0.E0));
#1503=DIRECTION('',(1.E0,0.E0,0.E0));
#1504=AXIS2_PLACEMENT_3D('',#1501,#1502,#1503);
#1506=DIRECTION('',(-1.E0,0.E0,0.E0));
#1507=VECTOR('',#1506,1.6E0);
#1508=CARTESIAN_POINT('',(-3.2E0,-1.05E0,0.E0));
#1509=LINE('',#1508,#1507);
#1510=DIRECTION('',(0.E0,0.E0,-1.E0));
#1511=VECTOR('',#1510,6.E-1);
#1512=CARTESIAN_POINT('',(-4.8E0,-1.05E0,0.E0));
#1513=LINE('',#1512,#1511);
#1514=DIRECTION('',(0.E0,0.E0,-1.E0));
#1515=VECTOR('',#1514,3.95E0);
#1516=CARTESIAN_POINT('',(-4.25E0,-1.05E0,-6.E-1));
#1517=LINE('',#1516,#1515);
#1518=DIRECTION('',(0.E0,1.E0,0.E0));
#1519=VECTOR('',#1518,4.E-1);
#1520=CARTESIAN_POINT('',(-3.75E0,-1.45E0,-4.55E0));
#1521=LINE('',#1520,#1519);
#1522=DIRECTION('',(0.E0,-1.E0,0.E0));
#1523=VECTOR('',#1522,4.E-1);
#1524=CARTESIAN_POINT('',(-3.75E0,-1.05E0,-6.E-1));
#1525=LINE('',#1524,#1523);
#1526=DIRECTION('',(0.E0,0.E0,-1.E0));
#1527=VECTOR('',#1526,3.95E0);
#1528=CARTESIAN_POINT('',(-3.75E0,-1.05E0,-6.E-1));
#1529=LINE('',#1528,#1527);
#1530=DIRECTION('',(-1.E0,0.E0,0.E0));
#1531=VECTOR('',#1530,5.5E-1);
#1532=CARTESIAN_POINT('',(-3.2E0,-1.45E0,-6.E-1));
#1533=LINE('',#1532,#1531);
#1534=DIRECTION('',(0.E0,-1.E0,0.E0));
#1535=VECTOR('',#1534,4.E-1);
#1536=CARTESIAN_POINT('',(-3.2E0,-1.05E0,-6.E-1));
#1537=LINE('',#1536,#1535);
#1538=DIRECTION('',(1.E0,0.E0,0.E0));
#1539=VECTOR('',#1538,5.5E-1);
#1540=CARTESIAN_POINT('',(-3.75E0,-1.05E0,-6.E-1));
#1541=LINE('',#1540,#1539);
#1542=DIRECTION('',(-1.E0,0.E0,0.E0));
#1543=VECTOR('',#1542,5.5E-1);
#1544=CARTESIAN_POINT('',(-4.25E0,-1.45E0,-6.E-1));
#1545=LINE('',#1544,#1543);
#1546=DIRECTION('',(1.E0,0.E0,0.E0));
#1547=VECTOR('',#1546,5.5E-1);
#1548=CARTESIAN_POINT('',(-4.8E0,-1.05E0,-6.E-1));
#1549=LINE('',#1548,#1547);
#1550=DIRECTION('',(0.E0,1.E0,0.E0));
#1551=VECTOR('',#1550,4.E-1);
#1552=CARTESIAN_POINT('',(-4.8E0,-1.45E0,-6.E-1));
#1553=LINE('',#1552,#1551);
#1554=DIRECTION('',(0.E0,0.E0,-1.E0));
#1555=VECTOR('',#1554,6.E-1);
#1556=CARTESIAN_POINT('',(-3.2E0,-1.05E0,0.E0));
#1557=LINE('',#1556,#1555);
#1558=DIRECTION('',(0.E0,1.E0,0.E0));
#1559=VECTOR('',#1558,4.E-1);
#1560=CARTESIAN_POINT('',(-4.25E0,-1.45E0,-4.55E0));
#1561=LINE('',#1560,#1559);
#1562=DIRECTION('',(0.E0,1.E0,0.E0));
#1563=VECTOR('',#1562,4.E-1);
#1564=CARTESIAN_POINT('',(-4.25E0,-1.45E0,-6.E-1));
#1565=LINE('',#1564,#1563);
#1566=DIRECTION('',(0.E0,0.E0,-1.E0));
#1567=VECTOR('',#1566,3.95E0);
#1568=CARTESIAN_POINT('',(-4.25E0,-1.45E0,-6.E-1));
#1569=LINE('',#1568,#1567);
#1570=DIRECTION('',(0.E0,0.E0,-1.E0));
#1571=VECTOR('',#1570,6.E-1);
#1572=CARTESIAN_POINT('',(-4.8E0,-1.45E0,0.E0));
#1573=LINE('',#1572,#1571);
#1574=CARTESIAN_POINT('',(-2.E0,-1.45E0,-4.55E0));
#1575=DIRECTION('',(0.E0,-1.E0,0.E0));
#1576=DIRECTION('',(-1.E0,0.E0,0.E0));
#1577=AXIS2_PLACEMENT_3D('',#1574,#1575,#1576);
#1579=DIRECTION('',(1.E0,0.E0,0.E0));
#1580=VECTOR('',#1579,1.6E0);
#1581=CARTESIAN_POINT('',(-2.8E0,-1.45E0,0.E0));
#1582=LINE('',#1581,#1580);
#1583=DIRECTION('',(0.E0,0.E0,-1.E0));
#1584=VECTOR('',#1583,6.E-1);
#1585=CARTESIAN_POINT('',(-1.2E0,-1.45E0,0.E0));
#1586=LINE('',#1585,#1584);
#1587=DIRECTION('',(0.E0,0.E0,-1.E0));
#1588=VECTOR('',#1587,3.95E0);
#1589=CARTESIAN_POINT('',(-1.75E0,-1.45E0,-6.E-1));
#1590=LINE('',#1589,#1588);
#1591=CARTESIAN_POINT('',(-2.E0,-1.05E0,-4.55E0));
#1592=DIRECTION('',(0.E0,1.E0,0.E0));
#1593=DIRECTION('',(1.E0,0.E0,0.E0));
#1594=AXIS2_PLACEMENT_3D('',#1591,#1592,#1593);
#1596=DIRECTION('',(-1.E0,0.E0,0.E0));
#1597=VECTOR('',#1596,1.6E0);
#1598=CARTESIAN_POINT('',(-1.2E0,-1.05E0,0.E0));
#1599=LINE('',#1598,#1597);
#1600=DIRECTION('',(0.E0,0.E0,-1.E0));
#1601=VECTOR('',#1600,6.E-1);
#1602=CARTESIAN_POINT('',(-2.8E0,-1.05E0,0.E0));
#1603=LINE('',#1602,#1601);
#1604=DIRECTION('',(0.E0,0.E0,-1.E0));
#1605=VECTOR('',#1604,3.95E0);
#1606=CARTESIAN_POINT('',(-2.25E0,-1.05E0,-6.E-1));
#1607=LINE('',#1606,#1605);
#1608=DIRECTION('',(0.E0,1.E0,0.E0));
#1609=VECTOR('',#1608,4.E-1);
#1610=CARTESIAN_POINT('',(-1.75E0,-1.45E0,-4.55E0));
#1611=LINE('',#1610,#1609);
#1612=DIRECTION('',(0.E0,-1.E0,0.E0));
#1613=VECTOR('',#1612,4.E-1);
#1614=CARTESIAN_POINT('',(-1.75E0,-1.05E0,-6.E-1));
#1615=LINE('',#1614,#1613);
#1616=DIRECTION('',(0.E0,0.E0,-1.E0));
#1617=VECTOR('',#1616,3.95E0);
#1618=CARTESIAN_POINT('',(-1.75E0,-1.05E0,-6.E-1));
#1619=LINE('',#1618,#1617);
#1620=DIRECTION('',(-1.E0,0.E0,0.E0));
#1621=VECTOR('',#1620,5.5E-1);
#1622=CARTESIAN_POINT('',(-1.2E0,-1.45E0,-6.E-1));
#1623=LINE('',#1622,#1621);
#1624=DIRECTION('',(0.E0,-1.E0,0.E0));
#1625=VECTOR('',#1624,4.E-1);
#1626=CARTESIAN_POINT('',(-1.2E0,-1.05E0,-6.E-1));
#1627=LINE('',#1626,#1625);
#1628=DIRECTION('',(1.E0,0.E0,0.E0));
#1629=VECTOR('',#1628,5.5E-1);
#1630=CARTESIAN_POINT('',(-1.75E0,-1.05E0,-6.E-1));
#1631=LINE('',#1630,#1629);
#1632=DIRECTION('',(-1.E0,0.E0,0.E0));
#1633=VECTOR('',#1632,5.5E-1);
#1634=CARTESIAN_POINT('',(-2.25E0,-1.45E0,-6.E-1));
#1635=LINE('',#1634,#1633);
#1636=DIRECTION('',(1.E0,0.E0,0.E0));
#1637=VECTOR('',#1636,5.5E-1);
#1638=CARTESIAN_POINT('',(-2.8E0,-1.05E0,-6.E-1));
#1639=LINE('',#1638,#1637);
#1640=DIRECTION('',(0.E0,1.E0,0.E0));
#1641=VECTOR('',#1640,4.E-1);
#1642=CARTESIAN_POINT('',(-2.8E0,-1.45E0,-6.E-1));
#1643=LINE('',#1642,#1641);
#1644=DIRECTION('',(0.E0,0.E0,-1.E0));
#1645=VECTOR('',#1644,6.E-1);
#1646=CARTESIAN_POINT('',(-1.2E0,-1.05E0,0.E0));
#1647=LINE('',#1646,#1645);
#1648=DIRECTION('',(0.E0,1.E0,0.E0));
#1649=VECTOR('',#1648,4.E-1);
#1650=CARTESIAN_POINT('',(-2.25E0,-1.45E0,-4.55E0));
#1651=LINE('',#1650,#1649);
#1652=DIRECTION('',(0.E0,1.E0,0.E0));
#1653=VECTOR('',#1652,4.E-1);
#1654=CARTESIAN_POINT('',(-2.25E0,-1.45E0,-6.E-1));
#1655=LINE('',#1654,#1653);
#1656=DIRECTION('',(0.E0,0.E0,-1.E0));
#1657=VECTOR('',#1656,3.95E0);
#1658=CARTESIAN_POINT('',(-2.25E0,-1.45E0,-6.E-1));
#1659=LINE('',#1658,#1657);
#1660=DIRECTION('',(0.E0,0.E0,-1.E0));
#1661=VECTOR('',#1660,6.E-1);
#1662=CARTESIAN_POINT('',(-2.8E0,-1.45E0,0.E0));
#1663=LINE('',#1662,#1661);
#1664=CARTESIAN_POINT('',(0.E0,-1.45E0,-4.55E0));
#1665=DIRECTION('',(0.E0,-1.E0,0.E0));
#1666=DIRECTION('',(-1.E0,0.E0,0.E0));
#1667=AXIS2_PLACEMENT_3D('',#1664,#1665,#1666);
#1669=DIRECTION('',(1.E0,0.E0,0.E0));
#1670=VECTOR('',#1669,1.6E0);
#1671=CARTESIAN_POINT('',(-8.E-1,-1.45E0,0.E0));
#1672=LINE('',#1671,#1670);
#1673=DIRECTION('',(0.E0,0.E0,-1.E0));
#1674=VECTOR('',#1673,6.E-1);
#1675=CARTESIAN_POINT('',(8.E-1,-1.45E0,0.E0));
#1676=LINE('',#1675,#1674);
#1677=DIRECTION('',(0.E0,0.E0,-1.E0));
#1678=VECTOR('',#1677,3.95E0);
#1679=CARTESIAN_POINT('',(2.5E-1,-1.45E0,-6.E-1));
#1680=LINE('',#1679,#1678);
#1681=CARTESIAN_POINT('',(0.E0,-1.05E0,-4.55E0));
#1682=DIRECTION('',(0.E0,1.E0,0.E0));
#1683=DIRECTION('',(1.E0,0.E0,0.E0));
#1684=AXIS2_PLACEMENT_3D('',#1681,#1682,#1683);
#1686=DIRECTION('',(-1.E0,0.E0,0.E0));
#1687=VECTOR('',#1686,1.6E0);
#1688=CARTESIAN_POINT('',(8.E-1,-1.05E0,0.E0));
#1689=LINE('',#1688,#1687);
#1690=DIRECTION('',(0.E0,0.E0,-1.E0));
#1691=VECTOR('',#1690,6.E-1);
#1692=CARTESIAN_POINT('',(-8.E-1,-1.05E0,0.E0));
#1693=LINE('',#1692,#1691);
#1694=DIRECTION('',(0.E0,0.E0,-1.E0));
#1695=VECTOR('',#1694,3.95E0);
#1696=CARTESIAN_POINT('',(-2.5E-1,-1.05E0,-6.E-1));
#1697=LINE('',#1696,#1695);
#1698=DIRECTION('',(0.E0,1.E0,0.E0));
#1699=VECTOR('',#1698,4.E-1);
#1700=CARTESIAN_POINT('',(2.5E-1,-1.45E0,-4.55E0));
#1701=LINE('',#1700,#1699);
#1702=DIRECTION('',(0.E0,-1.E0,0.E0));
#1703=VECTOR('',#1702,4.E-1);
#1704=CARTESIAN_POINT('',(2.5E-1,-1.05E0,-6.E-1));
#1705=LINE('',#1704,#1703);
#1706=DIRECTION('',(0.E0,0.E0,-1.E0));
#1707=VECTOR('',#1706,3.95E0);
#1708=CARTESIAN_POINT('',(2.5E-1,-1.05E0,-6.E-1));
#1709=LINE('',#1708,#1707);
#1710=DIRECTION('',(-1.E0,0.E0,0.E0));
#1711=VECTOR('',#1710,5.5E-1);
#1712=CARTESIAN_POINT('',(8.E-1,-1.45E0,-6.E-1));
#1713=LINE('',#1712,#1711);
#1714=DIRECTION('',(0.E0,-1.E0,0.E0));
#1715=VECTOR('',#1714,4.E-1);
#1716=CARTESIAN_POINT('',(8.E-1,-1.05E0,-6.E-1));
#1717=LINE('',#1716,#1715);
#1718=DIRECTION('',(1.E0,0.E0,0.E0));
#1719=VECTOR('',#1718,5.5E-1);
#1720=CARTESIAN_POINT('',(2.5E-1,-1.05E0,-6.E-1));
#1721=LINE('',#1720,#1719);
#1722=DIRECTION('',(-1.E0,0.E0,0.E0));
#1723=VECTOR('',#1722,5.5E-1);
#1724=CARTESIAN_POINT('',(-2.5E-1,-1.45E0,-6.E-1));
#1725=LINE('',#1724,#1723);
#1726=DIRECTION('',(1.E0,0.E0,0.E0));
#1727=VECTOR('',#1726,5.5E-1);
#1728=CARTESIAN_POINT('',(-8.E-1,-1.05E0,-6.E-1));
#1729=LINE('',#1728,#1727);
#1730=DIRECTION('',(0.E0,1.E0,0.E0));
#1731=VECTOR('',#1730,4.E-1);
#1732=CARTESIAN_POINT('',(-8.E-1,-1.45E0,-6.E-1));
#1733=LINE('',#1732,#1731);
#1734=DIRECTION('',(0.E0,0.E0,-1.E0));
#1735=VECTOR('',#1734,6.E-1);
#1736=CARTESIAN_POINT('',(8.E-1,-1.05E0,0.E0));
#1737=LINE('',#1736,#1735);
#1738=DIRECTION('',(0.E0,1.E0,0.E0));
#1739=VECTOR('',#1738,4.E-1);
#1740=CARTESIAN_POINT('',(-2.5E-1,-1.45E0,-4.55E0));
#1741=LINE('',#1740,#1739);
#1742=DIRECTION('',(0.E0,1.E0,0.E0));
#1743=VECTOR('',#1742,4.E-1);
#1744=CARTESIAN_POINT('',(-2.5E-1,-1.45E0,-6.E-1));
#1745=LINE('',#1744,#1743);
#1746=DIRECTION('',(0.E0,0.E0,-1.E0));
#1747=VECTOR('',#1746,3.95E0);
#1748=CARTESIAN_POINT('',(-2.5E-1,-1.45E0,-6.E-1));
#1749=LINE('',#1748,#1747);
#1750=DIRECTION('',(0.E0,0.E0,-1.E0));
#1751=VECTOR('',#1750,6.E-1);
#1752=CARTESIAN_POINT('',(-8.E-1,-1.45E0,0.E0));
#1753=LINE('',#1752,#1751);
#1754=CARTESIAN_POINT('',(4.E0,-1.45E0,-4.55E0));
#1755=DIRECTION('',(0.E0,-1.E0,0.E0));
#1756=DIRECTION('',(-1.E0,0.E0,0.E0));
#1757=AXIS2_PLACEMENT_3D('',#1754,#1755,#1756);
#1759=DIRECTION('',(1.E0,0.E0,0.E0));
#1760=VECTOR('',#1759,1.6E0);
#1761=CARTESIAN_POINT('',(3.2E0,-1.45E0,0.E0));
#1762=LINE('',#1761,#1760);
#1763=DIRECTION('',(0.E0,0.E0,-1.E0));
#1764=VECTOR('',#1763,6.E-1);
#1765=CARTESIAN_POINT('',(4.8E0,-1.45E0,0.E0));
#1766=LINE('',#1765,#1764);
#1767=DIRECTION('',(0.E0,0.E0,-1.E0));
#1768=VECTOR('',#1767,3.95E0);
#1769=CARTESIAN_POINT('',(4.25E0,-1.45E0,-6.E-1));
#1770=LINE('',#1769,#1768);
#1771=CARTESIAN_POINT('',(4.E0,-1.05E0,-4.55E0));
#1772=DIRECTION('',(0.E0,1.E0,0.E0));
#1773=DIRECTION('',(1.E0,0.E0,0.E0));
#1774=AXIS2_PLACEMENT_3D('',#1771,#1772,#1773);
#1776=DIRECTION('',(-1.E0,0.E0,0.E0));
#1777=VECTOR('',#1776,1.6E0);
#1778=CARTESIAN_POINT('',(4.8E0,-1.05E0,0.E0));
#1779=LINE('',#1778,#1777);
#1780=DIRECTION('',(0.E0,0.E0,-1.E0));
#1781=VECTOR('',#1780,6.E-1);
#1782=CARTESIAN_POINT('',(3.2E0,-1.05E0,0.E0));
#1783=LINE('',#1782,#1781);
#1784=DIRECTION('',(0.E0,0.E0,-1.E0));
#1785=VECTOR('',#1784,3.95E0);
#1786=CARTESIAN_POINT('',(3.75E0,-1.05E0,-6.E-1));
#1787=LINE('',#1786,#1785);
#1788=DIRECTION('',(0.E0,1.E0,0.E0));
#1789=VECTOR('',#1788,4.E-1);
#1790=CARTESIAN_POINT('',(4.25E0,-1.45E0,-4.55E0));
#1791=LINE('',#1790,#1789);
#1792=DIRECTION('',(0.E0,-1.E0,0.E0));
#1793=VECTOR('',#1792,4.E-1);
#1794=CARTESIAN_POINT('',(4.25E0,-1.05E0,-6.E-1));
#1795=LINE('',#1794,#1793);
#1796=DIRECTION('',(0.E0,0.E0,-1.E0));
#1797=VECTOR('',#1796,3.95E0);
#1798=CARTESIAN_POINT('',(4.25E0,-1.05E0,-6.E-1));
#1799=LINE('',#1798,#1797);
#1800=DIRECTION('',(-1.E0,0.E0,0.E0));
#1801=VECTOR('',#1800,5.5E-1);
#1802=CARTESIAN_POINT('',(4.8E0,-1.45E0,-6.E-1));
#1803=LINE('',#1802,#1801);
#1804=DIRECTION('',(0.E0,-1.E0,0.E0));
#1805=VECTOR('',#1804,4.E-1);
#1806=CARTESIAN_POINT('',(4.8E0,-1.05E0,-6.E-1));
#1807=LINE('',#1806,#1805);
#1808=DIRECTION('',(1.E0,0.E0,0.E0));
#1809=VECTOR('',#1808,5.5E-1);
#1810=CARTESIAN_POINT('',(4.25E0,-1.05E0,-6.E-1));
#1811=LINE('',#1810,#1809);
#1812=DIRECTION('',(-1.E0,0.E0,0.E0));
#1813=VECTOR('',#1812,5.5E-1);
#1814=CARTESIAN_POINT('',(3.75E0,-1.45E0,-6.E-1));
#1815=LINE('',#1814,#1813);
#1816=DIRECTION('',(1.E0,0.E0,0.E0));
#1817=VECTOR('',#1816,5.5E-1);
#1818=CARTESIAN_POINT('',(3.2E0,-1.05E0,-6.E-1));
#1819=LINE('',#1818,#1817);
#1820=DIRECTION('',(0.E0,1.E0,0.E0));
#1821=VECTOR('',#1820,4.E-1);
#1822=CARTESIAN_POINT('',(3.2E0,-1.45E0,-6.E-1));
#1823=LINE('',#1822,#1821);
#1824=DIRECTION('',(0.E0,0.E0,-1.E0));
#1825=VECTOR('',#1824,6.E-1);
#1826=CARTESIAN_POINT('',(4.8E0,-1.05E0,0.E0));
#1827=LINE('',#1826,#1825);
#1828=DIRECTION('',(0.E0,1.E0,0.E0));
#1829=VECTOR('',#1828,4.E-1);
#1830=CARTESIAN_POINT('',(3.75E0,-1.45E0,-4.55E0));
#1831=LINE('',#1830,#1829);
#1832=DIRECTION('',(0.E0,1.E0,0.E0));
#1833=VECTOR('',#1832,4.E-1);
#1834=CARTESIAN_POINT('',(3.75E0,-1.45E0,-6.E-1));
#1835=LINE('',#1834,#1833);
#1836=DIRECTION('',(0.E0,0.E0,-1.E0));
#1837=VECTOR('',#1836,3.95E0);
#1838=CARTESIAN_POINT('',(3.75E0,-1.45E0,-6.E-1));
#1839=LINE('',#1838,#1837);
#1840=DIRECTION('',(0.E0,0.E0,-1.E0));
#1841=VECTOR('',#1840,6.E-1);
#1842=CARTESIAN_POINT('',(3.2E0,-1.45E0,0.E0));
#1843=LINE('',#1842,#1841);
#1844=DIRECTION('',(0.E0,0.E0,-1.E0));
#1845=VECTOR('',#1844,1.E-2);
#1846=CARTESIAN_POINT('',(-1.6264E0,-3.576E-1,0.E0));
#1847=LINE('',#1846,#1845);
#1848=DIRECTION('',(0.E0,0.E0,-1.E0));
#1849=VECTOR('',#1848,1.E-2);
#1850=CARTESIAN_POINT('',(-1.5325375E0,-3.576E-1,0.E0));
#1851=LINE('',#1850,#1849);
#1852=DIRECTION('',(0.E0,0.E0,-1.E0));
#1853=VECTOR('',#1852,1.E-2);
#1854=CARTESIAN_POINT('',(-1.5325375E0,2.974404257700E-1,0.E0));
#1855=LINE('',#1854,#1853);
#1856=DIRECTION('',(0.E0,0.E0,-1.E0));
#1857=VECTOR('',#1856,1.E-2);
#1858=CARTESIAN_POINT('',(-1.063225E0,2.974404257700E-1,0.E0));
#1859=LINE('',#1858,#1857);
#1860=DIRECTION('',(0.E0,0.E0,-1.E0));
#1861=VECTOR('',#1860,1.E-2);
#1862=CARTESIAN_POINT('',(-1.063225E0,3.933E-1,0.E0));
#1863=LINE('',#1862,#1861);
#1864=DIRECTION('',(0.E0,0.E0,-1.E0));
#1865=VECTOR('',#1864,1.E-2);
#1866=CARTESIAN_POINT('',(-1.6264E0,3.933E-1,0.E0));
#1867=LINE('',#1866,#1865);
#1868=DIRECTION('',(0.E0,1.E0,0.E0));
#1869=VECTOR('',#1868,7.509E-1);
#1870=CARTESIAN_POINT('',(-1.6264E0,-3.576E-1,-1.E-2));
#1871=LINE('',#1870,#1869);
#1872=DIRECTION('',(-1.E0,0.E0,0.E0));
#1873=VECTOR('',#1872,9.38625E-2);
#1874=CARTESIAN_POINT('',(-1.5325375E0,-3.576E-1,-1.E-2));
#1875=LINE('',#1874,#1873);
#1876=DIRECTION('',(0.E0,-1.E0,0.E0));
#1877=VECTOR('',#1876,6.550404257700E-1);
#1878=CARTESIAN_POINT('',(-1.5325375E0,2.974404257700E-1,-1.E-2));
#1879=LINE('',#1878,#1877);
#1880=DIRECTION('',(-1.E0,0.E0,0.E0));
#1881=VECTOR('',#1880,4.693125E-1);
#1882=CARTESIAN_POINT('',(-1.063225E0,2.974404257700E-1,-1.E-2));
#1883=LINE('',#1882,#1881);
#1884=DIRECTION('',(0.E0,-1.E0,0.E0));
#1885=VECTOR('',#1884,9.585957423002E-2);
#1886=CARTESIAN_POINT('',(-1.063225E0,3.933E-1,-1.E-2));
#1887=LINE('',#1886,#1885);
#1888=DIRECTION('',(1.E0,0.E0,0.E0));
#1889=VECTOR('',#1888,5.63175E-1);
#1890=CARTESIAN_POINT('',(-1.6264E0,3.933E-1,-1.E-2));
#1891=LINE('',#1890,#1889);
#1892=DIRECTION('',(-1.E0,0.E0,0.E0));
#1893=VECTOR('',#1892,9.38625E-2);
#1894=CARTESIAN_POINT('',(-3.279687798381E-1,2.015808515400E-1,-1.E-2));
#1895=LINE('',#1894,#1893);
#1896=DIRECTION('',(1.921821214477E-1,-9.813592778365E-1,0.E0));
#1897=VECTOR('',#1896,8.140034154056E-2);
#1898=CARTESIAN_POINT('',(-3.436124701619E-1,2.814638319299E-1,-1.E-2));
#1899=LINE('',#1898,#1897);
#1900=DIRECTION('',(6.996249742329E-1,-7.145102486526E-1,0.E0));
#1901=VECTOR('',#1900,8.944081778483E-2);
#1902=CARTESIAN_POINT('',(-4.061875E-1,3.453702128850E-1,-1.E-2));
#1903=LINE('',#1902,#1901);
#1904=DIRECTION('',(8.906053505096E-1,-4.547769889117E-1,0.E0));
#1905=VECTOR('',#1904,7.026123276969E-2);
#1906=CARTESIAN_POINT('',(-4.687625298381E-1,3.773234047612E-1,-1.E-2));
#1907=LINE('',#1906,#1905);
#1908=DIRECTION('',(9.797706908745E-1,-2.001234451615E-1,0.E0));
#1909=VECTOR('',#1908,7.983370077349E-2);
#1910=CARTESIAN_POINT('',(-5.4698125E-1,3.933E-1,-1.E-2));
#1911=LINE('',#1910,#1909);
#1912=DIRECTION('',(1.E0,0.E0,0.E0));
#1913=VECTOR('',#1912,1.4079375E-1);
#1914=CARTESIAN_POINT('',(-6.87775E-1,3.933E-1,-1.E-2));
#1915=LINE('',#1914,#1913);
#1916=DIRECTION('',(9.797706908745E-1,2.001234451615E-1,0.E0));
#1917=VECTOR('',#1916,7.983370077349E-2);
#1918=CARTESIAN_POINT('',(-7.659937201619E-1,3.773234047612E-1,-1.E-2));
#1919=LINE('',#1918,#1917);
#1920=DIRECTION('',(8.906053505096E-1,4.547769889117E-1,0.E0));
#1921=VECTOR('',#1920,7.026123276969E-2);
#1922=CARTESIAN_POINT('',(-8.2856875E-1,3.453702128850E-1,-1.E-2));
#1923=LINE('',#1922,#1921);
#1924=DIRECTION('',(6.996247187608E-1,7.145104988025E-1,0.E0));
#1925=VECTOR('',#1924,8.944078647163E-2);
#1926=CARTESIAN_POINT('',(-8.911437350810E-1,2.814638319299E-1,-1.E-2));
#1927=LINE('',#1926,#1925);
#1928=DIRECTION('',(4.397136028534E-1,8.981380447713E-1,0.E0));
#1929=VECTOR('',#1928,7.115430297359E-2);
#1930=CARTESIAN_POINT('',(-9.2243125E-1,2.175574453801E-1,-1.E-2));
#1931=LINE('',#1930,#1929);
#1932=DIRECTION('',(1.921826769043E-1,9.813591690599E-1,0.E0));
#1933=VECTOR('',#1932,8.140033916139E-2);
#1934=CARTESIAN_POINT('',(-9.380749850810E-1,1.376744761795E-1,-1.E-2));
#1935=LINE('',#1934,#1933);
#1936=DIRECTION('',(0.E0,1.E0,0.E0));
#1937=VECTOR('',#1936,2.396489299804E-1);
#1938=CARTESIAN_POINT('',(-9.380749850810E-1,-1.019744538009E-1,-1.E-2));
#1939=LINE('',#1938,#1937);
#1940=DIRECTION('',(-1.921825732045E-1,9.813591893677E-1,0.E0));
#1941=VECTOR('',#1940,8.140038308421E-2);
#1942=CARTESIAN_POINT('',(-9.2243125E-1,-1.818574677587E-1,-1.E-2));
#1943=LINE('',#1942,#1941);
#1944=DIRECTION('',(-4.397136649566E-1,8.981380143666E-1,0.E0));
#1945=VECTOR('',#1944,7.115429292407E-2);
#1946=CARTESIAN_POINT('',(-8.911437350810E-1,-2.457638431191E-1,-1.E-2));
#1947=LINE('',#1946,#1945);
#1948=DIRECTION('',(-6.996247500295E-1,7.145104681851E-1,0.E0));
#1949=VECTOR('',#1948,8.944078247420E-2);
#1950=CARTESIAN_POINT('',(-8.2856875E-1,-3.096702184796E-1,-1.E-2));
#1951=LINE('',#1950,#1949);
#1952=DIRECTION('',(-8.906053746977E-1,4.547769415434E-1,0.E0));
#1953=VECTOR('',#1952,7.026123086145E-2);
#1954=CARTESIAN_POINT('',(-7.659937201619E-1,-3.416234061599E-1,-1.E-2));
#1955=LINE('',#1954,#1953);
#1956=DIRECTION('',(-9.797706943097E-1,2.001234283435E-1,0.E0));
#1957=VECTOR('',#1956,7.983370049359E-2);
#1958=CARTESIAN_POINT('',(-6.87775E-1,-3.576E-1,-1.E-2));
#1959=LINE('',#1958,#1957);
#1960=DIRECTION('',(-1.E0,0.E0,0.E0));
#1961=VECTOR('',#1960,1.4079375E-1);
#1962=CARTESIAN_POINT('',(-5.4698125E-1,-3.576E-1,-1.E-2));
#1963=LINE('',#1962,#1961);
#1964=DIRECTION('',(-9.797706943097E-1,-2.001234283435E-1,0.E0));
#1965=VECTOR('',#1964,7.983370049359E-2);
#1966=CARTESIAN_POINT('',(-4.687625298381E-1,-3.416234061599E-1,-1.E-2));
#1967=LINE('',#1966,#1965);
#1968=DIRECTION('',(-8.906053746977E-1,-4.547769415434E-1,0.E0));
#1969=VECTOR('',#1968,7.026123086145E-2);
#1970=CARTESIAN_POINT('',(-4.061875E-1,-3.096702184796E-1,-1.E-2));
#1971=LINE('',#1970,#1969);
#1972=DIRECTION('',(-6.996250055017E-1,-7.145102180353E-1,0.E0));
#1973=VECTOR('',#1972,8.944081378740E-2);
#1974=CARTESIAN_POINT('',(-3.436124701619E-1,-2.457638431191E-1,-1.E-2));
#1975=LINE('',#1974,#1973);
#1976=DIRECTION('',(-1.921820436730E-1,-9.813592930674E-1,0.E0));
#1977=VECTOR('',#1976,8.140037448268E-2);
#1978=CARTESIAN_POINT('',(-3.279687798381E-1,-1.658808291614E-1,-1.E-2));
#1979=LINE('',#1978,#1977);
#1980=DIRECTION('',(1.E0,0.E0,0.E0));
#1981=VECTOR('',#1980,9.38625E-2);
#1982=CARTESIAN_POINT('',(-4.218312798381E-1,-1.658808291614E-1,-1.E-2));
#1983=LINE('',#1982,#1981);
#1984=DIRECTION('',(3.102787334496E-1,9.506456267027E-1,0.E0));
#1985=VECTOR('',#1984,5.041818415947E-2);
#1986=CARTESIAN_POINT('',(-4.374749701619E-1,-2.138106554389E-1,-1.E-2));
#1987=LINE('',#1986,#1985);
#1988=DIRECTION('',(8.265992787996E-1,5.627909312417E-1,0.E0));
#1989=VECTOR('',#1988,5.677630165387E-2);
#1990=CARTESIAN_POINT('',(-4.844062201619E-1,-2.457638431191E-1,-1.E-2));
#1991=LINE('',#1990,#1989);
#1992=DIRECTION('',(9.689177459678E-1,2.473831068378E-1,0.E0));
#1993=VECTOR('',#1992,6.458239628544E-2);
#1994=CARTESIAN_POINT('',(-5.4698125E-1,-2.617404369593E-1,-1.E-2));
#1995=LINE('',#1994,#1993);
#1996=DIRECTION('',(1.E0,0.E0,0.E0));
#1997=VECTOR('',#1996,1.4079375E-1);
#1998=CARTESIAN_POINT('',(-6.87775E-1,-2.617404369593E-1,-1.E-2));
#1999=LINE('',#1998,#1997);
#2000=DIRECTION('',(9.689177459678E-1,-2.473831068378E-1,0.E0));
#2001=VECTOR('',#2000,6.458239628544E-2);
#2002=CARTESIAN_POINT('',(-7.503500298381E-1,-2.457638431191E-1,-1.E-2));
#2003=LINE('',#2002,#2001);
#2004=DIRECTION('',(8.265992787996E-1,-5.627909312417E-1,0.E0));
#2005=VECTOR('',#2004,5.677630165387E-2);
#2006=CARTESIAN_POINT('',(-7.972812798381E-1,-2.138106554389E-1,-1.E-2));
#2007=LINE('',#2006,#2005);
#2008=DIRECTION('',(5.466218231676E-1,-8.373795927994E-1,0.E0));
#2009=VECTOR('',#2008,5.723787239340E-2);
#2010=CARTESIAN_POINT('',(-8.2856875E-1,-1.658808291614E-1,-1.E-2));
#2011=LINE('',#2010,#2009);
#2012=DIRECTION('',(2.377717803411E-1,-9.713210491251E-1,0.E0));
#2013=VECTOR('',#2012,6.579325694430E-2);
#2014=CARTESIAN_POINT('',(-8.442125298381E-1,-1.019744538009E-1,-1.E-2));
#2015=LINE('',#2014,#2013);
#2016=DIRECTION('',(0.E0,-1.E0,0.E0));
#2017=VECTOR('',#2016,2.396489299804E-1);
#2018=CARTESIAN_POINT('',(-8.442125298381E-1,1.376744761795E-1,-1.E-2));
#2019=LINE('',#2018,#2017);
#2020=DIRECTION('',(-2.377717803411E-1,-9.713210491251E-1,0.E0));
#2021=VECTOR('',#2020,6.579325694430E-2);
#2022=CARTESIAN_POINT('',(-8.2856875E-1,2.015808515400E-1,-1.E-2));
#2023=LINE('',#2022,#2021);
#2024=DIRECTION('',(-5.466221810895E-1,-8.373793591563E-1,0.E0));
#2025=VECTOR('',#2024,5.723783491470E-2);
#2026=CARTESIAN_POINT('',(-7.972812798381E-1,2.495106330603E-1,-1.E-2));
#2027=LINE('',#2026,#2025);
#2028=DIRECTION('',(-8.265991871191E-1,-5.627910658975E-1,0.E0));
#2029=VECTOR('',#2028,5.677630795110E-2);
#2030=CARTESIAN_POINT('',(-7.503500298381E-1,2.814638319299E-1,-1.E-2));
#2031=LINE('',#2030,#2029);
#2032=DIRECTION('',(-9.689177459678E-1,-2.473831068378E-1,0.E0));
#2033=VECTOR('',#2032,6.458239628544E-2);
#2034=CARTESIAN_POINT('',(-6.87775E-1,2.974404257700E-1,-1.E-2));
#2035=LINE('',#2034,#2033);
#2036=DIRECTION('',(-1.E0,0.E0,0.E0));
#2037=VECTOR('',#2036,1.4079375E-1);
#2038=CARTESIAN_POINT('',(-5.4698125E-1,2.974404257700E-1,-1.E-2));
#2039=LINE('',#2038,#2037);
#2040=DIRECTION('',(-9.689177459678E-1,2.473831068378E-1,0.E0));
#2041=VECTOR('',#2040,6.458239628544E-2);
#2042=CARTESIAN_POINT('',(-4.844062201619E-1,2.814638319299E-1,-1.E-2));
#2043=LINE('',#2042,#2041);
#2044=DIRECTION('',(-8.265991871191E-1,5.627910658976E-1,0.E0));
#2045=VECTOR('',#2044,5.677630795110E-2);
#2046=CARTESIAN_POINT('',(-4.374749701619E-1,2.495106330603E-1,-1.E-2));
#2047=LINE('',#2046,#2045);
#2048=DIRECTION('',(-3.102789952956E-1,9.506455412394E-1,0.E0));
#2049=VECTOR('',#2048,5.041814161131E-2);
#2050=CARTESIAN_POINT('',(-4.218312798381E-1,2.015808515400E-1,-1.E-2));
#2051=LINE('',#2050,#2049);
#2052=DIRECTION('',(-1.E0,0.E0,0.E0));
#2053=VECTOR('',#2052,4.693125E-1);
#2054=CARTESIAN_POINT('',(3.603561903238E-1,2.974404257700E-1,-1.E-2));
#2055=LINE('',#2054,#2053);
#2056=DIRECTION('',(0.E0,-1.E0,0.E0));
#2057=VECTOR('',#2056,9.585957423002E-2);
#2058=CARTESIAN_POINT('',(3.603561903238E-1,3.933E-1,-1.E-2));
#2059=LINE('',#2058,#2057);
#2060=DIRECTION('',(1.E0,0.E0,0.E0));
#2061=VECTOR('',#2060,5.631749104857E-1);
#2062=CARTESIAN_POINT('',(-2.028187201619E-1,3.933E-1,-1.E-2));
#2063=LINE('',#2062,#2061);
#2064=DIRECTION('',(0.E0,1.E0,0.E0));
#2065=VECTOR('',#2064,7.509E-1);
#2066=CARTESIAN_POINT('',(-2.028187201619E-1,-3.576E-1,-1.E-2));
#2067=LINE('',#2066,#2065);
#2068=DIRECTION('',(-1.E0,0.E0,0.E0));
#2069=VECTOR('',#2068,5.631749104857E-1);
#2070=CARTESIAN_POINT('',(3.603561903238E-1,-3.576E-1,-1.E-2));
#2071=LINE('',#2070,#2069);
#2072=DIRECTION('',(0.E0,-1.E0,0.E0));
#2073=VECTOR('',#2072,9.585956304073E-2);
#2074=CARTESIAN_POINT('',(3.603561903238E-1,-2.617404369593E-1,-1.E-2));
#2075=LINE('',#2074,#2073);
#2076=DIRECTION('',(1.E0,0.E0,0.E0));
#2077=VECTOR('',#2076,4.693125E-1);
#2078=CARTESIAN_POINT('',(-1.089563096762E-1,-2.617404369593E-1,-1.E-2));
#2079=LINE('',#2078,#2077);
#2080=DIRECTION('',(0.E0,-1.E0,0.E0));
#2081=VECTOR('',#2080,2.076957646787E-1);
#2082=CARTESIAN_POINT('',(-1.089563096762E-1,-5.404467228055E-2,-1.E-2));
#2083=LINE('',#2082,#2081);
#2084=DIRECTION('',(-1.E0,0.E0,0.E0));
#2085=VECTOR('',#2084,4.067375596762E-1);
#2086=CARTESIAN_POINT('',(2.9778125E-1,-5.404467228055E-2,-1.E-2));
#2087=LINE('',#2086,#2085);
#2088=DIRECTION('',(0.E0,-1.E0,0.E0));
#2089=VECTOR('',#2088,9.585956304073E-2);
#2090=CARTESIAN_POINT('',(2.9778125E-1,4.181489076018E-2,-1.E-2));
#2091=LINE('',#2090,#2089);
#2092=DIRECTION('',(1.E0,0.E0,0.E0));
#2093=VECTOR('',#2092,4.067375596762E-1);
#2094=CARTESIAN_POINT('',(-1.089563096762E-1,4.181489076018E-2,-1.E-2));
#2095=LINE('',#2094,#2093);
#2096=DIRECTION('',(0.E0,-1.E0,0.E0));
#2097=VECTOR('',#2096,2.556255350098E-1);
#2098=CARTESIAN_POINT('',(-1.089563096762E-1,2.974404257700E-1,-1.E-2));
#2099=LINE('',#2098,#2097);
#2100=DIRECTION('',(-1.E0,0.E0,0.E0));
#2101=VECTOR('',#2100,3.7545E-1);
#2102=CARTESIAN_POINT('',(8.6095625E-1,-3.576E-1,-1.E-2));
#2103=LINE('',#2102,#2101);
#2104=DIRECTION('',(-9.797707392153E-1,-2.001232084928E-1,0.E0));
#2105=VECTOR('',#2104,7.983378819704E-2);
#2106=CARTESIAN_POINT('',(9.391750596762E-1,-3.416234061599E-1,-1.E-2));
#2107=LINE('',#2106,#2105);
#2108=DIRECTION('',(-8.906051112017E-1,-4.547774575564E-1,0.E0));
#2109=VECTOR('',#2108,7.026115113959E-2);
#2110=CARTESIAN_POINT('',(1.00175E0,-3.096702184796E-1,-1.E-2));
#2111=LINE('',#2110,#2109);
#2112=DIRECTION('',(-6.996244945571E-1,-7.145107183351E-1,0.E0));
#2113=VECTOR('',#2112,8.944075116101E-2);
#2114=CARTESIAN_POINT('',(1.064324940324E0,-2.457638431191E-1,-1.E-2));
#2115=LINE('',#2114,#2113);
#2116=DIRECTION('',(-4.397141723527E-1,-8.981377659536E-1,0.E0));
#2117=VECTOR('',#2116,7.115431260441E-2);
#2118=CARTESIAN_POINT('',(1.0956125E0,-1.818574677587E-1,-1.E-2));
#2119=LINE('',#2118,#2117);
#2120=DIRECTION('',(-1.921820436730E-1,-9.813592930674E-1,0.E0));
#2121=VECTOR('',#2120,8.140037448268E-2);
#2122=CARTESIAN_POINT('',(1.111256190324E0,-1.019744538009E-1,-1.E-2));
#2123=LINE('',#2122,#2121);
#2124=DIRECTION('',(0.E0,-1.E0,0.E0));
#2125=VECTOR('',#2124,2.396489299804E-1);
#2126=CARTESIAN_POINT('',(1.111256190324E0,1.376744761795E-1,-1.E-2));
#2127=LINE('',#2126,#2125);
#2128=DIRECTION('',(1.921821473726E-1,-9.813592727596E-1,0.E0));
#2129=VECTOR('',#2128,8.140033055986E-2);
#2130=CARTESIAN_POINT('',(1.0956125E0,2.175574453801E-1,-1.E-2));
#2131=LINE('',#2130,#2129);
#2132=DIRECTION('',(4.397141102494E-1,-8.981377963584E-1,0.E0));
#2133=VECTOR('',#2132,7.115432265392E-2);
#2134=CARTESIAN_POINT('',(1.064324940324E0,2.814638319299E-1,-1.E-2));
#2135=LINE('',#2134,#2133);
#2136=DIRECTION('',(6.996244632883E-1,-7.145107489524E-1,0.E0));
#2137=VECTOR('',#2136,8.944075515845E-2);
#2138=CARTESIAN_POINT('',(1.00175E0,3.453702128850E-1,-1.E-2));
#2139=LINE('',#2138,#2137);
#2140=DIRECTION('',(8.906050870136E-1,-4.547775049247E-1,0.E0));
#2141=VECTOR('',#2140,7.026115304782E-2);
#2142=CARTESIAN_POINT('',(9.391750596762E-1,3.773234047612E-1,-1.E-2));
#2143=LINE('',#2142,#2141);
#2144=DIRECTION('',(9.797707357802E-1,-2.001232253108E-1,0.E0));
#2145=VECTOR('',#2144,7.983378847694E-2);
#2146=CARTESIAN_POINT('',(8.6095625E-1,3.933E-1,-1.E-2));
#2147=LINE('',#2146,#2145);
#2148=DIRECTION('',(1.E0,0.E0,0.E0));
#2149=VECTOR('',#2148,3.7545E-1);
#2150=CARTESIAN_POINT('',(4.8550625E-1,3.933E-1,-1.E-2));
#2151=LINE('',#2150,#2149);
#2152=DIRECTION('',(0.E0,1.E0,0.E0));
#2153=VECTOR('',#2152,7.509E-1);
#2154=CARTESIAN_POINT('',(4.8550625E-1,-3.576E-1,-1.E-2));
#2155=LINE('',#2154,#2153);
#2156=DIRECTION('',(1.E0,0.E0,0.E0));
#2157=VECTOR('',#2156,2.815875E-1);
#2158=CARTESIAN_POINT('',(5.7936875E-1,-2.617404369593E-1,-1.E-2));
#2159=LINE('',#2158,#2157);
#2160=DIRECTION('',(0.E0,-1.E0,0.E0));
#2161=VECTOR('',#2160,5.591808627293E-1);
#2162=CARTESIAN_POINT('',(5.7936875E-1,2.974404257700E-1,-1.E-2));
#2163=LINE('',#2162,#2161);
#2164=DIRECTION('',(-1.E0,0.E0,0.E0));
#2165=VECTOR('',#2164,2.815875E-1);
#2166=CARTESIAN_POINT('',(8.6095625E-1,2.974404257700E-1,-1.E-2));
#2167=LINE('',#2166,#2165);
#2168=DIRECTION('',(-9.689176611437E-1,2.473834390653E-1,0.E0));
#2169=VECTOR('',#2168,6.458230955349E-2);
#2170=CARTESIAN_POINT('',(9.235311903238E-1,2.814638319299E-1,-1.E-2));
#2171=LINE('',#2170,#2169);
#2172=DIRECTION('',(-8.265991871191E-1,5.627910658975E-1,0.E0));
#2173=VECTOR('',#2172,5.677630795110E-2);
#2174=CARTESIAN_POINT('',(9.704624403238E-1,2.495106330603E-1,-1.E-2));
#2175=LINE('',#2174,#2173);
#2176=DIRECTION('',(-5.466232777014E-1,8.373786433120E-1,0.E0));
#2177=VECTOR('',#2176,5.723788384523E-2);
#2178=CARTESIAN_POINT('',(1.00175E0,2.015808515400E-1,-1.E-2));
#2179=LINE('',#2178,#2177);
#2180=DIRECTION('',(-2.377704967206E-1,9.713213633444E-1,0.E0));
#2181=VECTOR('',#2180,6.579323566039E-2);
#2182=CARTESIAN_POINT('',(1.017393690324E0,1.376744761795E-1,-1.E-2));
#2183=LINE('',#2182,#2181);
#2184=DIRECTION('',(0.E0,1.E0,0.E0));
#2185=VECTOR('',#2184,2.396489299804E-1);
#2186=CARTESIAN_POINT('',(1.017393690324E0,-1.019744538009E-1,-1.E-2));
#2187=LINE('',#2186,#2185);
#2188=DIRECTION('',(2.377704967206E-1,9.713213633444E-1,0.E0));
#2189=VECTOR('',#2188,6.579323566039E-2);
#2190=CARTESIAN_POINT('',(1.00175E0,-1.658808291614E-1,-1.E-2));
#2191=LINE('',#2190,#2189);
#2192=DIRECTION('',(5.466229197794E-1,8.373788769559E-1,0.E0));
#2193=VECTOR('',#2192,5.723792132390E-2);
#2194=CARTESIAN_POINT('',(9.704624403238E-1,-2.138106554389E-1,-1.E-2));
#2195=LINE('',#2194,#2193);
#2196=DIRECTION('',(8.265992787996E-1,5.627909312417E-1,0.E0));
#2197=VECTOR('',#2196,5.677630165387E-2);
#2198=CARTESIAN_POINT('',(9.235311903238E-1,-2.457638431191E-1,-1.E-2));
#2199=LINE('',#2198,#2197);
#2200=DIRECTION('',(9.689176611437E-1,2.473834390653E-1,0.E0));
#2201=VECTOR('',#2200,6.458230955349E-2);
#2202=CARTESIAN_POINT('',(8.6095625E-1,-2.617404369593E-1,-1.E-2));
#2203=LINE('',#2202,#2201);
#2204=DIRECTION('',(-1.E0,0.E0,0.E0));
#2205=VECTOR('',#2204,1.251498806477E-1);
#2206=CARTESIAN_POINT('',(1.61185625E0,-3.576E-1,-1.E-2));
#2207=LINE('',#2206,#2205);
#2208=DIRECTION('',(-3.162279017271E-1,-9.486832528138E-1,0.E0));
#2209=VECTOR('',#2208,7.915181360827E-1);
#2210=CARTESIAN_POINT('',(1.862156369352E0,3.933E-1,-1.E-2));
#2211=LINE('',#2210,#2209);
#2212=DIRECTION('',(1.E0,0.E0,0.E0));
#2213=VECTOR('',#2212,9.38625E-2);
#2214=CARTESIAN_POINT('',(1.768293869352E0,3.933E-1,-1.E-2));
#2215=LINE('',#2214,#2213);
#2216=DIRECTION('',(3.102805670740E-1,9.506450282288E-1,0.E0));
#2217=VECTOR('',#2216,2.016726988172E-1);
#2218=CARTESIAN_POINT('',(1.70571875E0,2.015808515400E-1,-1.E-2));
#2219=LINE('',#2218,#2217);
#2220=DIRECTION('',(1.E0,0.E0,0.E0));
#2221=VECTOR('',#2220,3.128748806477E-1);
#2222=CARTESIAN_POINT('',(1.392843869352E0,2.015808515400E-1,-1.E-2));
#2223=LINE('',#2222,#2221);
#2224=DIRECTION('',(3.102805670740E-1,-9.506450282288E-1,0.E0));
#2225=VECTOR('',#2224,2.016726988172E-1);
#2226=CARTESIAN_POINT('',(1.33026875E0,3.933E-1,-1.E-2));
#2227=LINE('',#2226,#2225);
#2228=DIRECTION('',(1.E0,0.E0,0.E0));
#2229=VECTOR('',#2228,9.38625E-2);
#2230=CARTESIAN_POINT('',(1.23640625E0,3.933E-1,-1.E-2));
#2231=LINE('',#2230,#2229);
#2232=DIRECTION('',(-3.162279017271E-1,9.486832528138E-1,0.E0));
#2233=VECTOR('',#2232,7.915181360827E-1);
#2234=CARTESIAN_POINT('',(1.486706369352E0,-3.576E-1,-1.E-2));
#2235=LINE('',#2234,#2233);
#2236=DIRECTION('',(3.102800213276E-1,9.506452063546E-1,0.E0));
#2237=VECTOR('',#2236,4.537635049706E-1);
#2238=CARTESIAN_POINT('',(1.549281130648E0,-2.936936246395E-1,-1.E-2));
#2239=LINE('',#2238,#2237);
#2240=DIRECTION('',(3.102800213276E-1,-9.506452063546E-1,0.E0));
#2241=VECTOR('',#2240,4.537635049706E-1);
#2242=CARTESIAN_POINT('',(1.408487380648E0,1.376744761795E-1,-1.E-2));
#2243=LINE('',#2242,#2241);
#2244=DIRECTION('',(-1.E0,0.E0,0.E0));
#2245=VECTOR('',#2244,2.815875E-1);
#2246=CARTESIAN_POINT('',(1.690074880648E0,1.376744761795E-1,-1.E-2));
#2247=LINE('',#2246,#2245);
#2248=DIRECTION('',(0.E0,0.E0,-1.E0));
#2249=VECTOR('',#2248,1.E-2);
#2250=CARTESIAN_POINT('',(-3.279687798381E-1,2.015808515400E-1,0.E0));
#2251=LINE('',#2250,#2249);
#2252=DIRECTION('',(0.E0,0.E0,-1.E0));
#2253=VECTOR('',#2252,1.E-2);
#2254=CARTESIAN_POINT('',(-3.436124701619E-1,2.814638319299E-1,0.E0));
#2255=LINE('',#2254,#2253);
#2256=DIRECTION('',(0.E0,0.E0,-1.E0));
#2257=VECTOR('',#2256,1.E-2);
#2258=CARTESIAN_POINT('',(-4.061875E-1,3.453702128850E-1,0.E0));
#2259=LINE('',#2258,#2257);
#2260=DIRECTION('',(0.E0,0.E0,-1.E0));
#2261=VECTOR('',#2260,1.E-2);
#2262=CARTESIAN_POINT('',(-4.687625298381E-1,3.773234047612E-1,0.E0));
#2263=LINE('',#2262,#2261);
#2264=DIRECTION('',(0.E0,0.E0,-1.E0));
#2265=VECTOR('',#2264,1.E-2);
#2266=CARTESIAN_POINT('',(-5.4698125E-1,3.933E-1,0.E0));
#2267=LINE('',#2266,#2265);
#2268=DIRECTION('',(0.E0,0.E0,-1.E0));
#2269=VECTOR('',#2268,1.E-2);
#2270=CARTESIAN_POINT('',(-6.87775E-1,3.933E-1,0.E0));
#2271=LINE('',#2270,#2269);
#2272=DIRECTION('',(0.E0,0.E0,-1.E0));
#2273=VECTOR('',#2272,1.E-2);
#2274=CARTESIAN_POINT('',(-7.659937201619E-1,3.773234047612E-1,0.E0));
#2275=LINE('',#2274,#2273);
#2276=DIRECTION('',(0.E0,0.E0,-1.E0));
#2277=VECTOR('',#2276,1.E-2);
#2278=CARTESIAN_POINT('',(-8.2856875E-1,3.453702128850E-1,0.E0));
#2279=LINE('',#2278,#2277);
#2280=DIRECTION('',(0.E0,0.E0,-1.E0));
#2281=VECTOR('',#2280,1.E-2);
#2282=CARTESIAN_POINT('',(-8.911437350810E-1,2.814638319299E-1,0.E0));
#2283=LINE('',#2282,#2281);
#2284=DIRECTION('',(0.E0,0.E0,-1.E0));
#2285=VECTOR('',#2284,1.E-2);
#2286=CARTESIAN_POINT('',(-9.2243125E-1,2.175574453801E-1,0.E0));
#2287=LINE('',#2286,#2285);
#2288=DIRECTION('',(0.E0,0.E0,-1.E0));
#2289=VECTOR('',#2288,1.E-2);
#2290=CARTESIAN_POINT('',(-9.380749850810E-1,1.376744761795E-1,0.E0));
#2291=LINE('',#2290,#2289);
#2292=DIRECTION('',(0.E0,0.E0,-1.E0));
#2293=VECTOR('',#2292,1.E-2);
#2294=CARTESIAN_POINT('',(-9.380749850810E-1,-1.019744538009E-1,0.E0));
#2295=LINE('',#2294,#2293);
#2296=DIRECTION('',(0.E0,0.E0,-1.E0));
#2297=VECTOR('',#2296,1.E-2);
#2298=CARTESIAN_POINT('',(-9.2243125E-1,-1.818574677587E-1,0.E0));
#2299=LINE('',#2298,#2297);
#2300=DIRECTION('',(0.E0,0.E0,-1.E0));
#2301=VECTOR('',#2300,1.E-2);
#2302=CARTESIAN_POINT('',(-8.911437350810E-1,-2.457638431191E-1,0.E0));
#2303=LINE('',#2302,#2301);
#2304=DIRECTION('',(0.E0,0.E0,-1.E0));
#2305=VECTOR('',#2304,1.E-2);
#2306=CARTESIAN_POINT('',(-8.2856875E-1,-3.096702184796E-1,0.E0));
#2307=LINE('',#2306,#2305);
#2308=DIRECTION('',(0.E0,0.E0,-1.E0));
#2309=VECTOR('',#2308,1.E-2);
#2310=CARTESIAN_POINT('',(-7.659937201619E-1,-3.416234061599E-1,0.E0));
#2311=LINE('',#2310,#2309);
#2312=DIRECTION('',(0.E0,0.E0,-1.E0));
#2313=VECTOR('',#2312,1.E-2);
#2314=CARTESIAN_POINT('',(-6.87775E-1,-3.576E-1,0.E0));
#2315=LINE('',#2314,#2313);
#2316=DIRECTION('',(0.E0,0.E0,-1.E0));
#2317=VECTOR('',#2316,1.E-2);
#2318=CARTESIAN_POINT('',(-5.4698125E-1,-3.576E-1,0.E0));
#2319=LINE('',#2318,#2317);
#2320=DIRECTION('',(0.E0,0.E0,-1.E0));
#2321=VECTOR('',#2320,1.E-2);
#2322=CARTESIAN_POINT('',(-4.687625298381E-1,-3.416234061599E-1,0.E0));
#2323=LINE('',#2322,#2321);
#2324=DIRECTION('',(0.E0,0.E0,-1.E0));
#2325=VECTOR('',#2324,1.E-2);
#2326=CARTESIAN_POINT('',(-4.218312798381E-1,2.015808515400E-1,0.E0));
#2327=LINE('',#2326,#2325);
#2328=DIRECTION('',(0.E0,0.E0,-1.E0));
#2329=VECTOR('',#2328,1.E-2);
#2330=CARTESIAN_POINT('',(-4.374749701619E-1,2.495106330603E-1,0.E0));
#2331=LINE('',#2330,#2329);
#2332=DIRECTION('',(0.E0,0.E0,-1.E0));
#2333=VECTOR('',#2332,1.E-2);
#2334=CARTESIAN_POINT('',(-4.844062201619E-1,2.814638319299E-1,0.E0));
#2335=LINE('',#2334,#2333);
#2336=DIRECTION('',(0.E0,0.E0,-1.E0));
#2337=VECTOR('',#2336,1.E-2);
#2338=CARTESIAN_POINT('',(-5.4698125E-1,2.974404257700E-1,0.E0));
#2339=LINE('',#2338,#2337);
#2340=DIRECTION('',(0.E0,0.E0,-1.E0));
#2341=VECTOR('',#2340,1.E-2);
#2342=CARTESIAN_POINT('',(-6.87775E-1,2.974404257700E-1,0.E0));
#2343=LINE('',#2342,#2341);
#2344=DIRECTION('',(0.E0,0.E0,-1.E0));
#2345=VECTOR('',#2344,1.E-2);
#2346=CARTESIAN_POINT('',(-7.503500298381E-1,2.814638319299E-1,0.E0));
#2347=LINE('',#2346,#2345);
#2348=DIRECTION('',(0.E0,0.E0,-1.E0));
#2349=VECTOR('',#2348,1.E-2);
#2350=CARTESIAN_POINT('',(-7.972812798381E-1,2.495106330603E-1,0.E0));
#2351=LINE('',#2350,#2349);
#2352=DIRECTION('',(-3.330669073875E-14,0.E0,-1.E0));
#2353=VECTOR('',#2352,1.E-2);
#2354=CARTESIAN_POINT('',(-8.2856875E-1,2.015808515400E-1,0.E0));
#2355=LINE('',#2354,#2353);
#2356=DIRECTION('',(0.E0,0.E0,-1.E0));
#2357=VECTOR('',#2356,1.E-2);
#2358=CARTESIAN_POINT('',(-8.442125298381E-1,1.376744761795E-1,0.E0));
#2359=LINE('',#2358,#2357);
#2360=DIRECTION('',(0.E0,0.E0,-1.E0));
#2361=VECTOR('',#2360,1.E-2);
#2362=CARTESIAN_POINT('',(-8.442125298381E-1,-1.019744538009E-1,0.E0));
#2363=LINE('',#2362,#2361);
#2364=DIRECTION('',(0.E0,0.E0,-1.E0));
#2365=VECTOR('',#2364,1.E-2);
#2366=CARTESIAN_POINT('',(-8.2856875E-1,-1.658808291614E-1,0.E0));
#2367=LINE('',#2366,#2365);
#2368=DIRECTION('',(0.E0,0.E0,-1.E0));
#2369=VECTOR('',#2368,1.E-2);
#2370=CARTESIAN_POINT('',(-7.972812798381E-1,-2.138106554389E-1,0.E0));
#2371=LINE('',#2370,#2369);
#2372=DIRECTION('',(0.E0,0.E0,-1.E0));
#2373=VECTOR('',#2372,1.E-2);
#2374=CARTESIAN_POINT('',(-7.503500298381E-1,-2.457638431191E-1,0.E0));
#2375=LINE('',#2374,#2373);
#2376=DIRECTION('',(0.E0,0.E0,-1.E0));
#2377=VECTOR('',#2376,1.E-2);
#2378=CARTESIAN_POINT('',(-6.87775E-1,-2.617404369593E-1,0.E0));
#2379=LINE('',#2378,#2377);
#2380=DIRECTION('',(0.E0,0.E0,-1.E0));
#2381=VECTOR('',#2380,1.E-2);
#2382=CARTESIAN_POINT('',(-5.4698125E-1,-2.617404369593E-1,0.E0));
#2383=LINE('',#2382,#2381);
#2384=DIRECTION('',(0.E0,0.E0,-1.E0));
#2385=VECTOR('',#2384,1.E-2);
#2386=CARTESIAN_POINT('',(-4.844062201619E-1,-2.457638431191E-1,0.E0));
#2387=LINE('',#2386,#2385);
#2388=DIRECTION('',(0.E0,0.E0,-1.E0));
#2389=VECTOR('',#2388,1.E-2);
#2390=CARTESIAN_POINT('',(-4.374749701619E-1,-2.138106554389E-1,0.E0));
#2391=LINE('',#2390,#2389);
#2392=DIRECTION('',(0.E0,0.E0,-1.E0));
#2393=VECTOR('',#2392,1.E-2);
#2394=CARTESIAN_POINT('',(-4.218312798381E-1,-1.658808291614E-1,0.E0));
#2395=LINE('',#2394,#2393);
#2396=DIRECTION('',(0.E0,0.E0,-1.E0));
#2397=VECTOR('',#2396,1.E-2);
#2398=CARTESIAN_POINT('',(-3.279687798381E-1,-1.658808291614E-1,0.E0));
#2399=LINE('',#2398,#2397);
#2400=DIRECTION('',(0.E0,0.E0,-1.E0));
#2401=VECTOR('',#2400,1.E-2);
#2402=CARTESIAN_POINT('',(-3.436124701619E-1,-2.457638431191E-1,0.E0));
#2403=LINE('',#2402,#2401);
#2404=DIRECTION('',(0.E0,0.E0,-1.E0));
#2405=VECTOR('',#2404,1.E-2);
#2406=CARTESIAN_POINT('',(3.603561903238E-1,2.974404257700E-1,0.E0));
#2407=LINE('',#2406,#2405);
#2408=DIRECTION('',(0.E0,0.E0,-1.E0));
#2409=VECTOR('',#2408,1.E-2);
#2410=CARTESIAN_POINT('',(3.603561903238E-1,3.933E-1,0.E0));
#2411=LINE('',#2410,#2409);
#2412=DIRECTION('',(0.E0,0.E0,-1.E0));
#2413=VECTOR('',#2412,1.E-2);
#2414=CARTESIAN_POINT('',(-2.028187201619E-1,3.933E-1,0.E0));
#2415=LINE('',#2414,#2413);
#2416=DIRECTION('',(0.E0,0.E0,-1.E0));
#2417=VECTOR('',#2416,1.E-2);
#2418=CARTESIAN_POINT('',(-2.028187201619E-1,-3.576E-1,0.E0));
#2419=LINE('',#2418,#2417);
#2420=DIRECTION('',(0.E0,0.E0,-1.E0));
#2421=VECTOR('',#2420,1.E-2);
#2422=CARTESIAN_POINT('',(3.603561903238E-1,-3.576E-1,0.E0));
#2423=LINE('',#2422,#2421);
#2424=DIRECTION('',(0.E0,0.E0,-1.E0));
#2425=VECTOR('',#2424,1.E-2);
#2426=CARTESIAN_POINT('',(3.603561903238E-1,-2.617404369593E-1,0.E0));
#2427=LINE('',#2426,#2425);
#2428=DIRECTION('',(0.E0,0.E0,-1.E0));
#2429=VECTOR('',#2428,1.E-2);
#2430=CARTESIAN_POINT('',(-1.089563096762E-1,-2.617404369593E-1,0.E0));
#2431=LINE('',#2430,#2429);
#2432=DIRECTION('',(0.E0,0.E0,-1.E0));
#2433=VECTOR('',#2432,1.E-2);
#2434=CARTESIAN_POINT('',(-1.089563096762E-1,-5.404467228055E-2,0.E0));
#2435=LINE('',#2434,#2433);
#2436=DIRECTION('',(0.E0,0.E0,-1.E0));
#2437=VECTOR('',#2436,1.E-2);
#2438=CARTESIAN_POINT('',(2.9778125E-1,-5.404467228055E-2,0.E0));
#2439=LINE('',#2438,#2437);
#2440=DIRECTION('',(0.E0,0.E0,-1.E0));
#2441=VECTOR('',#2440,1.E-2);
#2442=CARTESIAN_POINT('',(2.9778125E-1,4.181489076018E-2,0.E0));
#2443=LINE('',#2442,#2441);
#2444=DIRECTION('',(0.E0,0.E0,-1.E0));
#2445=VECTOR('',#2444,1.E-2);
#2446=CARTESIAN_POINT('',(-1.089563096762E-1,4.181489076018E-2,0.E0));
#2447=LINE('',#2446,#2445);
#2448=DIRECTION('',(0.E0,0.E0,-1.E0));
#2449=VECTOR('',#2448,1.E-2);
#2450=CARTESIAN_POINT('',(-1.089563096762E-1,2.974404257700E-1,0.E0));
#2451=LINE('',#2450,#2449);
#2452=DIRECTION('',(0.E0,0.E0,-1.E0));
#2453=VECTOR('',#2452,1.E-2);
#2454=CARTESIAN_POINT('',(8.6095625E-1,-3.576E-1,0.E0));
#2455=LINE('',#2454,#2453);
#2456=DIRECTION('',(0.E0,0.E0,-1.E0));
#2457=VECTOR('',#2456,1.E-2);
#2458=CARTESIAN_POINT('',(9.391750596762E-1,-3.416234061599E-1,0.E0));
#2459=LINE('',#2458,#2457);
#2460=DIRECTION('',(0.E0,0.E0,-1.E0));
#2461=VECTOR('',#2460,1.E-2);
#2462=CARTESIAN_POINT('',(1.00175E0,-3.096702184796E-1,0.E0));
#2463=LINE('',#2462,#2461);
#2464=DIRECTION('',(0.E0,0.E0,-1.E0));
#2465=VECTOR('',#2464,1.E-2);
#2466=CARTESIAN_POINT('',(1.064324940324E0,-2.457638431191E-1,0.E0));
#2467=LINE('',#2466,#2465);
#2468=DIRECTION('',(0.E0,0.E0,-1.E0));
#2469=VECTOR('',#2468,1.E-2);
#2470=CARTESIAN_POINT('',(1.0956125E0,-1.818574677587E-1,0.E0));
#2471=LINE('',#2470,#2469);
#2472=DIRECTION('',(0.E0,0.E0,-1.E0));
#2473=VECTOR('',#2472,1.E-2);
#2474=CARTESIAN_POINT('',(1.111256190324E0,-1.019744538009E-1,0.E0));
#2475=LINE('',#2474,#2473);
#2476=DIRECTION('',(0.E0,0.E0,-1.E0));
#2477=VECTOR('',#2476,1.E-2);
#2478=CARTESIAN_POINT('',(1.111256190324E0,1.376744761795E-1,0.E0));
#2479=LINE('',#2478,#2477);
#2480=DIRECTION('',(0.E0,0.E0,-1.E0));
#2481=VECTOR('',#2480,1.E-2);
#2482=CARTESIAN_POINT('',(1.0956125E0,2.175574453801E-1,0.E0));
#2483=LINE('',#2482,#2481);
#2484=DIRECTION('',(0.E0,0.E0,-1.E0));
#2485=VECTOR('',#2484,1.E-2);
#2486=CARTESIAN_POINT('',(1.064324940324E0,2.814638319299E-1,0.E0));
#2487=LINE('',#2486,#2485);
#2488=DIRECTION('',(0.E0,0.E0,-1.E0));
#2489=VECTOR('',#2488,1.E-2);
#2490=CARTESIAN_POINT('',(1.00175E0,3.453702128850E-1,0.E0));
#2491=LINE('',#2490,#2489);
#2492=DIRECTION('',(0.E0,0.E0,-1.E0));
#2493=VECTOR('',#2492,1.E-2);
#2494=CARTESIAN_POINT('',(9.391750596762E-1,3.773234047612E-1,0.E0));
#2495=LINE('',#2494,#2493);
#2496=DIRECTION('',(0.E0,0.E0,-1.E0));
#2497=VECTOR('',#2496,1.E-2);
#2498=CARTESIAN_POINT('',(8.6095625E-1,3.933E-1,0.E0));
#2499=LINE('',#2498,#2497);
#2500=DIRECTION('',(0.E0,0.E0,-1.E0));
#2501=VECTOR('',#2500,1.E-2);
#2502=CARTESIAN_POINT('',(4.8550625E-1,3.933E-1,0.E0));
#2503=LINE('',#2502,#2501);
#2504=DIRECTION('',(0.E0,0.E0,-1.E0));
#2505=VECTOR('',#2504,1.E-2);
#2506=CARTESIAN_POINT('',(4.8550625E-1,-3.576E-1,0.E0));
#2507=LINE('',#2506,#2505);
#2508=DIRECTION('',(0.E0,0.E0,-1.E0));
#2509=VECTOR('',#2508,1.E-2);
#2510=CARTESIAN_POINT('',(5.7936875E-1,-2.617404369593E-1,0.E0));
#2511=LINE('',#2510,#2509);
#2512=DIRECTION('',(0.E0,0.E0,-1.E0));
#2513=VECTOR('',#2512,1.E-2);
#2514=CARTESIAN_POINT('',(5.7936875E-1,2.974404257700E-1,0.E0));
#2515=LINE('',#2514,#2513);
#2516=DIRECTION('',(0.E0,0.E0,-1.E0));
#2517=VECTOR('',#2516,1.E-2);
#2518=CARTESIAN_POINT('',(8.6095625E-1,2.974404257700E-1,0.E0));
#2519=LINE('',#2518,#2517);
#2520=DIRECTION('',(0.E0,0.E0,-1.E0));
#2521=VECTOR('',#2520,1.E-2);
#2522=CARTESIAN_POINT('',(9.235311903238E-1,2.814638319299E-1,0.E0));
#2523=LINE('',#2522,#2521);
#2524=DIRECTION('',(0.E0,0.E0,-1.E0));
#2525=VECTOR('',#2524,1.E-2);
#2526=CARTESIAN_POINT('',(9.704624403238E-1,2.495106330603E-1,0.E0));
#2527=LINE('',#2526,#2525);
#2528=DIRECTION('',(0.E0,0.E0,-1.E0));
#2529=VECTOR('',#2528,1.E-2);
#2530=CARTESIAN_POINT('',(1.00175E0,2.015808515400E-1,0.E0));
#2531=LINE('',#2530,#2529);
#2532=DIRECTION('',(0.E0,0.E0,-1.E0));
#2533=VECTOR('',#2532,1.E-2);
#2534=CARTESIAN_POINT('',(1.017393690324E0,1.376744761795E-1,0.E0));
#2535=LINE('',#2534,#2533);
#2536=DIRECTION('',(0.E0,0.E0,-1.E0));
#2537=VECTOR('',#2536,1.E-2);
#2538=CARTESIAN_POINT('',(1.017393690324E0,-1.019744538009E-1,0.E0));
#2539=LINE('',#2538,#2537);
#2540=DIRECTION('',(0.E0,0.E0,-1.E0));
#2541=VECTOR('',#2540,1.E-2);
#2542=CARTESIAN_POINT('',(1.00175E0,-1.658808291614E-1,0.E0));
#2543=LINE('',#2542,#2541);
#2544=DIRECTION('',(0.E0,0.E0,-1.E0));
#2545=VECTOR('',#2544,1.E-2);
#2546=CARTESIAN_POINT('',(9.704624403238E-1,-2.138106554389E-1,0.E0));
#2547=LINE('',#2546,#2545);
#2548=DIRECTION('',(0.E0,0.E0,-1.E0));
#2549=VECTOR('',#2548,1.E-2);
#2550=CARTESIAN_POINT('',(9.235311903238E-1,-2.457638431191E-1,0.E0));
#2551=LINE('',#2550,#2549);
#2552=DIRECTION('',(0.E0,0.E0,-1.E0));
#2553=VECTOR('',#2552,1.E-2);
#2554=CARTESIAN_POINT('',(8.6095625E-1,-2.617404369593E-1,0.E0));
#2555=LINE('',#2554,#2553);
#2556=DIRECTION('',(0.E0,0.E0,-1.E0));
#2557=VECTOR('',#2556,1.E-2);
#2558=CARTESIAN_POINT('',(1.61185625E0,-3.576E-1,0.E0));
#2559=LINE('',#2558,#2557);
#2560=DIRECTION('',(0.E0,0.E0,-1.E0));
#2561=VECTOR('',#2560,1.E-2);
#2562=CARTESIAN_POINT('',(1.862156369352E0,3.933E-1,0.E0));
#2563=LINE('',#2562,#2561);
#2564=DIRECTION('',(-4.440892098501E-14,0.E0,-1.E0));
#2565=VECTOR('',#2564,1.E-2);
#2566=CARTESIAN_POINT('',(1.768293869352E0,3.933E-1,0.E0));
#2567=LINE('',#2566,#2565);
#2568=DIRECTION('',(-2.220446049250E-14,0.E0,-1.E0));
#2569=VECTOR('',#2568,1.E-2);
#2570=CARTESIAN_POINT('',(1.70571875E0,2.015808515400E-1,0.E0));
#2571=LINE('',#2570,#2569);
#2572=DIRECTION('',(0.E0,0.E0,-1.E0));
#2573=VECTOR('',#2572,1.E-2);
#2574=CARTESIAN_POINT('',(1.392843869352E0,2.015808515400E-1,0.E0));
#2575=LINE('',#2574,#2573);
#2576=DIRECTION('',(0.E0,0.E0,-1.E0));
#2577=VECTOR('',#2576,1.E-2);
#2578=CARTESIAN_POINT('',(1.33026875E0,3.933E-1,0.E0));
#2579=LINE('',#2578,#2577);
#2580=DIRECTION('',(0.E0,0.E0,-1.E0));
#2581=VECTOR('',#2580,1.E-2);
#2582=CARTESIAN_POINT('',(1.23640625E0,3.933E-1,0.E0));
#2583=LINE('',#2582,#2581);
#2584=DIRECTION('',(0.E0,0.E0,-1.E0));
#2585=VECTOR('',#2584,1.E-2);
#2586=CARTESIAN_POINT('',(1.486706369352E0,-3.576E-1,0.E0));
#2587=LINE('',#2586,#2585);
#2588=DIRECTION('',(0.E0,1.665334536938E-14,-1.E0));
#2589=VECTOR('',#2588,1.E-2);
#2590=CARTESIAN_POINT('',(1.549281130648E0,-2.936936246395E-1,0.E0));
#2591=LINE('',#2590,#2589);
#2592=DIRECTION('',(0.E0,0.E0,-1.E0));
#2593=VECTOR('',#2592,1.E-2);
#2594=CARTESIAN_POINT('',(1.408487380648E0,1.376744761795E-1,0.E0));
#2595=LINE('',#2594,#2593);
#2596=DIRECTION('',(0.E0,0.E0,-1.E0));
#2597=VECTOR('',#2596,1.E-2);
#2598=CARTESIAN_POINT('',(1.690074880648E0,1.376744761795E-1,0.E0));
#2599=LINE('',#2598,#2597);
#2600=CARTESIAN_POINT('',(-2.7E0,-3.35E0,0.E0));
#2601=CARTESIAN_POINT('',(-2.7E0,-2.65E0,0.E0));
#2602=VERTEX_POINT('',#2600);
#2603=VERTEX_POINT('',#2601);
#2604=CARTESIAN_POINT('',(-4.7E0,-2.65E0,0.E0));
#2605=VERTEX_POINT('',#2604);
#2606=CARTESIAN_POINT('',(-4.7E0,-3.35E0,0.E0));
#2607=VERTEX_POINT('',#2606);
#2608=CARTESIAN_POINT('',(-4.7E0,3.35E0,0.E0));
#2609=CARTESIAN_POINT('',(-4.7E0,2.65E0,0.E0));
#2610=VERTEX_POINT('',#2608);
#2611=VERTEX_POINT('',#2609);
#2612=CARTESIAN_POINT('',(-2.7E0,2.65E0,0.E0));
#2613=VERTEX_POINT('',#2612);
#2614=CARTESIAN_POINT('',(-2.7E0,3.35E0,0.E0));
#2615=VERTEX_POINT('',#2614);
#2616=CARTESIAN_POINT('',(4.7E0,-3.35E0,0.E0));
#2617=CARTESIAN_POINT('',(4.7E0,-2.65E0,0.E0));
#2618=VERTEX_POINT('',#2616);
#2619=VERTEX_POINT('',#2617);
#2620=CARTESIAN_POINT('',(2.7E0,-2.65E0,0.E0));
#2621=VERTEX_POINT('',#2620);
#2622=CARTESIAN_POINT('',(2.7E0,-3.35E0,0.E0));
#2623=VERTEX_POINT('',#2622);
#2624=CARTESIAN_POINT('',(2.7E0,3.35E0,0.E0));
#2625=CARTESIAN_POINT('',(2.7E0,2.65E0,0.E0));
#2626=VERTEX_POINT('',#2624);
#2627=VERTEX_POINT('',#2625);
#2628=CARTESIAN_POINT('',(4.7E0,2.65E0,0.E0));
#2629=VERTEX_POINT('',#2628);
#2630=CARTESIAN_POINT('',(4.7E0,3.35E0,0.E0));
#2631=VERTEX_POINT('',#2630);
#2632=CARTESIAN_POINT('',(-2.7E0,-3.35E0,1.E0));
#2633=CARTESIAN_POINT('',(-2.7E0,-2.65E0,1.E0));
#2634=VERTEX_POINT('',#2632);
#2635=VERTEX_POINT('',#2633);
#2636=CARTESIAN_POINT('',(-4.7E0,-2.65E0,1.E0));
#2637=VERTEX_POINT('',#2636);
#2638=CARTESIAN_POINT('',(-4.7E0,-3.35E0,1.E0));
#2639=VERTEX_POINT('',#2638);
#2640=CARTESIAN_POINT('',(-4.7E0,3.35E0,1.E0));
#2641=CARTESIAN_POINT('',(-4.7E0,2.65E0,1.E0));
#2642=VERTEX_POINT('',#2640);
#2643=VERTEX_POINT('',#2641);
#2644=CARTESIAN_POINT('',(-2.7E0,2.65E0,1.E0));
#2645=VERTEX_POINT('',#2644);
#2646=CARTESIAN_POINT('',(-2.7E0,3.35E0,1.E0));
#2647=VERTEX_POINT('',#2646);
#2648=CARTESIAN_POINT('',(4.7E0,-3.35E0,1.E0));
#2649=CARTESIAN_POINT('',(4.7E0,-2.65E0,1.E0));
#2650=VERTEX_POINT('',#2648);
#2651=VERTEX_POINT('',#2649);
#2652=CARTESIAN_POINT('',(2.7E0,-2.65E0,1.E0));
#2653=VERTEX_POINT('',#2652);
#2654=CARTESIAN_POINT('',(2.7E0,-3.35E0,1.E0));
#2655=VERTEX_POINT('',#2654);
#2656=CARTESIAN_POINT('',(2.7E0,3.35E0,1.E0));
#2657=CARTESIAN_POINT('',(2.7E0,2.65E0,1.E0));
#2658=VERTEX_POINT('',#2656);
#2659=VERTEX_POINT('',#2657);
#2660=CARTESIAN_POINT('',(4.7E0,2.65E0,1.E0));
#2661=VERTEX_POINT('',#2660);
#2662=CARTESIAN_POINT('',(4.7E0,3.35E0,1.E0));
#2663=VERTEX_POINT('',#2662);
#2664=CARTESIAN_POINT('',(-5.8E0,-3.35E0,0.E0));
#2665=VERTEX_POINT('',#2664);
#2666=CARTESIAN_POINT('',(5.8E0,-3.35E0,0.E0));
#2667=VERTEX_POINT('',#2666);
#2668=CARTESIAN_POINT('',(5.8E0,3.35E0,0.E0));
#2669=VERTEX_POINT('',#2668);
#2670=CARTESIAN_POINT('',(-5.8E0,3.35E0,0.E0));
#2671=VERTEX_POINT('',#2670);
#2672=CARTESIAN_POINT('',(-5.8E0,-3.35E0,1.E0));
#2673=VERTEX_POINT('',#2672);
#2674=CARTESIAN_POINT('',(5.8E0,-3.35E0,1.E0));
#2675=VERTEX_POINT('',#2674);
#2676=CARTESIAN_POINT('',(5.8E0,3.35E0,1.E0));
#2677=VERTEX_POINT('',#2676);
#2678=CARTESIAN_POINT('',(-5.8E0,3.35E0,1.E0));
#2679=VERTEX_POINT('',#2678);
#2680=CARTESIAN_POINT('',(-8.E0,2.65E0,0.E0));
#2681=CARTESIAN_POINT('',(-5.8E0,2.65E0,0.E0));
#2682=VERTEX_POINT('',#2680);
#2683=VERTEX_POINT('',#2681);
#2684=CARTESIAN_POINT('',(-5.8E0,-2.65E0,0.E0));
#2685=VERTEX_POINT('',#2684);
#2686=CARTESIAN_POINT('',(-8.E0,-2.65E0,0.E0));
#2687=VERTEX_POINT('',#2686);
#2688=CARTESIAN_POINT('',(5.8E0,2.65E0,0.E0));
#2689=VERTEX_POINT('',#2688);
#2690=CARTESIAN_POINT('',(8.E0,2.65E0,0.E0));
#2691=VERTEX_POINT('',#2690);
#2692=CARTESIAN_POINT('',(8.E0,-2.65E0,0.E0));
#2693=CARTESIAN_POINT('',(5.8E0,-2.65E0,0.E0));
#2694=VERTEX_POINT('',#2692);
#2695=VERTEX_POINT('',#2693);
#2696=CARTESIAN_POINT('',(-8.E0,2.65E0,1.E0));
#2697=CARTESIAN_POINT('',(-5.8E0,2.65E0,1.E0));
#2698=VERTEX_POINT('',#2696);
#2699=VERTEX_POINT('',#2697);
#2700=CARTESIAN_POINT('',(-5.8E0,-2.65E0,1.E0));
#2701=VERTEX_POINT('',#2700);
#2702=CARTESIAN_POINT('',(-8.E0,-2.65E0,1.E0));
#2703=VERTEX_POINT('',#2702);
#2704=CARTESIAN_POINT('',(5.8E0,2.65E0,1.E0));
#2705=VERTEX_POINT('',#2704);
#2706=CARTESIAN_POINT('',(8.E0,2.65E0,1.E0));
#2707=VERTEX_POINT('',#2706);
#2708=CARTESIAN_POINT('',(8.E0,-2.65E0,1.E0));
#2709=CARTESIAN_POINT('',(5.8E0,-2.65E0,1.E0));
#2710=VERTEX_POINT('',#2708);
#2711=VERTEX_POINT('',#2709);
#2712=CARTESIAN_POINT('',(-4.8E0,1.05E0,-6.E-1));
#2713=CARTESIAN_POINT('',(-4.8E0,1.45E0,-6.E-1));
#2714=VERTEX_POINT('',#2712);
#2715=VERTEX_POINT('',#2713);
#2716=CARTESIAN_POINT('',(-3.2E0,1.45E0,-6.E-1));
#2717=CARTESIAN_POINT('',(-3.2E0,1.05E0,-6.E-1));
#2718=VERTEX_POINT('',#2716);
#2719=VERTEX_POINT('',#2717);
#2720=CARTESIAN_POINT('',(-4.8E0,1.05E0,0.E0));
#2721=CARTESIAN_POINT('',(-4.8E0,1.45E0,0.E0));
#2722=VERTEX_POINT('',#2720);
#2723=VERTEX_POINT('',#2721);
#2724=CARTESIAN_POINT('',(-3.2E0,1.45E0,0.E0));
#2725=CARTESIAN_POINT('',(-3.2E0,1.05E0,0.E0));
#2726=VERTEX_POINT('',#2724);
#2727=VERTEX_POINT('',#2725);
#2728=CARTESIAN_POINT('',(-4.25E0,1.05E0,-6.E-1));
#2729=CARTESIAN_POINT('',(-4.25E0,1.45E0,-6.E-1));
#2730=VERTEX_POINT('',#2728);
#2731=VERTEX_POINT('',#2729);
#2732=CARTESIAN_POINT('',(-3.75E0,1.45E0,-6.E-1));
#2733=CARTESIAN_POINT('',(-3.75E0,1.05E0,-6.E-1));
#2734=VERTEX_POINT('',#2732);
#2735=VERTEX_POINT('',#2733);
#2736=CARTESIAN_POINT('',(-3.75E0,1.45E0,-4.55E0));
#2737=CARTESIAN_POINT('',(-4.25E0,1.45E0,-4.55E0));
#2738=VERTEX_POINT('',#2736);
#2739=VERTEX_POINT('',#2737);
#2740=CARTESIAN_POINT('',(-4.25E0,1.05E0,-4.55E0));
#2741=VERTEX_POINT('',#2740);
#2742=CARTESIAN_POINT('',(-3.75E0,1.05E0,-4.55E0));
#2743=VERTEX_POINT('',#2742);
#2744=CARTESIAN_POINT('',(-7.132059079497E0,-2.35E0,5.8E0));
#2745=CARTESIAN_POINT('',(2.610240920503E0,-2.35E0,5.8E0));
#2746=VERTEX_POINT('',#2744);
#2747=VERTEX_POINT('',#2745);
#2748=CARTESIAN_POINT('',(2.610240920503E0,2.35E0,5.8E0));
#2749=VERTEX_POINT('',#2748);
#2750=CARTESIAN_POINT('',(-7.132059079497E0,2.35E0,5.8E0));
#2751=VERTEX_POINT('',#2750);
#2752=CARTESIAN_POINT('',(-7.132059079497E0,-2.35E0,1.E0));
#2753=CARTESIAN_POINT('',(2.610240920503E0,-2.35E0,1.E0));
#2754=VERTEX_POINT('',#2752);
#2755=VERTEX_POINT('',#2753);
#2756=CARTESIAN_POINT('',(2.610240920503E0,2.35E0,1.E0));
#2757=VERTEX_POINT('',#2756);
#2758=CARTESIAN_POINT('',(-7.132059079497E0,2.35E0,1.E0));
#2759=VERTEX_POINT('',#2758);
#2760=CARTESIAN_POINT('',(-1.6264E0,-3.576E-1,-1.E-2));
#2761=CARTESIAN_POINT('',(-1.6264E0,3.933E-1,-1.E-2));
#2762=VERTEX_POINT('',#2760);
#2763=VERTEX_POINT('',#2761);
#2764=CARTESIAN_POINT('',(-1.063225E0,3.933E-1,-1.E-2));
#2765=VERTEX_POINT('',#2764);
#2766=CARTESIAN_POINT('',(-1.063225E0,2.974404257700E-1,-1.E-2));
#2767=VERTEX_POINT('',#2766);
#2768=CARTESIAN_POINT('',(-1.5325375E0,2.974404257700E-1,-1.E-2));
#2769=VERTEX_POINT('',#2768);
#2770=CARTESIAN_POINT('',(-1.5325375E0,-3.576E-1,-1.E-2));
#2771=VERTEX_POINT('',#2770);
#2772=CARTESIAN_POINT('',(-3.279687798381E-1,2.015808515400E-1,-1.E-2));
#2773=CARTESIAN_POINT('',(-4.218312798381E-1,2.015808515400E-1,-1.E-2));
#2774=VERTEX_POINT('',#2772);
#2775=VERTEX_POINT('',#2773);
#2776=CARTESIAN_POINT('',(-4.374749701619E-1,2.495106330603E-1,-1.E-2));
#2777=VERTEX_POINT('',#2776);
#2778=CARTESIAN_POINT('',(-4.844062201619E-1,2.814638319299E-1,-1.E-2));
#2779=VERTEX_POINT('',#2778);
#2780=CARTESIAN_POINT('',(-5.4698125E-1,2.974404257700E-1,-1.E-2));
#2781=VERTEX_POINT('',#2780);
#2782=CARTESIAN_POINT('',(-6.87775E-1,2.974404257700E-1,-1.E-2));
#2783=VERTEX_POINT('',#2782);
#2784=CARTESIAN_POINT('',(-7.503500298381E-1,2.814638319299E-1,-1.E-2));
#2785=VERTEX_POINT('',#2784);
#2786=CARTESIAN_POINT('',(-7.972812798381E-1,2.495106330603E-1,-1.E-2));
#2787=VERTEX_POINT('',#2786);
#2788=CARTESIAN_POINT('',(-8.2856875E-1,2.015808515400E-1,-1.E-2));
#2789=VERTEX_POINT('',#2788);
#2790=CARTESIAN_POINT('',(-8.442125298381E-1,1.376744761795E-1,-1.E-2));
#2791=VERTEX_POINT('',#2790);
#2792=CARTESIAN_POINT('',(-8.442125298381E-1,-1.019744538009E-1,-1.E-2));
#2793=VERTEX_POINT('',#2792);
#2794=CARTESIAN_POINT('',(-8.2856875E-1,-1.658808291614E-1,-1.E-2));
#2795=VERTEX_POINT('',#2794);
#2796=CARTESIAN_POINT('',(-7.972812798381E-1,-2.138106554389E-1,-1.E-2));
#2797=VERTEX_POINT('',#2796);
#2798=CARTESIAN_POINT('',(-7.503500298381E-1,-2.457638431191E-1,-1.E-2));
#2799=VERTEX_POINT('',#2798);
#2800=CARTESIAN_POINT('',(-6.87775E-1,-2.617404369593E-1,-1.E-2));
#2801=VERTEX_POINT('',#2800);
#2802=CARTESIAN_POINT('',(-5.4698125E-1,-2.617404369593E-1,-1.E-2));
#2803=VERTEX_POINT('',#2802);
#2804=CARTESIAN_POINT('',(-4.844062201619E-1,-2.457638431191E-1,-1.E-2));
#2805=VERTEX_POINT('',#2804);
#2806=CARTESIAN_POINT('',(-4.374749701619E-1,-2.138106554389E-1,-1.E-2));
#2807=VERTEX_POINT('',#2806);
#2808=CARTESIAN_POINT('',(-4.218312798381E-1,-1.658808291614E-1,-1.E-2));
#2809=VERTEX_POINT('',#2808);
#2810=CARTESIAN_POINT('',(-3.279687798381E-1,-1.658808291614E-1,-1.E-2));
#2811=VERTEX_POINT('',#2810);
#2812=CARTESIAN_POINT('',(-3.436124701619E-1,-2.457638431191E-1,-1.E-2));
#2813=VERTEX_POINT('',#2812);
#2814=CARTESIAN_POINT('',(-4.061875E-1,-3.096702184796E-1,-1.E-2));
#2815=VERTEX_POINT('',#2814);
#2816=CARTESIAN_POINT('',(-4.687625298381E-1,-3.416234061599E-1,-1.E-2));
#2817=VERTEX_POINT('',#2816);
#2818=CARTESIAN_POINT('',(-5.4698125E-1,-3.576E-1,-1.E-2));
#2819=VERTEX_POINT('',#2818);
#2820=CARTESIAN_POINT('',(-6.87775E-1,-3.576E-1,-1.E-2));
#2821=VERTEX_POINT('',#2820);
#2822=CARTESIAN_POINT('',(-7.659937201619E-1,-3.416234061599E-1,-1.E-2));
#2823=VERTEX_POINT('',#2822);
#2824=CARTESIAN_POINT('',(-8.2856875E-1,-3.096702184796E-1,-1.E-2));
#2825=VERTEX_POINT('',#2824);
#2826=CARTESIAN_POINT('',(-8.911437350810E-1,-2.457638431191E-1,-1.E-2));
#2827=VERTEX_POINT('',#2826);
#2828=CARTESIAN_POINT('',(-9.2243125E-1,-1.818574677587E-1,-1.E-2));
#2829=VERTEX_POINT('',#2828);
#2830=CARTESIAN_POINT('',(-9.380749850810E-1,-1.019744538009E-1,-1.E-2));
#2831=VERTEX_POINT('',#2830);
#2832=CARTESIAN_POINT('',(-9.380749850810E-1,1.376744761795E-1,-1.E-2));
#2833=VERTEX_POINT('',#2832);
#2834=CARTESIAN_POINT('',(-9.2243125E-1,2.175574453801E-1,-1.E-2));
#2835=VERTEX_POINT('',#2834);
#2836=CARTESIAN_POINT('',(-8.911437350810E-1,2.814638319299E-1,-1.E-2));
#2837=VERTEX_POINT('',#2836);
#2838=CARTESIAN_POINT('',(-8.2856875E-1,3.453702128850E-1,-1.E-2));
#2839=VERTEX_POINT('',#2838);
#2840=CARTESIAN_POINT('',(-7.659937201619E-1,3.773234047612E-1,-1.E-2));
#2841=VERTEX_POINT('',#2840);
#2842=CARTESIAN_POINT('',(-6.87775E-1,3.933E-1,-1.E-2));
#2843=VERTEX_POINT('',#2842);
#2844=CARTESIAN_POINT('',(-5.4698125E-1,3.933E-1,-1.E-2));
#2845=VERTEX_POINT('',#2844);
#2846=CARTESIAN_POINT('',(-4.687625298381E-1,3.773234047612E-1,-1.E-2));
#2847=VERTEX_POINT('',#2846);
#2848=CARTESIAN_POINT('',(-4.061875E-1,3.453702128850E-1,-1.E-2));
#2849=VERTEX_POINT('',#2848);
#2850=CARTESIAN_POINT('',(-3.436124701619E-1,2.814638319299E-1,-1.E-2));
#2851=VERTEX_POINT('',#2850);
#2852=CARTESIAN_POINT('',(3.603561903238E-1,2.974404257700E-1,-1.E-2));
#2853=CARTESIAN_POINT('',(-1.089563096762E-1,2.974404257700E-1,-1.E-2));
#2854=VERTEX_POINT('',#2852);
#2855=VERTEX_POINT('',#2853);
#2856=CARTESIAN_POINT('',(-1.089563096762E-1,4.181489076018E-2,-1.E-2));
#2857=VERTEX_POINT('',#2856);
#2858=CARTESIAN_POINT('',(2.9778125E-1,4.181489076018E-2,-1.E-2));
#2859=VERTEX_POINT('',#2858);
#2860=CARTESIAN_POINT('',(2.9778125E-1,-5.404467228055E-2,-1.E-2));
#2861=VERTEX_POINT('',#2860);
#2862=CARTESIAN_POINT('',(-1.089563096762E-1,-5.404467228055E-2,-1.E-2));
#2863=VERTEX_POINT('',#2862);
#2864=CARTESIAN_POINT('',(-1.089563096762E-1,-2.617404369593E-1,-1.E-2));
#2865=VERTEX_POINT('',#2864);
#2866=CARTESIAN_POINT('',(3.603561903238E-1,-2.617404369593E-1,-1.E-2));
#2867=VERTEX_POINT('',#2866);
#2868=CARTESIAN_POINT('',(3.603561903238E-1,-3.576E-1,-1.E-2));
#2869=VERTEX_POINT('',#2868);
#2870=CARTESIAN_POINT('',(-2.028187201619E-1,-3.576E-1,-1.E-2));
#2871=VERTEX_POINT('',#2870);
#2872=CARTESIAN_POINT('',(-2.028187201619E-1,3.933E-1,-1.E-2));
#2873=VERTEX_POINT('',#2872);
#2874=CARTESIAN_POINT('',(3.603561903238E-1,3.933E-1,-1.E-2));
#2875=VERTEX_POINT('',#2874);
#2876=CARTESIAN_POINT('',(8.6095625E-1,-3.576E-1,-1.E-2));
#2877=CARTESIAN_POINT('',(4.8550625E-1,-3.576E-1,-1.E-2));
#2878=VERTEX_POINT('',#2876);
#2879=VERTEX_POINT('',#2877);
#2880=CARTESIAN_POINT('',(4.8550625E-1,3.933E-1,-1.E-2));
#2881=VERTEX_POINT('',#2880);
#2882=CARTESIAN_POINT('',(8.6095625E-1,3.933E-1,-1.E-2));
#2883=VERTEX_POINT('',#2882);
#2884=CARTESIAN_POINT('',(9.391750596762E-1,3.773234047612E-1,-1.E-2));
#2885=VERTEX_POINT('',#2884);
#2886=CARTESIAN_POINT('',(1.00175E0,3.453702128850E-1,-1.E-2));
#2887=VERTEX_POINT('',#2886);
#2888=CARTESIAN_POINT('',(1.064324940324E0,2.814638319299E-1,-1.E-2));
#2889=VERTEX_POINT('',#2888);
#2890=CARTESIAN_POINT('',(1.0956125E0,2.175574453801E-1,-1.E-2));
#2891=VERTEX_POINT('',#2890);
#2892=CARTESIAN_POINT('',(1.111256190324E0,1.376744761795E-1,-1.E-2));
#2893=VERTEX_POINT('',#2892);
#2894=CARTESIAN_POINT('',(1.111256190324E0,-1.019744538009E-1,-1.E-2));
#2895=VERTEX_POINT('',#2894);
#2896=CARTESIAN_POINT('',(1.0956125E0,-1.818574677587E-1,-1.E-2));
#2897=VERTEX_POINT('',#2896);
#2898=CARTESIAN_POINT('',(1.064324940324E0,-2.457638431191E-1,-1.E-2));
#2899=VERTEX_POINT('',#2898);
#2900=CARTESIAN_POINT('',(1.00175E0,-3.096702184796E-1,-1.E-2));
#2901=VERTEX_POINT('',#2900);
#2902=CARTESIAN_POINT('',(9.391750596762E-1,-3.416234061599E-1,-1.E-2));
#2903=VERTEX_POINT('',#2902);
#2904=CARTESIAN_POINT('',(5.7936875E-1,-2.617404369593E-1,-1.E-2));
#2905=CARTESIAN_POINT('',(8.6095625E-1,-2.617404369593E-1,-1.E-2));
#2906=VERTEX_POINT('',#2904);
#2907=VERTEX_POINT('',#2905);
#2908=CARTESIAN_POINT('',(9.235311903238E-1,-2.457638431191E-1,-1.E-2));
#2909=VERTEX_POINT('',#2908);
#2910=CARTESIAN_POINT('',(9.704624403238E-1,-2.138106554389E-1,-1.E-2));
#2911=VERTEX_POINT('',#2910);
#2912=CARTESIAN_POINT('',(1.00175E0,-1.658808291614E-1,-1.E-2));
#2913=VERTEX_POINT('',#2912);
#2914=CARTESIAN_POINT('',(1.017393690324E0,-1.019744538009E-1,-1.E-2));
#2915=VERTEX_POINT('',#2914);
#2916=CARTESIAN_POINT('',(1.017393690324E0,1.376744761795E-1,-1.E-2));
#2917=VERTEX_POINT('',#2916);
#2918=CARTESIAN_POINT('',(1.00175E0,2.015808515400E-1,-1.E-2));
#2919=VERTEX_POINT('',#2918);
#2920=CARTESIAN_POINT('',(9.704624403238E-1,2.495106330603E-1,-1.E-2));
#2921=VERTEX_POINT('',#2920);
#2922=CARTESIAN_POINT('',(9.235311903238E-1,2.814638319299E-1,-1.E-2));
#2923=VERTEX_POINT('',#2922);
#2924=CARTESIAN_POINT('',(8.6095625E-1,2.974404257700E-1,-1.E-2));
#2925=VERTEX_POINT('',#2924);
#2926=CARTESIAN_POINT('',(5.7936875E-1,2.974404257700E-1,-1.E-2));
#2927=VERTEX_POINT('',#2926);
#2928=CARTESIAN_POINT('',(1.61185625E0,-3.576E-1,-1.E-2));
#2929=CARTESIAN_POINT('',(1.486706369352E0,-3.576E-1,-1.E-2));
#2930=VERTEX_POINT('',#2928);
#2931=VERTEX_POINT('',#2929);
#2932=CARTESIAN_POINT('',(1.23640625E0,3.933E-1,-1.E-2));
#2933=VERTEX_POINT('',#2932);
#2934=CARTESIAN_POINT('',(1.33026875E0,3.933E-1,-1.E-2));
#2935=VERTEX_POINT('',#2934);
#2936=CARTESIAN_POINT('',(1.392843869352E0,2.015808515400E-1,-1.E-2));
#2937=VERTEX_POINT('',#2936);
#2938=CARTESIAN_POINT('',(1.70571875E0,2.015808515400E-1,-1.E-2));
#2939=VERTEX_POINT('',#2938);
#2940=CARTESIAN_POINT('',(1.768293869352E0,3.933E-1,-1.E-2));
#2941=VERTEX_POINT('',#2940);
#2942=CARTESIAN_POINT('',(1.862156369352E0,3.933E-1,-1.E-2));
#2943=VERTEX_POINT('',#2942);
#2944=CARTESIAN_POINT('',(1.549281130648E0,-2.936936246395E-1,-1.E-2));
#2945=CARTESIAN_POINT('',(1.690074880648E0,1.376744761795E-1,-1.E-2));
#2946=VERTEX_POINT('',#2944);
#2947=VERTEX_POINT('',#2945);
#2948=CARTESIAN_POINT('',(1.408487380648E0,1.376744761795E-1,-1.E-2));
#2949=VERTEX_POINT('',#2948);
#2950=CARTESIAN_POINT('',(-1.6264E0,-3.576E-1,0.E0));
#2951=CARTESIAN_POINT('',(-1.6264E0,3.933E-1,0.E0));
#2952=VERTEX_POINT('',#2950);
#2953=VERTEX_POINT('',#2951);
#2954=CARTESIAN_POINT('',(-1.063225E0,3.933E-1,0.E0));
#2955=VERTEX_POINT('',#2954);
#2956=CARTESIAN_POINT('',(-1.063225E0,2.974404257700E-1,0.E0));
#2957=VERTEX_POINT('',#2956);
#2958=CARTESIAN_POINT('',(-1.5325375E0,2.974404257700E-1,0.E0));
#2959=VERTEX_POINT('',#2958);
#2960=CARTESIAN_POINT('',(-1.5325375E0,-3.576E-1,0.E0));
#2961=VERTEX_POINT('',#2960);
#2962=CARTESIAN_POINT('',(-3.279687798381E-1,2.015808515400E-1,0.E0));
#2963=CARTESIAN_POINT('',(-4.218312798381E-1,2.015808515400E-1,0.E0));
#2964=VERTEX_POINT('',#2962);
#2965=VERTEX_POINT('',#2963);
#2966=CARTESIAN_POINT('',(-4.374749701619E-1,2.495106330603E-1,0.E0));
#2967=VERTEX_POINT('',#2966);
#2968=CARTESIAN_POINT('',(-4.844062201619E-1,2.814638319299E-1,0.E0));
#2969=VERTEX_POINT('',#2968);
#2970=CARTESIAN_POINT('',(-5.4698125E-1,2.974404257700E-1,0.E0));
#2971=VERTEX_POINT('',#2970);
#2972=CARTESIAN_POINT('',(-6.87775E-1,2.974404257700E-1,0.E0));
#2973=VERTEX_POINT('',#2972);
#2974=CARTESIAN_POINT('',(-7.503500298381E-1,2.814638319299E-1,0.E0));
#2975=VERTEX_POINT('',#2974);
#2976=CARTESIAN_POINT('',(-7.972812798381E-1,2.495106330603E-1,0.E0));
#2977=VERTEX_POINT('',#2976);
#2978=CARTESIAN_POINT('',(-8.2856875E-1,2.015808515400E-1,0.E0));
#2979=VERTEX_POINT('',#2978);
#2980=CARTESIAN_POINT('',(-8.442125298381E-1,1.376744761795E-1,0.E0));
#2981=VERTEX_POINT('',#2980);
#2982=CARTESIAN_POINT('',(-8.442125298381E-1,-1.019744538009E-1,0.E0));
#2983=VERTEX_POINT('',#2982);
#2984=CARTESIAN_POINT('',(-8.2856875E-1,-1.658808291614E-1,0.E0));
#2985=VERTEX_POINT('',#2984);
#2986=CARTESIAN_POINT('',(-7.972812798381E-1,-2.138106554389E-1,0.E0));
#2987=VERTEX_POINT('',#2986);
#2988=CARTESIAN_POINT('',(-7.503500298381E-1,-2.457638431191E-1,0.E0));
#2989=VERTEX_POINT('',#2988);
#2990=CARTESIAN_POINT('',(-6.87775E-1,-2.617404369593E-1,0.E0));
#2991=VERTEX_POINT('',#2990);
#2992=CARTESIAN_POINT('',(-5.4698125E-1,-2.617404369593E-1,0.E0));
#2993=VERTEX_POINT('',#2992);
#2994=CARTESIAN_POINT('',(-4.844062201619E-1,-2.457638431191E-1,0.E0));
#2995=VERTEX_POINT('',#2994);
#2996=CARTESIAN_POINT('',(-4.374749701619E-1,-2.138106554389E-1,0.E0));
#2997=VERTEX_POINT('',#2996);
#2998=CARTESIAN_POINT('',(-4.218312798381E-1,-1.658808291614E-1,0.E0));
#2999=VERTEX_POINT('',#2998);
#3000=CARTESIAN_POINT('',(-3.279687798381E-1,-1.658808291614E-1,0.E0));
#3001=VERTEX_POINT('',#3000);
#3002=CARTESIAN_POINT('',(-3.436124701619E-1,-2.457638431191E-1,0.E0));
#3003=VERTEX_POINT('',#3002);
#3004=CARTESIAN_POINT('',(-4.061875E-1,-3.096702184796E-1,0.E0));
#3005=VERTEX_POINT('',#3004);
#3006=CARTESIAN_POINT('',(-4.687625298381E-1,-3.416234061599E-1,0.E0));
#3007=VERTEX_POINT('',#3006);
#3008=CARTESIAN_POINT('',(-5.4698125E-1,-3.576E-1,0.E0));
#3009=VERTEX_POINT('',#3008);
#3010=CARTESIAN_POINT('',(-6.87775E-1,-3.576E-1,0.E0));
#3011=VERTEX_POINT('',#3010);
#3012=CARTESIAN_POINT('',(-7.659937201619E-1,-3.416234061599E-1,0.E0));
#3013=VERTEX_POINT('',#3012);
#3014=CARTESIAN_POINT('',(-8.2856875E-1,-3.096702184796E-1,0.E0));
#3015=VERTEX_POINT('',#3014);
#3016=CARTESIAN_POINT('',(-8.911437350810E-1,-2.457638431191E-1,0.E0));
#3017=VERTEX_POINT('',#3016);
#3018=CARTESIAN_POINT('',(-9.2243125E-1,-1.818574677587E-1,0.E0));
#3019=VERTEX_POINT('',#3018);
#3020=CARTESIAN_POINT('',(-9.380749850810E-1,-1.019744538009E-1,0.E0));
#3021=VERTEX_POINT('',#3020);
#3022=CARTESIAN_POINT('',(-9.380749850810E-1,1.376744761795E-1,0.E0));
#3023=VERTEX_POINT('',#3022);
#3024=CARTESIAN_POINT('',(-9.2243125E-1,2.175574453801E-1,0.E0));
#3025=VERTEX_POINT('',#3024);
#3026=CARTESIAN_POINT('',(-8.911437350810E-1,2.814638319299E-1,0.E0));
#3027=VERTEX_POINT('',#3026);
#3028=CARTESIAN_POINT('',(-8.2856875E-1,3.453702128850E-1,0.E0));
#3029=VERTEX_POINT('',#3028);
#3030=CARTESIAN_POINT('',(-7.659937201619E-1,3.773234047612E-1,0.E0));
#3031=VERTEX_POINT('',#3030);
#3032=CARTESIAN_POINT('',(-6.87775E-1,3.933E-1,0.E0));
#3033=VERTEX_POINT('',#3032);
#3034=CARTESIAN_POINT('',(-5.4698125E-1,3.933E-1,0.E0));
#3035=VERTEX_POINT('',#3034);
#3036=CARTESIAN_POINT('',(-4.687625298381E-1,3.773234047612E-1,0.E0));
#3037=VERTEX_POINT('',#3036);
#3038=CARTESIAN_POINT('',(-4.061875E-1,3.453702128850E-1,0.E0));
#3039=VERTEX_POINT('',#3038);
#3040=CARTESIAN_POINT('',(-3.436124701619E-1,2.814638319299E-1,0.E0));
#3041=VERTEX_POINT('',#3040);
#3042=CARTESIAN_POINT('',(3.603561903238E-1,2.974404257700E-1,0.E0));
#3043=CARTESIAN_POINT('',(-1.089563096762E-1,2.974404257700E-1,0.E0));
#3044=VERTEX_POINT('',#3042);
#3045=VERTEX_POINT('',#3043);
#3046=CARTESIAN_POINT('',(-1.089563096762E-1,4.181489076018E-2,0.E0));
#3047=VERTEX_POINT('',#3046);
#3048=CARTESIAN_POINT('',(2.9778125E-1,4.181489076018E-2,0.E0));
#3049=VERTEX_POINT('',#3048);
#3050=CARTESIAN_POINT('',(2.9778125E-1,-5.404467228055E-2,0.E0));
#3051=VERTEX_POINT('',#3050);
#3052=CARTESIAN_POINT('',(-1.089563096762E-1,-5.404467228055E-2,0.E0));
#3053=VERTEX_POINT('',#3052);
#3054=CARTESIAN_POINT('',(-1.089563096762E-1,-2.617404369593E-1,0.E0));
#3055=VERTEX_POINT('',#3054);
#3056=CARTESIAN_POINT('',(3.603561903238E-1,-2.617404369593E-1,0.E0));
#3057=VERTEX_POINT('',#3056);
#3058=CARTESIAN_POINT('',(3.603561903238E-1,-3.576E-1,0.E0));
#3059=VERTEX_POINT('',#3058);
#3060=CARTESIAN_POINT('',(-2.028187201619E-1,-3.576E-1,0.E0));
#3061=VERTEX_POINT('',#3060);
#3062=CARTESIAN_POINT('',(-2.028187201619E-1,3.933E-1,0.E0));
#3063=VERTEX_POINT('',#3062);
#3064=CARTESIAN_POINT('',(3.603561903238E-1,3.933E-1,0.E0));
#3065=VERTEX_POINT('',#3064);
#3066=CARTESIAN_POINT('',(8.6095625E-1,-3.576E-1,0.E0));
#3067=CARTESIAN_POINT('',(4.8550625E-1,-3.576E-1,0.E0));
#3068=VERTEX_POINT('',#3066);
#3069=VERTEX_POINT('',#3067);
#3070=CARTESIAN_POINT('',(4.8550625E-1,3.933E-1,0.E0));
#3071=VERTEX_POINT('',#3070);
#3072=CARTESIAN_POINT('',(8.6095625E-1,3.933E-1,0.E0));
#3073=VERTEX_POINT('',#3072);
#3074=CARTESIAN_POINT('',(9.391750596762E-1,3.773234047612E-1,0.E0));
#3075=VERTEX_POINT('',#3074);
#3076=CARTESIAN_POINT('',(1.00175E0,3.453702128850E-1,0.E0));
#3077=VERTEX_POINT('',#3076);
#3078=CARTESIAN_POINT('',(1.064324940324E0,2.814638319299E-1,0.E0));
#3079=VERTEX_POINT('',#3078);
#3080=CARTESIAN_POINT('',(1.0956125E0,2.175574453801E-1,0.E0));
#3081=VERTEX_POINT('',#3080);
#3082=CARTESIAN_POINT('',(1.111256190324E0,1.376744761795E-1,0.E0));
#3083=VERTEX_POINT('',#3082);
#3084=CARTESIAN_POINT('',(1.111256190324E0,-1.019744538009E-1,0.E0));
#3085=VERTEX_POINT('',#3084);
#3086=CARTESIAN_POINT('',(1.0956125E0,-1.818574677587E-1,0.E0));
#3087=VERTEX_POINT('',#3086);
#3088=CARTESIAN_POINT('',(1.064324940324E0,-2.457638431191E-1,0.E0));
#3089=VERTEX_POINT('',#3088);
#3090=CARTESIAN_POINT('',(1.00175E0,-3.096702184796E-1,0.E0));
#3091=VERTEX_POINT('',#3090);
#3092=CARTESIAN_POINT('',(9.391750596762E-1,-3.416234061599E-1,0.E0));
#3093=VERTEX_POINT('',#3092);
#3094=CARTESIAN_POINT('',(5.7936875E-1,-2.617404369593E-1,0.E0));
#3095=CARTESIAN_POINT('',(8.6095625E-1,-2.617404369593E-1,0.E0));
#3096=VERTEX_POINT('',#3094);
#3097=VERTEX_POINT('',#3095);
#3098=CARTESIAN_POINT('',(9.235311903238E-1,-2.457638431191E-1,0.E0));
#3099=VERTEX_POINT('',#3098);
#3100=CARTESIAN_POINT('',(9.704624403238E-1,-2.138106554389E-1,0.E0));
#3101=VERTEX_POINT('',#3100);
#3102=CARTESIAN_POINT('',(1.00175E0,-1.658808291614E-1,0.E0));
#3103=VERTEX_POINT('',#3102);
#3104=CARTESIAN_POINT('',(1.017393690324E0,-1.019744538009E-1,0.E0));
#3105=VERTEX_POINT('',#3104);
#3106=CARTESIAN_POINT('',(1.017393690324E0,1.376744761795E-1,0.E0));
#3107=VERTEX_POINT('',#3106);
#3108=CARTESIAN_POINT('',(1.00175E0,2.015808515400E-1,0.E0));
#3109=VERTEX_POINT('',#3108);
#3110=CARTESIAN_POINT('',(9.704624403238E-1,2.495106330603E-1,0.E0));
#3111=VERTEX_POINT('',#3110);
#3112=CARTESIAN_POINT('',(9.235311903238E-1,2.814638319299E-1,0.E0));
#3113=VERTEX_POINT('',#3112);
#3114=CARTESIAN_POINT('',(8.6095625E-1,2.974404257700E-1,0.E0));
#3115=VERTEX_POINT('',#3114);
#3116=CARTESIAN_POINT('',(5.7936875E-1,2.974404257700E-1,0.E0));
#3117=VERTEX_POINT('',#3116);
#3118=CARTESIAN_POINT('',(1.61185625E0,-3.576E-1,0.E0));
#3119=CARTESIAN_POINT('',(1.486706369352E0,-3.576E-1,0.E0));
#3120=VERTEX_POINT('',#3118);
#3121=VERTEX_POINT('',#3119);
#3122=CARTESIAN_POINT('',(1.23640625E0,3.933E-1,0.E0));
#3123=VERTEX_POINT('',#3122);
#3124=CARTESIAN_POINT('',(1.33026875E0,3.933E-1,0.E0));
#3125=VERTEX_POINT('',#3124);
#3126=CARTESIAN_POINT('',(1.392843869352E0,2.015808515400E-1,0.E0));
#3127=VERTEX_POINT('',#3126);
#3128=CARTESIAN_POINT('',(1.70571875E0,2.015808515400E-1,0.E0));
#3129=VERTEX_POINT('',#3128);
#3130=CARTESIAN_POINT('',(1.768293869352E0,3.933E-1,0.E0));
#3131=VERTEX_POINT('',#3130);
#3132=CARTESIAN_POINT('',(1.862156369352E0,3.933E-1,0.E0));
#3133=VERTEX_POINT('',#3132);
#3134=CARTESIAN_POINT('',(1.549281130648E0,-2.936936246395E-1,0.E0));
#3135=CARTESIAN_POINT('',(1.690074880648E0,1.376744761795E-1,0.E0));
#3136=VERTEX_POINT('',#3134);
#3137=VERTEX_POINT('',#3135);
#3138=CARTESIAN_POINT('',(1.408487380648E0,1.376744761795E-1,0.E0));
#3139=VERTEX_POINT('',#3138);
#3140=CARTESIAN_POINT('',(-2.8E0,1.05E0,-6.E-1));
#3141=CARTESIAN_POINT('',(-2.8E0,1.45E0,-6.E-1));
#3142=VERTEX_POINT('',#3140);
#3143=VERTEX_POINT('',#3141);
#3144=CARTESIAN_POINT('',(-1.2E0,1.45E0,-6.E-1));
#3145=CARTESIAN_POINT('',(-1.2E0,1.05E0,-6.E-1));
#3146=VERTEX_POINT('',#3144);
#3147=VERTEX_POINT('',#3145);
#3148=CARTESIAN_POINT('',(-1.75E0,1.05E0,-6.E-1));
#3149=VERTEX_POINT('',#3148);
#3150=CARTESIAN_POINT('',(-2.25E0,1.05E0,-6.E-1));
#3151=VERTEX_POINT('',#3150);
#3152=CARTESIAN_POINT('',(-2.25E0,1.45E0,-6.E-1));
#3153=VERTEX_POINT('',#3152);
#3154=CARTESIAN_POINT('',(-1.75E0,1.45E0,-6.E-1));
#3155=VERTEX_POINT('',#3154);
#3156=CARTESIAN_POINT('',(-1.2E0,1.05E0,0.E0));
#3157=VERTEX_POINT('',#3156);
#3158=CARTESIAN_POINT('',(-2.8E0,1.05E0,0.E0));
#3159=VERTEX_POINT('',#3158);
#3160=CARTESIAN_POINT('',(-2.8E0,1.45E0,0.E0));
#3161=VERTEX_POINT('',#3160);
#3162=CARTESIAN_POINT('',(-1.2E0,1.45E0,0.E0));
#3163=VERTEX_POINT('',#3162);
#3164=CARTESIAN_POINT('',(-8.E-1,1.05E0,-6.E-1));
#3165=CARTESIAN_POINT('',(-8.E-1,1.45E0,-6.E-1));
#3166=VERTEX_POINT('',#3164);
#3167=VERTEX_POINT('',#3165);
#3168=CARTESIAN_POINT('',(8.E-1,1.45E0,-6.E-1));
#3169=CARTESIAN_POINT('',(8.E-1,1.05E0,-6.E-1));
#3170=VERTEX_POINT('',#3168);
#3171=VERTEX_POINT('',#3169);
#3172=CARTESIAN_POINT('',(2.5E-1,1.05E0,-6.E-1));
#3173=VERTEX_POINT('',#3172);
#3174=CARTESIAN_POINT('',(-2.5E-1,1.05E0,-6.E-1));
#3175=VERTEX_POINT('',#3174);
#3176=CARTESIAN_POINT('',(-2.5E-1,1.45E0,-6.E-1));
#3177=VERTEX_POINT('',#3176);
#3178=CARTESIAN_POINT('',(2.5E-1,1.45E0,-6.E-1));
#3179=VERTEX_POINT('',#3178);
#3180=CARTESIAN_POINT('',(8.E-1,1.05E0,0.E0));
#3181=VERTEX_POINT('',#3180);
#3182=CARTESIAN_POINT('',(-8.E-1,1.05E0,0.E0));
#3183=VERTEX_POINT('',#3182);
#3184=CARTESIAN_POINT('',(-8.E-1,1.45E0,0.E0));
#3185=VERTEX_POINT('',#3184);
#3186=CARTESIAN_POINT('',(8.E-1,1.45E0,0.E0));
#3187=VERTEX_POINT('',#3186);
#3188=CARTESIAN_POINT('',(-1.75E0,1.45E0,-4.55E0));
#3189=CARTESIAN_POINT('',(-2.25E0,1.45E0,-4.55E0));
#3190=VERTEX_POINT('',#3188);
#3191=VERTEX_POINT('',#3189);
#3192=CARTESIAN_POINT('',(-2.25E0,1.05E0,-4.55E0));
#3193=VERTEX_POINT('',#3192);
#3194=CARTESIAN_POINT('',(-1.75E0,1.05E0,-4.55E0));
#3195=VERTEX_POINT('',#3194);
#3196=CARTESIAN_POINT('',(2.5E-1,1.45E0,-4.55E0));
#3197=CARTESIAN_POINT('',(-2.5E-1,1.45E0,-4.55E0));
#3198=VERTEX_POINT('',#3196);
#3199=VERTEX_POINT('',#3197);
#3200=CARTESIAN_POINT('',(-2.5E-1,1.05E0,-4.55E0));
#3201=VERTEX_POINT('',#3200);
#3202=CARTESIAN_POINT('',(2.5E-1,1.05E0,-4.55E0));
#3203=VERTEX_POINT('',#3202);
#3204=CARTESIAN_POINT('',(-4.8E0,-1.45E0,-6.E-1));
#3205=CARTESIAN_POINT('',(-4.8E0,-1.05E0,-6.E-1));
#3206=VERTEX_POINT('',#3204);
#3207=VERTEX_POINT('',#3205);
#3208=CARTESIAN_POINT('',(-3.2E0,-1.05E0,-6.E-1));
#3209=CARTESIAN_POINT('',(-3.2E0,-1.45E0,-6.E-1));
#3210=VERTEX_POINT('',#3208);
#3211=VERTEX_POINT('',#3209);
#3212=CARTESIAN_POINT('',(-3.75E0,-1.45E0,-6.E-1));
#3213=VERTEX_POINT('',#3212);
#3214=CARTESIAN_POINT('',(-4.25E0,-1.45E0,-6.E-1));
#3215=VERTEX_POINT('',#3214);
#3216=CARTESIAN_POINT('',(-4.25E0,-1.05E0,-6.E-1));
#3217=VERTEX_POINT('',#3216);
#3218=CARTESIAN_POINT('',(-3.75E0,-1.05E0,-6.E-1));
#3219=VERTEX_POINT('',#3218);
#3220=CARTESIAN_POINT('',(-3.2E0,-1.45E0,0.E0));
#3221=VERTEX_POINT('',#3220);
#3222=CARTESIAN_POINT('',(-4.8E0,-1.45E0,0.E0));
#3223=VERTEX_POINT('',#3222);
#3224=CARTESIAN_POINT('',(-4.8E0,-1.05E0,0.E0));
#3225=VERTEX_POINT('',#3224);
#3226=CARTESIAN_POINT('',(-3.2E0,-1.05E0,0.E0));
#3227=VERTEX_POINT('',#3226);
#3228=CARTESIAN_POINT('',(-2.8E0,-1.45E0,-6.E-1));
#3229=CARTESIAN_POINT('',(-2.8E0,-1.05E0,-6.E-1));
#3230=VERTEX_POINT('',#3228);
#3231=VERTEX_POINT('',#3229);
#3232=CARTESIAN_POINT('',(-1.2E0,-1.05E0,-6.E-1));
#3233=CARTESIAN_POINT('',(-1.2E0,-1.45E0,-6.E-1));
#3234=VERTEX_POINT('',#3232);
#3235=VERTEX_POINT('',#3233);
#3236=CARTESIAN_POINT('',(-1.75E0,-1.45E0,-6.E-1));
#3237=VERTEX_POINT('',#3236);
#3238=CARTESIAN_POINT('',(-2.25E0,-1.45E0,-6.E-1));
#3239=VERTEX_POINT('',#3238);
#3240=CARTESIAN_POINT('',(-2.25E0,-1.05E0,-6.E-1));
#3241=VERTEX_POINT('',#3240);
#3242=CARTESIAN_POINT('',(-1.75E0,-1.05E0,-6.E-1));
#3243=VERTEX_POINT('',#3242);
#3244=CARTESIAN_POINT('',(-1.2E0,-1.45E0,0.E0));
#3245=VERTEX_POINT('',#3244);
#3246=CARTESIAN_POINT('',(-2.8E0,-1.45E0,0.E0));
#3247=VERTEX_POINT('',#3246);
#3248=CARTESIAN_POINT('',(-2.8E0,-1.05E0,0.E0));
#3249=VERTEX_POINT('',#3248);
#3250=CARTESIAN_POINT('',(-1.2E0,-1.05E0,0.E0));
#3251=VERTEX_POINT('',#3250);
#3252=CARTESIAN_POINT('',(-8.E-1,-1.45E0,-6.E-1));
#3253=CARTESIAN_POINT('',(-8.E-1,-1.05E0,-6.E-1));
#3254=VERTEX_POINT('',#3252);
#3255=VERTEX_POINT('',#3253);
#3256=CARTESIAN_POINT('',(8.E-1,-1.05E0,-6.E-1));
#3257=CARTESIAN_POINT('',(8.E-1,-1.45E0,-6.E-1));
#3258=VERTEX_POINT('',#3256);
#3259=VERTEX_POINT('',#3257);
#3260=CARTESIAN_POINT('',(2.5E-1,-1.45E0,-6.E-1));
#3261=VERTEX_POINT('',#3260);
#3262=CARTESIAN_POINT('',(-2.5E-1,-1.45E0,-6.E-1));
#3263=VERTEX_POINT('',#3262);
#3264=CARTESIAN_POINT('',(-2.5E-1,-1.05E0,-6.E-1));
#3265=VERTEX_POINT('',#3264);
#3266=CARTESIAN_POINT('',(2.5E-1,-1.05E0,-6.E-1));
#3267=VERTEX_POINT('',#3266);
#3268=CARTESIAN_POINT('',(8.E-1,-1.45E0,0.E0));
#3269=VERTEX_POINT('',#3268);
#3270=CARTESIAN_POINT('',(-8.E-1,-1.45E0,0.E0));
#3271=VERTEX_POINT('',#3270);
#3272=CARTESIAN_POINT('',(-8.E-1,-1.05E0,0.E0));
#3273=VERTEX_POINT('',#3272);
#3274=CARTESIAN_POINT('',(8.E-1,-1.05E0,0.E0));
#3275=VERTEX_POINT('',#3274);
#3276=CARTESIAN_POINT('',(-3.75E0,-1.05E0,-4.55E0));
#3277=CARTESIAN_POINT('',(-4.25E0,-1.05E0,-4.55E0));
#3278=VERTEX_POINT('',#3276);
#3279=VERTEX_POINT('',#3277);
#3280=CARTESIAN_POINT('',(-4.25E0,-1.45E0,-4.55E0));
#3281=VERTEX_POINT('',#3280);
#3282=CARTESIAN_POINT('',(-3.75E0,-1.45E0,-4.55E0));
#3283=VERTEX_POINT('',#3282);
#3284=CARTESIAN_POINT('',(-1.75E0,-1.05E0,-4.55E0));
#3285=CARTESIAN_POINT('',(-2.25E0,-1.05E0,-4.55E0));
#3286=VERTEX_POINT('',#3284);
#3287=VERTEX_POINT('',#3285);
#3288=CARTESIAN_POINT('',(-2.25E0,-1.45E0,-4.55E0));
#3289=VERTEX_POINT('',#3288);
#3290=CARTESIAN_POINT('',(-1.75E0,-1.45E0,-4.55E0));
#3291=VERTEX_POINT('',#3290);
#3292=CARTESIAN_POINT('',(2.5E-1,-1.05E0,-4.55E0));
#3293=CARTESIAN_POINT('',(-2.5E-1,-1.05E0,-4.55E0));
#3294=VERTEX_POINT('',#3292);
#3295=VERTEX_POINT('',#3293);
#3296=CARTESIAN_POINT('',(-2.5E-1,-1.45E0,-4.55E0));
#3297=VERTEX_POINT('',#3296);
#3298=CARTESIAN_POINT('',(2.5E-1,-1.45E0,-4.55E0));
#3299=VERTEX_POINT('',#3298);
#3300=CARTESIAN_POINT('',(1.2E0,1.05E0,-6.E-1));
#3301=CARTESIAN_POINT('',(1.2E0,1.45E0,-6.E-1));
#3302=VERTEX_POINT('',#3300);
#3303=VERTEX_POINT('',#3301);
#3304=CARTESIAN_POINT('',(2.8E0,1.45E0,-6.E-1));
#3305=CARTESIAN_POINT('',(2.8E0,1.05E0,-6.E-1));
#3306=VERTEX_POINT('',#3304);
#3307=VERTEX_POINT('',#3305);
#3308=CARTESIAN_POINT('',(2.8E0,1.05E0,0.E0));
#3309=VERTEX_POINT('',#3308);
#3310=CARTESIAN_POINT('',(1.2E0,1.05E0,0.E0));
#3311=VERTEX_POINT('',#3310);
#3312=CARTESIAN_POINT('',(1.2E0,1.45E0,0.E0));
#3313=VERTEX_POINT('',#3312);
#3314=CARTESIAN_POINT('',(2.8E0,1.45E0,0.E0));
#3315=VERTEX_POINT('',#3314);
#3316=CARTESIAN_POINT('',(3.2E0,1.05E0,-6.E-1));
#3317=CARTESIAN_POINT('',(3.2E0,1.45E0,-6.E-1));
#3318=VERTEX_POINT('',#3316);
#3319=VERTEX_POINT('',#3317);
#3320=CARTESIAN_POINT('',(4.8E0,1.45E0,-6.E-1));
#3321=CARTESIAN_POINT('',(4.8E0,1.05E0,-6.E-1));
#3322=VERTEX_POINT('',#3320);
#3323=VERTEX_POINT('',#3321);
#3324=CARTESIAN_POINT('',(4.25E0,1.05E0,-6.E-1));
#3325=VERTEX_POINT('',#3324);
#3326=CARTESIAN_POINT('',(3.75E0,1.05E0,-6.E-1));
#3327=VERTEX_POINT('',#3326);
#3328=CARTESIAN_POINT('',(3.75E0,1.45E0,-6.E-1));
#3329=VERTEX_POINT('',#3328);
#3330=CARTESIAN_POINT('',(4.25E0,1.45E0,-6.E-1));
#3331=VERTEX_POINT('',#3330);
#3332=CARTESIAN_POINT('',(4.8E0,1.05E0,0.E0));
#3333=VERTEX_POINT('',#3332);
#3334=CARTESIAN_POINT('',(3.2E0,1.05E0,0.E0));
#3335=VERTEX_POINT('',#3334);
#3336=CARTESIAN_POINT('',(3.2E0,1.45E0,0.E0));
#3337=VERTEX_POINT('',#3336);
#3338=CARTESIAN_POINT('',(4.8E0,1.45E0,0.E0));
#3339=VERTEX_POINT('',#3338);
#3340=CARTESIAN_POINT('',(1.2E0,-1.45E0,-6.E-1));
#3341=CARTESIAN_POINT('',(1.2E0,-1.05E0,-6.E-1));
#3342=VERTEX_POINT('',#3340);
#3343=VERTEX_POINT('',#3341);
#3344=CARTESIAN_POINT('',(2.8E0,-1.05E0,-6.E-1));
#3345=CARTESIAN_POINT('',(2.8E0,-1.45E0,-6.E-1));
#3346=VERTEX_POINT('',#3344);
#3347=VERTEX_POINT('',#3345);
#3348=CARTESIAN_POINT('',(2.8E0,-1.45E0,0.E0));
#3349=VERTEX_POINT('',#3348);
#3350=CARTESIAN_POINT('',(1.2E0,-1.45E0,0.E0));
#3351=VERTEX_POINT('',#3350);
#3352=CARTESIAN_POINT('',(1.2E0,-1.05E0,0.E0));
#3353=VERTEX_POINT('',#3352);
#3354=CARTESIAN_POINT('',(2.8E0,-1.05E0,0.E0));
#3355=VERTEX_POINT('',#3354);
#3356=CARTESIAN_POINT('',(3.2E0,-1.45E0,-6.E-1));
#3357=CARTESIAN_POINT('',(3.2E0,-1.05E0,-6.E-1));
#3358=VERTEX_POINT('',#3356);
#3359=VERTEX_POINT('',#3357);
#3360=CARTESIAN_POINT('',(4.8E0,-1.05E0,-6.E-1));
#3361=CARTESIAN_POINT('',(4.8E0,-1.45E0,-6.E-1));
#3362=VERTEX_POINT('',#3360);
#3363=VERTEX_POINT('',#3361);
#3364=CARTESIAN_POINT('',(4.25E0,-1.45E0,-6.E-1));
#3365=VERTEX_POINT('',#3364);
#3366=CARTESIAN_POINT('',(3.75E0,-1.45E0,-6.E-1));
#3367=VERTEX_POINT('',#3366);
#3368=CARTESIAN_POINT('',(3.75E0,-1.05E0,-6.E-1));
#3369=VERTEX_POINT('',#3368);
#3370=CARTESIAN_POINT('',(4.25E0,-1.05E0,-6.E-1));
#3371=VERTEX_POINT('',#3370);
#3372=CARTESIAN_POINT('',(4.8E0,-1.45E0,0.E0));
#3373=VERTEX_POINT('',#3372);
#3374=CARTESIAN_POINT('',(3.2E0,-1.45E0,0.E0));
#3375=VERTEX_POINT('',#3374);
#3376=CARTESIAN_POINT('',(3.2E0,-1.05E0,0.E0));
#3377=VERTEX_POINT('',#3376);
#3378=CARTESIAN_POINT('',(4.8E0,-1.05E0,0.E0));
#3379=VERTEX_POINT('',#3378);
#3380=CARTESIAN_POINT('',(4.25E0,1.45E0,-4.55E0));
#3381=CARTESIAN_POINT('',(3.75E0,1.45E0,-4.55E0));
#3382=VERTEX_POINT('',#3380);
#3383=VERTEX_POINT('',#3381);
#3384=CARTESIAN_POINT('',(3.75E0,1.05E0,-4.55E0));
#3385=VERTEX_POINT('',#3384);
#3386=CARTESIAN_POINT('',(4.25E0,1.05E0,-4.55E0));
#3387=VERTEX_POINT('',#3386);
#3388=CARTESIAN_POINT('',(4.25E0,-1.05E0,-4.55E0));
#3389=CARTESIAN_POINT('',(3.75E0,-1.05E0,-4.55E0));
#3390=VERTEX_POINT('',#3388);
#3391=VERTEX_POINT('',#3389);
#3392=CARTESIAN_POINT('',(3.75E0,-1.45E0,-4.55E0));
#3393=VERTEX_POINT('',#3392);
#3394=CARTESIAN_POINT('',(4.25E0,-1.45E0,-4.55E0));
#3395=VERTEX_POINT('',#3394);
#3396=CARTESIAN_POINT('',(-3.5E0,1.25E0,5.8E0));
#3397=CARTESIAN_POINT('',(-3.5E0,-1.25E0,5.8E0));
#3398=VERTEX_POINT('',#3396);
#3399=VERTEX_POINT('',#3397);
#3400=CARTESIAN_POINT('',(-5.E-1,-1.25E0,5.8E0));
#3401=VERTEX_POINT('',#3400);
#3402=CARTESIAN_POINT('',(-5.E-1,1.25E0,5.8E0));
#3403=VERTEX_POINT('',#3402);
#3404=CARTESIAN_POINT('',(-3.5E0,1.25E0,1.434247392222E1));
#3405=CARTESIAN_POINT('',(-3.5E0,-1.25E0,1.434247392222E1));
#3406=VERTEX_POINT('',#3404);
#3407=VERTEX_POINT('',#3405);
#3408=CARTESIAN_POINT('',(-2.E0,-1.25E0,1.47E1));
#3409=CARTESIAN_POINT('',(-1.7E0,-1.25E0,1.434247392222E1));
#3410=VERTEX_POINT('',#3408);
#3411=VERTEX_POINT('',#3409);
#3412=CARTESIAN_POINT('',(-1.4E0,-1.25E0,1.47E1));
#3413=VERTEX_POINT('',#3412);
#3414=CARTESIAN_POINT('',(-1.1E0,-1.25E0,1.434247392222E1));
#3415=VERTEX_POINT('',#3414);
#3416=CARTESIAN_POINT('',(-8.E-1,-1.25E0,1.47E1));
#3417=VERTEX_POINT('',#3416);
#3418=CARTESIAN_POINT('',(-5.E-1,-1.25E0,1.434247392222E1));
#3419=VERTEX_POINT('',#3418);
#3420=CARTESIAN_POINT('',(-3.2E0,-1.25E0,1.47E1));
#3421=VERTEX_POINT('',#3420);
#3422=CARTESIAN_POINT('',(-2.9E0,-1.25E0,1.434247392222E1));
#3423=VERTEX_POINT('',#3422);
#3424=CARTESIAN_POINT('',(-2.6E0,-1.25E0,1.47E1));
#3425=VERTEX_POINT('',#3424);
#3426=CARTESIAN_POINT('',(-2.3E0,-1.25E0,1.434247392222E1));
#3427=VERTEX_POINT('',#3426);
#3428=CARTESIAN_POINT('',(-5.E-1,1.25E0,1.434247392222E1));
#3429=VERTEX_POINT('',#3428);
#3430=CARTESIAN_POINT('',(-2.E0,1.25E0,1.47E1));
#3431=CARTESIAN_POINT('',(-1.7E0,1.25E0,1.434247392222E1));
#3432=VERTEX_POINT('',#3430);
#3433=VERTEX_POINT('',#3431);
#3434=CARTESIAN_POINT('',(-1.4E0,1.25E0,1.47E1));
#3435=VERTEX_POINT('',#3434);
#3436=CARTESIAN_POINT('',(-1.1E0,1.25E0,1.434247392222E1));
#3437=VERTEX_POINT('',#3436);
#3438=CARTESIAN_POINT('',(-8.E-1,1.25E0,1.47E1));
#3439=VERTEX_POINT('',#3438);
#3440=CARTESIAN_POINT('',(-3.2E0,1.25E0,1.47E1));
#3441=VERTEX_POINT('',#3440);
#3442=CARTESIAN_POINT('',(-2.9E0,1.25E0,1.434247392222E1));
#3443=VERTEX_POINT('',#3442);
#3444=CARTESIAN_POINT('',(-2.6E0,1.25E0,1.47E1));
#3445=VERTEX_POINT('',#3444);
#3446=CARTESIAN_POINT('',(-2.3E0,1.25E0,1.434247392222E1));
#3447=VERTEX_POINT('',#3446);
#3448=CARTESIAN_POINT('',(-4.061875E-1,-3.096702184796E-1,0.E0));
#3449=DIRECTION('',(4.547769415434E-1,-8.906053746977E-1,0.E0));
#3450=DIRECTION('',(-8.906053746977E-1,-4.547769415434E-1,0.E0));
#3451=AXIS2_PLACEMENT_3D('',#3448,#3449,#3450);
#3452=PLANE('',#3451);
#3454=ORIENTED_EDGE('',*,*,#3453,.F.);
#3456=ORIENTED_EDGE('',*,*,#3455,.T.);
#3458=ORIENTED_EDGE('',*,*,#3457,.T.);
#3460=ORIENTED_EDGE('',*,*,#3459,.F.);
#3461=EDGE_LOOP('',(#3454,#3456,#3458,#3460));
#3462=FACE_OUTER_BOUND('',#3461,.F.);
#3463=ADVANCED_FACE('',(#3462),#3452,.T.);
#3464=FILL_AREA_STYLE_COLOUR('',#26);
#3465=FILL_AREA_STYLE('',(#3464));
#3466=SURFACE_STYLE_FILL_AREA(#3465);
#3467=SURFACE_SIDE_STYLE('',(#3466));
#3468=SURFACE_STYLE_USAGE(.POSITIVE.,#3467);
#3469=PRESENTATION_STYLE_ASSIGNMENT((#3468));
#3470=STYLED_ITEM('',(#3469),#3463);
#3471=CARTESIAN_POINT('',(0.E0,0.E0,0.E0));
#3472=DIRECTION('',(0.E0,0.E0,1.E0));
#3473=DIRECTION('',(1.E0,0.E0,0.E0));
#3474=AXIS2_PLACEMENT_3D('',#3471,#3472,#3473);
#3475=PLANE('',#3474);
#3477=ORIENTED_EDGE('',*,*,#3476,.F.);
#3479=ORIENTED_EDGE('',*,*,#3478,.T.);
#3481=ORIENTED_EDGE('',*,*,#3480,.T.);
#3483=ORIENTED_EDGE('',*,*,#3482,.F.);
#3485=ORIENTED_EDGE('',*,*,#3484,.F.);
#3487=ORIENTED_EDGE('',*,*,#3486,.T.);
#3489=ORIENTED_EDGE('',*,*,#3488,.T.);
#3491=ORIENTED_EDGE('',*,*,#3490,.F.);
#3493=ORIENTED_EDGE('',*,*,#3492,.T.);
#3495=ORIENTED_EDGE('',*,*,#3494,.T.);
#3497=ORIENTED_EDGE('',*,*,#3496,.F.);
#3499=ORIENTED_EDGE('',*,*,#3498,.T.);
#3501=ORIENTED_EDGE('',*,*,#3500,.T.);
#3503=ORIENTED_EDGE('',*,*,#3502,.F.);
#3505=ORIENTED_EDGE('',*,*,#3504,.F.);
#3507=ORIENTED_EDGE('',*,*,#3506,.T.);
#3509=ORIENTED_EDGE('',*,*,#3508,.T.);
#3511=ORIENTED_EDGE('',*,*,#3510,.F.);
#3513=ORIENTED_EDGE('',*,*,#3512,.F.);
#3515=ORIENTED_EDGE('',*,*,#3514,.T.);
#3517=ORIENTED_EDGE('',*,*,#3516,.T.);
#3519=ORIENTED_EDGE('',*,*,#3518,.F.);
#3521=ORIENTED_EDGE('',*,*,#3520,.T.);
#3523=ORIENTED_EDGE('',*,*,#3522,.T.);
#3525=ORIENTED_EDGE('',*,*,#3524,.F.);
#3527=ORIENTED_EDGE('',*,*,#3526,.T.);
#3529=ORIENTED_EDGE('',*,*,#3528,.T.);
#3531=ORIENTED_EDGE('',*,*,#3530,.F.);
#3532=EDGE_LOOP('',(#3477,#3479,#3481,#3483,#3485,#3487,#3489,#3491,#3493,#3495,
#3497,#3499,#3501,#3503,#3505,#3507,#3509,#3511,#3513,#3515,#3517,#3519,#3521,
#3523,#3525,#3527,#3529,#3531));
#3533=FACE_OUTER_BOUND('',#3532,.F.);
#3535=ORIENTED_EDGE('',*,*,#3534,.F.);
#3537=ORIENTED_EDGE('',*,*,#3536,.T.);
#3539=ORIENTED_EDGE('',*,*,#3538,.F.);
#3541=ORIENTED_EDGE('',*,*,#3540,.T.);
#3542=EDGE_LOOP('',(#3535,#3537,#3539,#3541));
#3543=FACE_BOUND('',#3542,.F.);
#3545=ORIENTED_EDGE('',*,*,#3544,.F.);
#3547=ORIENTED_EDGE('',*,*,#3546,.T.);
#3549=ORIENTED_EDGE('',*,*,#3548,.F.);
#3551=ORIENTED_EDGE('',*,*,#3550,.T.);
#3552=EDGE_LOOP('',(#3545,#3547,#3549,#3551));
#3553=FACE_BOUND('',#3552,.F.);
#3555=ORIENTED_EDGE('',*,*,#3554,.F.);
#3557=ORIENTED_EDGE('',*,*,#3556,.T.);
#3559=ORIENTED_EDGE('',*,*,#3558,.F.);
#3561=ORIENTED_EDGE('',*,*,#3560,.T.);
#3562=EDGE_LOOP('',(#3555,#3557,#3559,#3561));
#3563=FACE_BOUND('',#3562,.F.);
#3565=ORIENTED_EDGE('',*,*,#3564,.F.);
#3567=ORIENTED_EDGE('',*,*,#3566,.T.);
#3569=ORIENTED_EDGE('',*,*,#3568,.F.);
#3571=ORIENTED_EDGE('',*,*,#3570,.T.);
#3572=EDGE_LOOP('',(#3565,#3567,#3569,#3571));
#3573=FACE_BOUND('',#3572,.F.);
#3575=ORIENTED_EDGE('',*,*,#3574,.F.);
#3577=ORIENTED_EDGE('',*,*,#3576,.T.);
#3579=ORIENTED_EDGE('',*,*,#3578,.F.);
#3581=ORIENTED_EDGE('',*,*,#3580,.T.);
#3582=EDGE_LOOP('',(#3575,#3577,#3579,#3581));
#3583=FACE_BOUND('',#3582,.F.);
#3585=ORIENTED_EDGE('',*,*,#3584,.F.);
#3587=ORIENTED_EDGE('',*,*,#3586,.T.);
#3589=ORIENTED_EDGE('',*,*,#3588,.F.);
#3591=ORIENTED_EDGE('',*,*,#3590,.T.);
#3592=EDGE_LOOP('',(#3585,#3587,#3589,#3591));
#3593=FACE_BOUND('',#3592,.F.);
#3595=ORIENTED_EDGE('',*,*,#3594,.F.);
#3597=ORIENTED_EDGE('',*,*,#3596,.T.);
#3599=ORIENTED_EDGE('',*,*,#3598,.F.);
#3601=ORIENTED_EDGE('',*,*,#3600,.T.);
#3602=EDGE_LOOP('',(#3595,#3597,#3599,#3601));
#3603=FACE_BOUND('',#3602,.F.);
#3605=ORIENTED_EDGE('',*,*,#3604,.F.);
#3607=ORIENTED_EDGE('',*,*,#3606,.T.);
#3609=ORIENTED_EDGE('',*,*,#3608,.F.);
#3611=ORIENTED_EDGE('',*,*,#3610,.T.);
#3612=EDGE_LOOP('',(#3605,#3607,#3609,#3611));
#3613=FACE_BOUND('',#3612,.F.);
#3615=ORIENTED_EDGE('',*,*,#3614,.F.);
#3617=ORIENTED_EDGE('',*,*,#3616,.T.);
#3619=ORIENTED_EDGE('',*,*,#3618,.F.);
#3621=ORIENTED_EDGE('',*,*,#3620,.T.);
#3622=EDGE_LOOP('',(#3615,#3617,#3619,#3621));
#3623=FACE_BOUND('',#3622,.F.);
#3625=ORIENTED_EDGE('',*,*,#3624,.F.);
#3627=ORIENTED_EDGE('',*,*,#3626,.T.);
#3629=ORIENTED_EDGE('',*,*,#3628,.F.);
#3631=ORIENTED_EDGE('',*,*,#3630,.T.);
#3632=EDGE_LOOP('',(#3625,#3627,#3629,#3631));
#3633=FACE_BOUND('',#3632,.F.);
#3635=ORIENTED_EDGE('',*,*,#3634,.T.);
#3637=ORIENTED_EDGE('',*,*,#3636,.T.);
#3639=ORIENTED_EDGE('',*,*,#3638,.T.);
#3641=ORIENTED_EDGE('',*,*,#3640,.T.);
#3643=ORIENTED_EDGE('',*,*,#3642,.T.);
#3645=ORIENTED_EDGE('',*,*,#3644,.T.);
#3646=EDGE_LOOP('',(#3635,#3637,#3639,#3641,#3643,#3645));
#3647=FACE_BOUND('',#3646,.F.);
#3649=ORIENTED_EDGE('',*,*,#3648,.T.);
#3651=ORIENTED_EDGE('',*,*,#3650,.T.);
#3653=ORIENTED_EDGE('',*,*,#3652,.T.);
#3655=ORIENTED_EDGE('',*,*,#3654,.T.);
#3657=ORIENTED_EDGE('',*,*,#3656,.T.);
#3659=ORIENTED_EDGE('',*,*,#3658,.T.);
#3661=ORIENTED_EDGE('',*,*,#3660,.T.);
#3663=ORIENTED_EDGE('',*,*,#3662,.T.);
#3665=ORIENTED_EDGE('',*,*,#3664,.T.);
#3667=ORIENTED_EDGE('',*,*,#3666,.T.);
#3669=ORIENTED_EDGE('',*,*,#3668,.T.);
#3671=ORIENTED_EDGE('',*,*,#3670,.T.);
#3673=ORIENTED_EDGE('',*,*,#3672,.T.);
#3675=ORIENTED_EDGE('',*,*,#3674,.T.);
#3677=ORIENTED_EDGE('',*,*,#3676,.T.);
#3679=ORIENTED_EDGE('',*,*,#3678,.T.);
#3681=ORIENTED_EDGE('',*,*,#3680,.T.);
#3683=ORIENTED_EDGE('',*,*,#3682,.T.);
#3685=ORIENTED_EDGE('',*,*,#3684,.T.);
#3687=ORIENTED_EDGE('',*,*,#3686,.T.);
#3689=ORIENTED_EDGE('',*,*,#3688,.T.);
#3690=ORIENTED_EDGE('',*,*,#3453,.T.);
#3692=ORIENTED_EDGE('',*,*,#3691,.T.);
#3694=ORIENTED_EDGE('',*,*,#3693,.T.);
#3696=ORIENTED_EDGE('',*,*,#3695,.T.);
#3698=ORIENTED_EDGE('',*,*,#3697,.T.);
#3700=ORIENTED_EDGE('',*,*,#3699,.T.);
#3702=ORIENTED_EDGE('',*,*,#3701,.T.);
#3704=ORIENTED_EDGE('',*,*,#3703,.T.);
#3706=ORIENTED_EDGE('',*,*,#3705,.T.);
#3708=ORIENTED_EDGE('',*,*,#3707,.T.);
#3710=ORIENTED_EDGE('',*,*,#3709,.T.);
#3712=ORIENTED_EDGE('',*,*,#3711,.T.);
#3714=ORIENTED_EDGE('',*,*,#3713,.T.);
#3716=ORIENTED_EDGE('',*,*,#3715,.T.);
#3718=ORIENTED_EDGE('',*,*,#3717,.T.);
#3720=ORIENTED_EDGE('',*,*,#3719,.T.);
#3722=ORIENTED_EDGE('',*,*,#3721,.T.);
#3724=ORIENTED_EDGE('',*,*,#3723,.T.);
#3726=ORIENTED_EDGE('',*,*,#3725,.T.);
#3727=EDGE_LOOP('',(#3649,#3651,#3653,#3655,#3657,#3659,#3661,#3663,#3665,#3667,
#3669,#3671,#3673,#3675,#3677,#3679,#3681,#3683,#3685,#3687,#3689,#3690,#3692,
#3694,#3696,#3698,#3700,#3702,#3704,#3706,#3708,#3710,#3712,#3714,#3716,#3718,
#3720,#3722,#3724,#3726));
#3728=FACE_BOUND('',#3727,.F.);
#3730=ORIENTED_EDGE('',*,*,#3729,.T.);
#3732=ORIENTED_EDGE('',*,*,#3731,.T.);
#3734=ORIENTED_EDGE('',*,*,#3733,.T.);
#3736=ORIENTED_EDGE('',*,*,#3735,.T.);
#3738=ORIENTED_EDGE('',*,*,#3737,.T.);
#3740=ORIENTED_EDGE('',*,*,#3739,.T.);
#3742=ORIENTED_EDGE('',*,*,#3741,.T.);
#3744=ORIENTED_EDGE('',*,*,#3743,.T.);
#3746=ORIENTED_EDGE('',*,*,#3745,.T.);
#3748=ORIENTED_EDGE('',*,*,#3747,.T.);
#3750=ORIENTED_EDGE('',*,*,#3749,.T.);
#3752=ORIENTED_EDGE('',*,*,#3751,.T.);
#3753=EDGE_LOOP('',(#3730,#3732,#3734,#3736,#3738,#3740,#3742,#3744,#3746,#3748,
#3750,#3752));
#3754=FACE_BOUND('',#3753,.F.);
#3756=ORIENTED_EDGE('',*,*,#3755,.T.);
#3758=ORIENTED_EDGE('',*,*,#3757,.T.);
#3760=ORIENTED_EDGE('',*,*,#3759,.T.);
#3762=ORIENTED_EDGE('',*,*,#3761,.T.);
#3764=ORIENTED_EDGE('',*,*,#3763,.T.);
#3766=ORIENTED_EDGE('',*,*,#3765,.T.);
#3768=ORIENTED_EDGE('',*,*,#3767,.T.);
#3770=ORIENTED_EDGE('',*,*,#3769,.T.);
#3772=ORIENTED_EDGE('',*,*,#3771,.T.);
#3774=ORIENTED_EDGE('',*,*,#3773,.T.);
#3776=ORIENTED_EDGE('',*,*,#3775,.T.);
#3778=ORIENTED_EDGE('',*,*,#3777,.T.);
#3780=ORIENTED_EDGE('',*,*,#3779,.T.);
#3782=ORIENTED_EDGE('',*,*,#3781,.T.);
#3783=EDGE_LOOP('',(#3756,#3758,#3760,#3762,#3764,#3766,#3768,#3770,#3772,#3774,
#3776,#3778,#3780,#3782));
#3784=FACE_BOUND('',#3783,.F.);
#3786=ORIENTED_EDGE('',*,*,#3785,.T.);
#3788=ORIENTED_EDGE('',*,*,#3787,.T.);
#3790=ORIENTED_EDGE('',*,*,#3789,.T.);
#3792=ORIENTED_EDGE('',*,*,#3791,.T.);
#3794=ORIENTED_EDGE('',*,*,#3793,.T.);
#3796=ORIENTED_EDGE('',*,*,#3795,.T.);
#3798=ORIENTED_EDGE('',*,*,#3797,.T.);
#3800=ORIENTED_EDGE('',*,*,#3799,.T.);
#3801=EDGE_LOOP('',(#3786,#3788,#3790,#3792,#3794,#3796,#3798,#3800));
#3802=FACE_BOUND('',#3801,.F.);
#3803=ADVANCED_FACE('',(#3533,#3543,#3553,#3563,#3573,#3583,#3593,#3603,#3613,
#3623,#3633,#3647,#3728,#3754,#3784,#3802),#3475,.F.);
#3804=FILL_AREA_STYLE_COLOUR('',#18);
#3805=FILL_AREA_STYLE('',(#3804));
#3806=SURFACE_STYLE_FILL_AREA(#3805);
#3807=SURFACE_SIDE_STYLE('',(#3806));
#3808=SURFACE_STYLE_USAGE(.POSITIVE.,#3807);
#3809=PRESENTATION_STYLE_ASSIGNMENT((#3808));
#3810=STYLED_ITEM('',(#3809),#3803);
#3811=CARTESIAN_POINT('',(0.E0,0.E0,0.E0));
#3812=DIRECTION('',(0.E0,0.E0,1.E0));
#3813=DIRECTION('',(1.E0,0.E0,0.E0));
#3814=AXIS2_PLACEMENT_3D('',#3811,#3812,#3813);
#3815=PLANE('',#3814);
#3817=ORIENTED_EDGE('',*,*,#3816,.T.);
#3819=ORIENTED_EDGE('',*,*,#3818,.T.);
#3821=ORIENTED_EDGE('',*,*,#3820,.T.);
#3823=ORIENTED_EDGE('',*,*,#3822,.T.);
#3825=ORIENTED_EDGE('',*,*,#3824,.T.);
#3827=ORIENTED_EDGE('',*,*,#3826,.T.);
#3829=ORIENTED_EDGE('',*,*,#3828,.T.);
#3831=ORIENTED_EDGE('',*,*,#3830,.T.);
#3833=ORIENTED_EDGE('',*,*,#3832,.T.);
#3835=ORIENTED_EDGE('',*,*,#3834,.T.);
#3837=ORIENTED_EDGE('',*,*,#3836,.T.);
#3839=ORIENTED_EDGE('',*,*,#3838,.T.);
#3840=EDGE_LOOP('',(#3817,#3819,#3821,#3823,#3825,#3827,#3829,#3831,#3833,#3835,
#3837,#3839));
#3841=FACE_OUTER_BOUND('',#3840,.F.);
#3842=ADVANCED_FACE('',(#3841),#3815,.F.);
#3843=FILL_AREA_STYLE_COLOUR('',#18);
#3844=FILL_AREA_STYLE('',(#3843));
#3845=SURFACE_STYLE_FILL_AREA(#3844);
#3846=SURFACE_SIDE_STYLE('',(#3845));
#3847=SURFACE_STYLE_USAGE(.POSITIVE.,#3846);
#3848=PRESENTATION_STYLE_ASSIGNMENT((#3847));
#3849=STYLED_ITEM('',(#3848),#3842);
#3850=CARTESIAN_POINT('',(0.E0,0.E0,0.E0));
#3851=DIRECTION('',(0.E0,0.E0,1.E0));
#3852=DIRECTION('',(1.E0,0.E0,0.E0));
#3853=AXIS2_PLACEMENT_3D('',#3850,#3851,#3852);
#3854=PLANE('',#3853);
#3856=ORIENTED_EDGE('',*,*,#3855,.T.);
#3858=ORIENTED_EDGE('',*,*,#3857,.T.);
#3860=ORIENTED_EDGE('',*,*,#3859,.T.);
#3861=EDGE_LOOP('',(#3856,#3858,#3860));
#3862=FACE_OUTER_BOUND('',#3861,.F.);
#3863=ADVANCED_FACE('',(#3862),#3854,.F.);
#3864=FILL_AREA_STYLE_COLOUR('',#18);
#3865=FILL_AREA_STYLE('',(#3864));
#3866=SURFACE_STYLE_FILL_AREA(#3865);
#3867=SURFACE_SIDE_STYLE('',(#3866));
#3868=SURFACE_STYLE_USAGE(.POSITIVE.,#3867);
#3869=PRESENTATION_STYLE_ASSIGNMENT((#3868));
#3870=STYLED_ITEM('',(#3869),#3863);
#3871=CARTESIAN_POINT('',(-2.7E0,-3.35E0,1.E0));
#3872=DIRECTION('',(1.E0,0.E0,0.E0));
#3873=DIRECTION('',(0.E0,1.E0,0.E0));
#3874=AXIS2_PLACEMENT_3D('',#3871,#3872,#3873);
#3875=PLANE('',#3874);
#3876=ORIENTED_EDGE('',*,*,#3476,.T.);
#3878=ORIENTED_EDGE('',*,*,#3877,.F.);
#3880=ORIENTED_EDGE('',*,*,#3879,.F.);
#3882=ORIENTED_EDGE('',*,*,#3881,.F.);
#3883=EDGE_LOOP('',(#3876,#3878,#3880,#3882));
#3884=FACE_OUTER_BOUND('',#3883,.F.);
#3885=ADVANCED_FACE('',(#3884),#3875,.F.);
#3886=FILL_AREA_STYLE_COLOUR('',#19);
#3887=FILL_AREA_STYLE('',(#3886));
#3888=SURFACE_STYLE_FILL_AREA(#3887);
#3889=SURFACE_SIDE_STYLE('',(#3888));
#3890=SURFACE_STYLE_USAGE(.POSITIVE.,#3889);
#3891=PRESENTATION_STYLE_ASSIGNMENT((#3890));
#3892=STYLED_ITEM('',(#3891),#3885);
#3893=CARTESIAN_POINT('',(-2.7E0,-2.65E0,1.E0));
#3894=DIRECTION('',(0.E0,1.E0,0.E0));
#3895=DIRECTION('',(-1.E0,0.E0,0.E0));
#3896=AXIS2_PLACEMENT_3D('',#3893,#3894,#3895);
#3897=PLANE('',#3896);
#3898=ORIENTED_EDGE('',*,*,#3530,.T.);
#3900=ORIENTED_EDGE('',*,*,#3899,.F.);
#3902=ORIENTED_EDGE('',*,*,#3901,.F.);
#3903=ORIENTED_EDGE('',*,*,#3877,.T.);
#3904=EDGE_LOOP('',(#3898,#3900,#3902,#3903));
#3905=FACE_OUTER_BOUND('',#3904,.F.);
#3906=ADVANCED_FACE('',(#3905),#3897,.F.);
#3907=FILL_AREA_STYLE_COLOUR('',#19);
#3908=FILL_AREA_STYLE('',(#3907));
#3909=SURFACE_STYLE_FILL_AREA(#3908);
#3910=SURFACE_SIDE_STYLE('',(#3909));
#3911=SURFACE_STYLE_USAGE(.POSITIVE.,#3910);
#3912=PRESENTATION_STYLE_ASSIGNMENT((#3911));
#3913=STYLED_ITEM('',(#3912),#3906);
#3914=CARTESIAN_POINT('',(-4.7E0,-2.65E0,1.E0));
#3915=DIRECTION('',(-1.E0,0.E0,0.E0));
#3916=DIRECTION('',(0.E0,-1.E0,0.E0));
#3917=AXIS2_PLACEMENT_3D('',#3914,#3915,#3916);
#3918=PLANE('',#3917);
#3919=ORIENTED_EDGE('',*,*,#3528,.F.);
#3921=ORIENTED_EDGE('',*,*,#3920,.T.);
#3923=ORIENTED_EDGE('',*,*,#3922,.T.);
#3924=ORIENTED_EDGE('',*,*,#3899,.T.);
#3925=EDGE_LOOP('',(#3919,#3921,#3923,#3924));
#3926=FACE_OUTER_BOUND('',#3925,.F.);
#3927=ADVANCED_FACE('',(#3926),#3918,.F.);
#3928=FILL_AREA_STYLE_COLOUR('',#19);
#3929=FILL_AREA_STYLE('',(#3928));
#3930=SURFACE_STYLE_FILL_AREA(#3929);
#3931=SURFACE_SIDE_STYLE('',(#3930));
#3932=SURFACE_STYLE_USAGE(.POSITIVE.,#3931);
#3933=PRESENTATION_STYLE_ASSIGNMENT((#3932));
#3934=STYLED_ITEM('',(#3933),#3927);
#3935=CARTESIAN_POINT('',(-8.E0,-3.35E0,0.E0));
#3936=DIRECTION('',(0.E0,-1.E0,0.E0));
#3937=DIRECTION('',(1.E0,0.E0,0.E0));
#3938=AXIS2_PLACEMENT_3D('',#3935,#3936,#3937);
#3939=PLANE('',#3938);
#3940=ORIENTED_EDGE('',*,*,#3881,.T.);
#3942=ORIENTED_EDGE('',*,*,#3941,.T.);
#3944=ORIENTED_EDGE('',*,*,#3943,.F.);
#3945=ORIENTED_EDGE('',*,*,#3478,.F.);
#3946=EDGE_LOOP('',(#3940,#3942,#3944,#3945));
#3947=FACE_OUTER_BOUND('',#3946,.F.);
#3948=ADVANCED_FACE('',(#3947),#3939,.T.);
#3949=FILL_AREA_STYLE_COLOUR('',#19);
#3950=FILL_AREA_STYLE('',(#3949));
#3951=SURFACE_STYLE_FILL_AREA(#3950);
#3952=SURFACE_SIDE_STYLE('',(#3951));
#3953=SURFACE_STYLE_USAGE(.POSITIVE.,#3952);
#3954=PRESENTATION_STYLE_ASSIGNMENT((#3953));
#3955=STYLED_ITEM('',(#3954),#3948);
#3956=CARTESIAN_POINT('',(-8.E0,-3.35E0,0.E0));
#3957=DIRECTION('',(0.E0,-1.E0,0.E0));
#3958=DIRECTION('',(1.E0,0.E0,0.E0));
#3959=AXIS2_PLACEMENT_3D('',#3956,#3957,#3958);
#3960=PLANE('',#3959);
#3961=ORIENTED_EDGE('',*,*,#3920,.F.);
#3962=ORIENTED_EDGE('',*,*,#3526,.F.);
#3964=ORIENTED_EDGE('',*,*,#3963,.T.);
#3966=ORIENTED_EDGE('',*,*,#3965,.T.);
#3967=EDGE_LOOP('',(#3961,#3962,#3964,#3966));
#3968=FACE_OUTER_BOUND('',#3967,.F.);
#3969=ADVANCED_FACE('',(#3968),#3960,.T.);
#3970=FILL_AREA_STYLE_COLOUR('',#19);
#3971=FILL_AREA_STYLE('',(#3970));
#3972=SURFACE_STYLE_FILL_AREA(#3971);
#3973=SURFACE_SIDE_STYLE('',(#3972));
#3974=SURFACE_STYLE_USAGE(.POSITIVE.,#3973);
#3975=PRESENTATION_STYLE_ASSIGNMENT((#3974));
#3976=STYLED_ITEM('',(#3975),#3969);
#3977=CARTESIAN_POINT('',(-8.E0,-3.35E0,0.E0));
#3978=DIRECTION('',(0.E0,-1.E0,0.E0));
#3979=DIRECTION('',(1.E0,0.E0,0.E0));
#3980=AXIS2_PLACEMENT_3D('',#3977,#3978,#3979);
#3981=PLANE('',#3980);
#3983=ORIENTED_EDGE('',*,*,#3982,.T.);
#3985=ORIENTED_EDGE('',*,*,#3984,.T.);
#3987=ORIENTED_EDGE('',*,*,#3986,.F.);
#3988=ORIENTED_EDGE('',*,*,#3486,.F.);
#3989=EDGE_LOOP('',(#3983,#3985,#3987,#3988));
#3990=FACE_OUTER_BOUND('',#3989,.F.);
#3991=ADVANCED_FACE('',(#3990),#3981,.T.);
#3992=FILL_AREA_STYLE_COLOUR('',#19);
#3993=FILL_AREA_STYLE('',(#3992));
#3994=SURFACE_STYLE_FILL_AREA(#3993);
#3995=SURFACE_SIDE_STYLE('',(#3994));
#3996=SURFACE_STYLE_USAGE(.POSITIVE.,#3995);
#3997=PRESENTATION_STYLE_ASSIGNMENT((#3996));
#3998=STYLED_ITEM('',(#3997),#3991);
#3999=CARTESIAN_POINT('',(0.E0,0.E0,1.E0));
#4000=DIRECTION('',(0.E0,0.E0,1.E0));
#4001=DIRECTION('',(1.E0,0.E0,0.E0));
#4002=AXIS2_PLACEMENT_3D('',#3999,#4000,#4001);
#4003=PLANE('',#4002);
#4004=ORIENTED_EDGE('',*,*,#3879,.T.);
#4005=ORIENTED_EDGE('',*,*,#3901,.T.);
#4006=ORIENTED_EDGE('',*,*,#3922,.F.);
#4007=ORIENTED_EDGE('',*,*,#3965,.F.);
#4009=ORIENTED_EDGE('',*,*,#4008,.T.);
#4011=ORIENTED_EDGE('',*,*,#4010,.F.);
#4013=ORIENTED_EDGE('',*,*,#4012,.F.);
#4015=ORIENTED_EDGE('',*,*,#4014,.T.);
#4017=ORIENTED_EDGE('',*,*,#4016,.F.);
#4019=ORIENTED_EDGE('',*,*,#4018,.F.);
#4021=ORIENTED_EDGE('',*,*,#4020,.T.);
#4023=ORIENTED_EDGE('',*,*,#4022,.T.);
#4025=ORIENTED_EDGE('',*,*,#4024,.F.);
#4027=ORIENTED_EDGE('',*,*,#4026,.F.);
#4029=ORIENTED_EDGE('',*,*,#4028,.T.);
#4031=ORIENTED_EDGE('',*,*,#4030,.T.);
#4033=ORIENTED_EDGE('',*,*,#4032,.F.);
#4035=ORIENTED_EDGE('',*,*,#4034,.F.);
#4037=ORIENTED_EDGE('',*,*,#4036,.T.);
#4039=ORIENTED_EDGE('',*,*,#4038,.F.);
#4041=ORIENTED_EDGE('',*,*,#4040,.F.);
#4043=ORIENTED_EDGE('',*,*,#4042,.T.);
#4045=ORIENTED_EDGE('',*,*,#4044,.F.);
#4046=ORIENTED_EDGE('',*,*,#3984,.F.);
#4048=ORIENTED_EDGE('',*,*,#4047,.T.);
#4050=ORIENTED_EDGE('',*,*,#4049,.T.);
#4052=ORIENTED_EDGE('',*,*,#4051,.F.);
#4053=ORIENTED_EDGE('',*,*,#3941,.F.);
#4054=EDGE_LOOP('',(#4004,#4005,#4006,#4007,#4009,#4011,#4013,#4015,#4017,#4019,
#4021,#4023,#4025,#4027,#4029,#4031,#4033,#4035,#4037,#4039,#4041,#4043,#4045,
#4046,#4048,#4050,#4052,#4053));
#4055=FACE_OUTER_BOUND('',#4054,.F.);
#4057=ORIENTED_EDGE('',*,*,#4056,.T.);
#4059=ORIENTED_EDGE('',*,*,#4058,.T.);
#4061=ORIENTED_EDGE('',*,*,#4060,.T.);
#4063=ORIENTED_EDGE('',*,*,#4062,.T.);
#4064=EDGE_LOOP('',(#4057,#4059,#4061,#4063));
#4065=FACE_BOUND('',#4064,.F.);
#4066=ADVANCED_FACE('',(#4055,#4065),#4003,.T.);
#4067=FILL_AREA_STYLE_COLOUR('',#18);
#4068=FILL_AREA_STYLE('',(#4067));
#4069=SURFACE_STYLE_FILL_AREA(#4068);
#4070=SURFACE_SIDE_STYLE('',(#4069));
#4071=SURFACE_STYLE_USAGE(.POSITIVE.,#4070);
#4072=PRESENTATION_STYLE_ASSIGNMENT((#4071));
#4073=STYLED_ITEM('',(#4072),#4066);
#4074=CARTESIAN_POINT('',(-5.8E0,-3.35E0,1.E0));
#4075=DIRECTION('',(1.E0,0.E0,0.E0));
#4076=DIRECTION('',(0.E0,1.E0,0.E0));
#4077=AXIS2_PLACEMENT_3D('',#4074,#4075,#4076);
#4078=PLANE('',#4077);
#4079=ORIENTED_EDGE('',*,*,#3524,.T.);
#4081=ORIENTED_EDGE('',*,*,#4080,.F.);
#4082=ORIENTED_EDGE('',*,*,#4008,.F.);
#4083=ORIENTED_EDGE('',*,*,#3963,.F.);
#4084=EDGE_LOOP('',(#4079,#4081,#4082,#4083));
#4085=FACE_OUTER_BOUND('',#4084,.F.);
#4086=ADVANCED_FACE('',(#4085),#4078,.F.);
#4087=FILL_AREA_STYLE_COLOUR('',#19);
#4088=FILL_AREA_STYLE('',(#4087));
#4089=SURFACE_STYLE_FILL_AREA(#4088);
#4090=SURFACE_SIDE_STYLE('',(#4089));
#4091=SURFACE_STYLE_USAGE(.POSITIVE.,#4090);
#4092=PRESENTATION_STYLE_ASSIGNMENT((#4091));
#4093=STYLED_ITEM('',(#4092),#4086);
#4094=CARTESIAN_POINT('',(-5.8E0,-2.65E0,1.E0));
#4095=DIRECTION('',(0.E0,1.E0,0.E0));
#4096=DIRECTION('',(-1.E0,0.E0,0.E0));
#4097=AXIS2_PLACEMENT_3D('',#4094,#4095,#4096);
#4098=PLANE('',#4097);
#4099=ORIENTED_EDGE('',*,*,#3522,.F.);
#4101=ORIENTED_EDGE('',*,*,#4100,.T.);
#4102=ORIENTED_EDGE('',*,*,#4010,.T.);
#4103=ORIENTED_EDGE('',*,*,#4080,.T.);
#4104=EDGE_LOOP('',(#4099,#4101,#4102,#4103));
#4105=FACE_OUTER_BOUND('',#4104,.F.);
#4106=ADVANCED_FACE('',(#4105),#4098,.F.);
#4107=FILL_AREA_STYLE_COLOUR('',#19);
#4108=FILL_AREA_STYLE('',(#4107));
#4109=SURFACE_STYLE_FILL_AREA(#4108);
#4110=SURFACE_SIDE_STYLE('',(#4109));
#4111=SURFACE_STYLE_USAGE(.POSITIVE.,#4110);
#4112=PRESENTATION_STYLE_ASSIGNMENT((#4111));
#4113=STYLED_ITEM('',(#4112),#4106);
#4114=CARTESIAN_POINT('',(-8.E0,3.35E0,0.E0));
#4115=DIRECTION('',(-1.E0,0.E0,0.E0));
#4116=DIRECTION('',(0.E0,-1.E0,0.E0));
#4117=AXIS2_PLACEMENT_3D('',#4114,#4115,#4116);
#4118=PLANE('',#4117);
#4120=ORIENTED_EDGE('',*,*,#4119,.T.);
#4121=ORIENTED_EDGE('',*,*,#4012,.T.);
#4122=ORIENTED_EDGE('',*,*,#4100,.F.);
#4123=ORIENTED_EDGE('',*,*,#3520,.F.);
#4124=EDGE_LOOP('',(#4120,#4121,#4122,#4123));
#4125=FACE_OUTER_BOUND('',#4124,.F.);
#4126=ADVANCED_FACE('',(#4125),#4118,.T.);
#4127=FILL_AREA_STYLE_COLOUR('',#19);
#4128=FILL_AREA_STYLE('',(#4127));
#4129=SURFACE_STYLE_FILL_AREA(#4128);
#4130=SURFACE_SIDE_STYLE('',(#4129));
#4131=SURFACE_STYLE_USAGE(.POSITIVE.,#4130);
#4132=PRESENTATION_STYLE_ASSIGNMENT((#4131));
#4133=STYLED_ITEM('',(#4132),#4126);
#4134=CARTESIAN_POINT('',(-8.E0,2.65E0,1.E0));
#4135=DIRECTION('',(0.E0,-1.E0,0.E0));
#4136=DIRECTION('',(1.E0,0.E0,0.E0));
#4137=AXIS2_PLACEMENT_3D('',#4134,#4135,#4136);
#4138=PLANE('',#4137);
#4139=ORIENTED_EDGE('',*,*,#3518,.T.);
#4141=ORIENTED_EDGE('',*,*,#4140,.F.);
#4142=ORIENTED_EDGE('',*,*,#4014,.F.);
#4143=ORIENTED_EDGE('',*,*,#4119,.F.);
#4144=EDGE_LOOP('',(#4139,#4141,#4142,#4143));
#4145=FACE_OUTER_BOUND('',#4144,.F.);
#4146=ADVANCED_FACE('',(#4145),#4138,.F.);
#4147=FILL_AREA_STYLE_COLOUR('',#19);
#4148=FILL_AREA_STYLE('',(#4147));
#4149=SURFACE_STYLE_FILL_AREA(#4148);
#4150=SURFACE_SIDE_STYLE('',(#4149));
#4151=SURFACE_STYLE_USAGE(.POSITIVE.,#4150);
#4152=PRESENTATION_STYLE_ASSIGNMENT((#4151));
#4153=STYLED_ITEM('',(#4152),#4146);
#4154=CARTESIAN_POINT('',(-5.8E0,2.65E0,1.E0));
#4155=DIRECTION('',(1.E0,0.E0,0.E0));
#4156=DIRECTION('',(0.E0,1.E0,0.E0));
#4157=AXIS2_PLACEMENT_3D('',#4154,#4155,#4156);
#4158=PLANE('',#4157);
#4159=ORIENTED_EDGE('',*,*,#3516,.F.);
#4161=ORIENTED_EDGE('',*,*,#4160,.T.);
#4162=ORIENTED_EDGE('',*,*,#4016,.T.);
#4163=ORIENTED_EDGE('',*,*,#4140,.T.);
#4164=EDGE_LOOP('',(#4159,#4161,#4162,#4163));
#4165=FACE_OUTER_BOUND('',#4164,.F.);
#4166=ADVANCED_FACE('',(#4165),#4158,.F.);
#4167=FILL_AREA_STYLE_COLOUR('',#19);
#4168=FILL_AREA_STYLE('',(#4167));
#4169=SURFACE_STYLE_FILL_AREA(#4168);
#4170=SURFACE_SIDE_STYLE('',(#4169));
#4171=SURFACE_STYLE_USAGE(.POSITIVE.,#4170);
#4172=PRESENTATION_STYLE_ASSIGNMENT((#4171));
#4173=STYLED_ITEM('',(#4172),#4166);
#4174=CARTESIAN_POINT('',(8.E0,3.35E0,0.E0));
#4175=DIRECTION('',(0.E0,1.E0,0.E0));
#4176=DIRECTION('',(-1.E0,0.E0,0.E0));
#4177=AXIS2_PLACEMENT_3D('',#4174,#4175,#4176);
#4178=PLANE('',#4177);
#4180=ORIENTED_EDGE('',*,*,#4179,.T.);
#4181=ORIENTED_EDGE('',*,*,#4018,.T.);
#4182=ORIENTED_EDGE('',*,*,#4160,.F.);
#4183=ORIENTED_EDGE('',*,*,#3514,.F.);
#4184=EDGE_LOOP('',(#4180,#4181,#4182,#4183));
#4185=FACE_OUTER_BOUND('',#4184,.F.);
#4186=ADVANCED_FACE('',(#4185),#4178,.T.);
#4187=FILL_AREA_STYLE_COLOUR('',#19);
#4188=FILL_AREA_STYLE('',(#4187));
#4189=SURFACE_STYLE_FILL_AREA(#4188);
#4190=SURFACE_SIDE_STYLE('',(#4189));
#4191=SURFACE_STYLE_USAGE(.POSITIVE.,#4190);
#4192=PRESENTATION_STYLE_ASSIGNMENT((#4191));
#4193=STYLED_ITEM('',(#4192),#4186);
#4194=CARTESIAN_POINT('',(8.E0,3.35E0,0.E0));
#4195=DIRECTION('',(0.E0,1.E0,0.E0));
#4196=DIRECTION('',(-1.E0,0.E0,0.E0));
#4197=AXIS2_PLACEMENT_3D('',#4194,#4195,#4196);
#4198=PLANE('',#4197);
#4200=ORIENTED_EDGE('',*,*,#4199,.F.);
#4201=ORIENTED_EDGE('',*,*,#3506,.F.);
#4203=ORIENTED_EDGE('',*,*,#4202,.T.);
#4204=ORIENTED_EDGE('',*,*,#4026,.T.);
#4205=EDGE_LOOP('',(#4200,#4201,#4203,#4204));
#4206=FACE_OUTER_BOUND('',#4205,.F.);
#4207=ADVANCED_FACE('',(#4206),#4198,.T.);
#4208=FILL_AREA_STYLE_COLOUR('',#19);
#4209=FILL_AREA_STYLE('',(#4208));
#4210=SURFACE_STYLE_FILL_AREA(#4209);
#4211=SURFACE_SIDE_STYLE('',(#4210));
#4212=SURFACE_STYLE_USAGE(.POSITIVE.,#4211);
#4213=PRESENTATION_STYLE_ASSIGNMENT((#4212));
#4214=STYLED_ITEM('',(#4213),#4207);
#4215=CARTESIAN_POINT('',(8.E0,3.35E0,0.E0));
#4216=DIRECTION('',(0.E0,1.E0,0.E0));
#4217=DIRECTION('',(-1.E0,0.E0,0.E0));
#4218=AXIS2_PLACEMENT_3D('',#4215,#4216,#4217);
#4219=PLANE('',#4218);
#4221=ORIENTED_EDGE('',*,*,#4220,.F.);
#4222=ORIENTED_EDGE('',*,*,#3498,.F.);
#4224=ORIENTED_EDGE('',*,*,#4223,.T.);
#4225=ORIENTED_EDGE('',*,*,#4034,.T.);
#4226=EDGE_LOOP('',(#4221,#4222,#4224,#4225));
#4227=FACE_OUTER_BOUND('',#4226,.F.);
#4228=ADVANCED_FACE('',(#4227),#4219,.T.);
#4229=FILL_AREA_STYLE_COLOUR('',#19);
#4230=FILL_AREA_STYLE('',(#4229));
#4231=SURFACE_STYLE_FILL_AREA(#4230);
#4232=SURFACE_SIDE_STYLE('',(#4231));
#4233=SURFACE_STYLE_USAGE(.POSITIVE.,#4232);
#4234=PRESENTATION_STYLE_ASSIGNMENT((#4233));
#4235=STYLED_ITEM('',(#4234),#4228);
#4236=CARTESIAN_POINT('',(-4.7E0,3.35E0,1.E0));
#4237=DIRECTION('',(-1.E0,0.E0,0.E0));
#4238=DIRECTION('',(0.E0,-1.E0,0.E0));
#4239=AXIS2_PLACEMENT_3D('',#4236,#4237,#4238);
#4240=PLANE('',#4239);
#4241=ORIENTED_EDGE('',*,*,#3512,.T.);
#4243=ORIENTED_EDGE('',*,*,#4242,.F.);
#4244=ORIENTED_EDGE('',*,*,#4020,.F.);
#4245=ORIENTED_EDGE('',*,*,#4179,.F.);
#4246=EDGE_LOOP('',(#4241,#4243,#4244,#4245));
#4247=FACE_OUTER_BOUND('',#4246,.F.);
#4248=ADVANCED_FACE('',(#4247),#4240,.F.);
#4249=FILL_AREA_STYLE_COLOUR('',#19);
#4250=FILL_AREA_STYLE('',(#4249));
#4251=SURFACE_STYLE_FILL_AREA(#4250);
#4252=SURFACE_SIDE_STYLE('',(#4251));
#4253=SURFACE_STYLE_USAGE(.POSITIVE.,#4252);
#4254=PRESENTATION_STYLE_ASSIGNMENT((#4253));
#4255=STYLED_ITEM('',(#4254),#4248);
#4256=CARTESIAN_POINT('',(-4.7E0,2.65E0,1.E0));
#4257=DIRECTION('',(0.E0,-1.E0,0.E0));
#4258=DIRECTION('',(1.E0,0.E0,0.E0));
#4259=AXIS2_PLACEMENT_3D('',#4256,#4257,#4258);
#4260=PLANE('',#4259);
#4261=ORIENTED_EDGE('',*,*,#3510,.T.);
#4263=ORIENTED_EDGE('',*,*,#4262,.F.);
#4264=ORIENTED_EDGE('',*,*,#4022,.F.);
#4265=ORIENTED_EDGE('',*,*,#4242,.T.);
#4266=EDGE_LOOP('',(#4261,#4263,#4264,#4265));
#4267=FACE_OUTER_BOUND('',#4266,.F.);
#4268=ADVANCED_FACE('',(#4267),#4260,.F.);
#4269=FILL_AREA_STYLE_COLOUR('',#19);
#4270=FILL_AREA_STYLE('',(#4269));
#4271=SURFACE_STYLE_FILL_AREA(#4270);
#4272=SURFACE_SIDE_STYLE('',(#4271));
#4273=SURFACE_STYLE_USAGE(.POSITIVE.,#4272);
#4274=PRESENTATION_STYLE_ASSIGNMENT((#4273));
#4275=STYLED_ITEM('',(#4274),#4268);
#4276=CARTESIAN_POINT('',(-2.7E0,2.65E0,1.E0));
#4277=DIRECTION('',(1.E0,0.E0,0.E0));
#4278=DIRECTION('',(0.E0,1.E0,0.E0));
#4279=AXIS2_PLACEMENT_3D('',#4276,#4277,#4278);
#4280=PLANE('',#4279);
#4281=ORIENTED_EDGE('',*,*,#3508,.F.);
#4282=ORIENTED_EDGE('',*,*,#4199,.T.);
#4283=ORIENTED_EDGE('',*,*,#4024,.T.);
#4284=ORIENTED_EDGE('',*,*,#4262,.T.);
#4285=EDGE_LOOP('',(#4281,#4282,#4283,#4284));
#4286=FACE_OUTER_BOUND('',#4285,.F.);
#4287=ADVANCED_FACE('',(#4286),#4280,.F.);
#4288=FILL_AREA_STYLE_COLOUR('',#19);
#4289=FILL_AREA_STYLE('',(#4288));
#4290=SURFACE_STYLE_FILL_AREA(#4289);
#4291=SURFACE_SIDE_STYLE('',(#4290));
#4292=SURFACE_STYLE_USAGE(.POSITIVE.,#4291);
#4293=PRESENTATION_STYLE_ASSIGNMENT((#4292));
#4294=STYLED_ITEM('',(#4293),#4287);
#4295=CARTESIAN_POINT('',(2.7E0,3.35E0,1.E0));
#4296=DIRECTION('',(-1.E0,0.E0,0.E0));
#4297=DIRECTION('',(0.E0,-1.E0,0.E0));
#4298=AXIS2_PLACEMENT_3D('',#4295,#4296,#4297);
#4299=PLANE('',#4298);
#4300=ORIENTED_EDGE('',*,*,#3504,.T.);
#4302=ORIENTED_EDGE('',*,*,#4301,.F.);
#4303=ORIENTED_EDGE('',*,*,#4028,.F.);
#4304=ORIENTED_EDGE('',*,*,#4202,.F.);
#4305=EDGE_LOOP('',(#4300,#4302,#4303,#4304));
#4306=FACE_OUTER_BOUND('',#4305,.F.);
#4307=ADVANCED_FACE('',(#4306),#4299,.F.);
#4308=FILL_AREA_STYLE_COLOUR('',#19);
#4309=FILL_AREA_STYLE('',(#4308));
#4310=SURFACE_STYLE_FILL_AREA(#4309);
#4311=SURFACE_SIDE_STYLE('',(#4310));
#4312=SURFACE_STYLE_USAGE(.POSITIVE.,#4311);
#4313=PRESENTATION_STYLE_ASSIGNMENT((#4312));
#4314=STYLED_ITEM('',(#4313),#4307);
#4315=CARTESIAN_POINT('',(2.7E0,2.65E0,1.E0));
#4316=DIRECTION('',(0.E0,-1.E0,0.E0));
#4317=DIRECTION('',(1.E0,0.E0,0.E0));
#4318=AXIS2_PLACEMENT_3D('',#4315,#4316,#4317);
#4319=PLANE('',#4318);
#4320=ORIENTED_EDGE('',*,*,#3502,.T.);
#4322=ORIENTED_EDGE('',*,*,#4321,.F.);
#4323=ORIENTED_EDGE('',*,*,#4030,.F.);
#4324=ORIENTED_EDGE('',*,*,#4301,.T.);
#4325=EDGE_LOOP('',(#4320,#4322,#4323,#4324));
#4326=FACE_OUTER_BOUND('',#4325,.F.);
#4327=ADVANCED_FACE('',(#4326),#4319,.F.);
#4328=FILL_AREA_STYLE_COLOUR('',#19);
#4329=FILL_AREA_STYLE('',(#4328));
#4330=SURFACE_STYLE_FILL_AREA(#4329);
#4331=SURFACE_SIDE_STYLE('',(#4330));
#4332=SURFACE_STYLE_USAGE(.POSITIVE.,#4331);
#4333=PRESENTATION_STYLE_ASSIGNMENT((#4332));
#4334=STYLED_ITEM('',(#4333),#4327);
#4335=CARTESIAN_POINT('',(4.7E0,2.65E0,1.E0));
#4336=DIRECTION('',(1.E0,0.E0,0.E0));
#4337=DIRECTION('',(0.E0,1.E0,0.E0));
#4338=AXIS2_PLACEMENT_3D('',#4335,#4336,#4337);
#4339=PLANE('',#4338);
#4340=ORIENTED_EDGE('',*,*,#3500,.F.);
#4341=ORIENTED_EDGE('',*,*,#4220,.T.);
#4342=ORIENTED_EDGE('',*,*,#4032,.T.);
#4343=ORIENTED_EDGE('',*,*,#4321,.T.);
#4344=EDGE_LOOP('',(#4340,#4341,#4342,#4343));
#4345=FACE_OUTER_BOUND('',#4344,.F.);
#4346=ADVANCED_FACE('',(#4345),#4339,.F.);
#4347=FILL_AREA_STYLE_COLOUR('',#19);
#4348=FILL_AREA_STYLE('',(#4347));
#4349=SURFACE_STYLE_FILL_AREA(#4348);
#4350=SURFACE_SIDE_STYLE('',(#4349));
#4351=SURFACE_STYLE_USAGE(.POSITIVE.,#4350);
#4352=PRESENTATION_STYLE_ASSIGNMENT((#4351));
#4353=STYLED_ITEM('',(#4352),#4346);
#4354=CARTESIAN_POINT('',(5.8E0,3.35E0,1.E0));
#4355=DIRECTION('',(-1.E0,0.E0,0.E0));
#4356=DIRECTION('',(0.E0,-1.E0,0.E0));
#4357=AXIS2_PLACEMENT_3D('',#4354,#4355,#4356);
#4358=PLANE('',#4357);
#4359=ORIENTED_EDGE('',*,*,#3496,.T.);
#4361=ORIENTED_EDGE('',*,*,#4360,.F.);
#4362=ORIENTED_EDGE('',*,*,#4036,.F.);
#4363=ORIENTED_EDGE('',*,*,#4223,.F.);
#4364=EDGE_LOOP('',(#4359,#4361,#4362,#4363));
#4365=FACE_OUTER_BOUND('',#4364,.F.);
#4366=ADVANCED_FACE('',(#4365),#4358,.F.);
#4367=FILL_AREA_STYLE_COLOUR('',#19);
#4368=FILL_AREA_STYLE('',(#4367));
#4369=SURFACE_STYLE_FILL_AREA(#4368);
#4370=SURFACE_SIDE_STYLE('',(#4369));
#4371=SURFACE_STYLE_USAGE(.POSITIVE.,#4370);
#4372=PRESENTATION_STYLE_ASSIGNMENT((#4371));
#4373=STYLED_ITEM('',(#4372),#4366);
#4374=CARTESIAN_POINT('',(5.8E0,2.65E0,1.E0));
#4375=DIRECTION('',(0.E0,-1.E0,0.E0));
#4376=DIRECTION('',(1.E0,0.E0,0.E0));
#4377=AXIS2_PLACEMENT_3D('',#4374,#4375,#4376);
#4378=PLANE('',#4377);
#4379=ORIENTED_EDGE('',*,*,#3494,.F.);
#4381=ORIENTED_EDGE('',*,*,#4380,.T.);
#4382=ORIENTED_EDGE('',*,*,#4038,.T.);
#4383=ORIENTED_EDGE('',*,*,#4360,.T.);
#4384=EDGE_LOOP('',(#4379,#4381,#4382,#4383));
#4385=FACE_OUTER_BOUND('',#4384,.F.);
#4386=ADVANCED_FACE('',(#4385),#4378,.F.);
#4387=FILL_AREA_STYLE_COLOUR('',#19);
#4388=FILL_AREA_STYLE('',(#4387));
#4389=SURFACE_STYLE_FILL_AREA(#4388);
#4390=SURFACE_SIDE_STYLE('',(#4389));
#4391=SURFACE_STYLE_USAGE(.POSITIVE.,#4390);
#4392=PRESENTATION_STYLE_ASSIGNMENT((#4391));
#4393=STYLED_ITEM('',(#4392),#4386);
#4394=CARTESIAN_POINT('',(8.E0,-3.35E0,0.E0));
#4395=DIRECTION('',(1.E0,0.E0,0.E0));
#4396=DIRECTION('',(0.E0,1.E0,0.E0));
#4397=AXIS2_PLACEMENT_3D('',#4394,#4395,#4396);
#4398=PLANE('',#4397);
#4399=ORIENTED_EDGE('',*,*,#4380,.F.);
#4400=ORIENTED_EDGE('',*,*,#3492,.F.);
#4402=ORIENTED_EDGE('',*,*,#4401,.T.);
#4403=ORIENTED_EDGE('',*,*,#4040,.T.);
#4404=EDGE_LOOP('',(#4399,#4400,#4402,#4403));
#4405=FACE_OUTER_BOUND('',#4404,.F.);
#4406=ADVANCED_FACE('',(#4405),#4398,.T.);
#4407=FILL_AREA_STYLE_COLOUR('',#19);
#4408=FILL_AREA_STYLE('',(#4407));
#4409=SURFACE_STYLE_FILL_AREA(#4408);
#4410=SURFACE_SIDE_STYLE('',(#4409));
#4411=SURFACE_STYLE_USAGE(.POSITIVE.,#4410);
#4412=PRESENTATION_STYLE_ASSIGNMENT((#4411));
#4413=STYLED_ITEM('',(#4412),#4406);
#4414=CARTESIAN_POINT('',(8.E0,-2.65E0,1.E0));
#4415=DIRECTION('',(0.E0,1.E0,0.E0));
#4416=DIRECTION('',(-1.E0,0.E0,0.E0));
#4417=AXIS2_PLACEMENT_3D('',#4414,#4415,#4416);
#4418=PLANE('',#4417);
#4419=ORIENTED_EDGE('',*,*,#3490,.T.);
#4421=ORIENTED_EDGE('',*,*,#4420,.F.);
#4422=ORIENTED_EDGE('',*,*,#4042,.F.);
#4423=ORIENTED_EDGE('',*,*,#4401,.F.);
#4424=EDGE_LOOP('',(#4419,#4421,#4422,#4423));
#4425=FACE_OUTER_BOUND('',#4424,.F.);
#4426=ADVANCED_FACE('',(#4425),#4418,.F.);
#4427=FILL_AREA_STYLE_COLOUR('',#19);
#4428=FILL_AREA_STYLE('',(#4427));
#4429=SURFACE_STYLE_FILL_AREA(#4428);
#4430=SURFACE_SIDE_STYLE('',(#4429));
#4431=SURFACE_STYLE_USAGE(.POSITIVE.,#4430);
#4432=PRESENTATION_STYLE_ASSIGNMENT((#4431));
#4433=STYLED_ITEM('',(#4432),#4426);
#4434=CARTESIAN_POINT('',(5.8E0,-2.65E0,1.E0));
#4435=DIRECTION('',(-1.E0,0.E0,0.E0));
#4436=DIRECTION('',(0.E0,-1.E0,0.E0));
#4437=AXIS2_PLACEMENT_3D('',#4434,#4435,#4436);
#4438=PLANE('',#4437);
#4439=ORIENTED_EDGE('',*,*,#3488,.F.);
#4440=ORIENTED_EDGE('',*,*,#3986,.T.);
#4441=ORIENTED_EDGE('',*,*,#4044,.T.);
#4442=ORIENTED_EDGE('',*,*,#4420,.T.);
#4443=EDGE_LOOP('',(#4439,#4440,#4441,#4442));
#4444=FACE_OUTER_BOUND('',#4443,.F.);
#4445=ADVANCED_FACE('',(#4444),#4438,.F.);
#4446=FILL_AREA_STYLE_COLOUR('',#19);
#4447=FILL_AREA_STYLE('',(#4446));
#4448=SURFACE_STYLE_FILL_AREA(#4447);
#4449=SURFACE_SIDE_STYLE('',(#4448));
#4450=SURFACE_STYLE_USAGE(.POSITIVE.,#4449);
#4451=PRESENTATION_STYLE_ASSIGNMENT((#4450));
#4452=STYLED_ITEM('',(#4451),#4445);
#4453=CARTESIAN_POINT('',(4.7E0,-3.35E0,1.E0));
#4454=DIRECTION('',(1.E0,0.E0,0.E0));
#4455=DIRECTION('',(0.E0,1.E0,0.E0));
#4456=AXIS2_PLACEMENT_3D('',#4453,#4454,#4455);
#4457=PLANE('',#4456);
#4458=ORIENTED_EDGE('',*,*,#3484,.T.);
#4460=ORIENTED_EDGE('',*,*,#4459,.F.);
#4461=ORIENTED_EDGE('',*,*,#4047,.F.);
#4462=ORIENTED_EDGE('',*,*,#3982,.F.);
#4463=EDGE_LOOP('',(#4458,#4460,#4461,#4462));
#4464=FACE_OUTER_BOUND('',#4463,.F.);
#4465=ADVANCED_FACE('',(#4464),#4457,.F.);
#4466=FILL_AREA_STYLE_COLOUR('',#19);
#4467=FILL_AREA_STYLE('',(#4466));
#4468=SURFACE_STYLE_FILL_AREA(#4467);
#4469=SURFACE_SIDE_STYLE('',(#4468));
#4470=SURFACE_STYLE_USAGE(.POSITIVE.,#4469);
#4471=PRESENTATION_STYLE_ASSIGNMENT((#4470));
#4472=STYLED_ITEM('',(#4471),#4465);
#4473=CARTESIAN_POINT('',(4.7E0,-2.65E0,1.E0));
#4474=DIRECTION('',(0.E0,1.E0,0.E0));
#4475=DIRECTION('',(-1.E0,0.E0,0.E0));
#4476=AXIS2_PLACEMENT_3D('',#4473,#4474,#4475);
#4477=PLANE('',#4476);
#4478=ORIENTED_EDGE('',*,*,#3482,.T.);
#4480=ORIENTED_EDGE('',*,*,#4479,.F.);
#4481=ORIENTED_EDGE('',*,*,#4049,.F.);
#4482=ORIENTED_EDGE('',*,*,#4459,.T.);
#4483=EDGE_LOOP('',(#4478,#4480,#4481,#4482));
#4484=FACE_OUTER_BOUND('',#4483,.F.);
#4485=ADVANCED_FACE('',(#4484),#4477,.F.);
#4486=FILL_AREA_STYLE_COLOUR('',#19);
#4487=FILL_AREA_STYLE('',(#4486));
#4488=SURFACE_STYLE_FILL_AREA(#4487);
#4489=SURFACE_SIDE_STYLE('',(#4488));
#4490=SURFACE_STYLE_USAGE(.POSITIVE.,#4489);
#4491=PRESENTATION_STYLE_ASSIGNMENT((#4490));
#4492=STYLED_ITEM('',(#4491),#4485);
#4493=CARTESIAN_POINT('',(2.7E0,-2.65E0,1.E0));
#4494=DIRECTION('',(-1.E0,0.E0,0.E0));
#4495=DIRECTION('',(0.E0,-1.E0,0.E0));
#4496=AXIS2_PLACEMENT_3D('',#4493,#4494,#4495);
#4497=PLANE('',#4496);
#4498=ORIENTED_EDGE('',*,*,#3480,.F.);
#4499=ORIENTED_EDGE('',*,*,#3943,.T.);
#4500=ORIENTED_EDGE('',*,*,#4051,.T.);
#4501=ORIENTED_EDGE('',*,*,#4479,.T.);
#4502=EDGE_LOOP('',(#4498,#4499,#4500,#4501));
#4503=FACE_OUTER_BOUND('',#4502,.F.);
#4504=ADVANCED_FACE('',(#4503),#4497,.F.);
#4505=FILL_AREA_STYLE_COLOUR('',#19);
#4506=FILL_AREA_STYLE('',(#4505));
#4507=SURFACE_STYLE_FILL_AREA(#4506);
#4508=SURFACE_SIDE_STYLE('',(#4507));
#4509=SURFACE_STYLE_USAGE(.POSITIVE.,#4508);
#4510=PRESENTATION_STYLE_ASSIGNMENT((#4509));
#4511=STYLED_ITEM('',(#4510),#4504);
#4512=CARTESIAN_POINT('',(-7.132059079497E0,-2.35E0,1.E0));
#4513=DIRECTION('',(0.E0,-1.E0,0.E0));
#4514=DIRECTION('',(1.E0,0.E0,0.E0));
#4515=AXIS2_PLACEMENT_3D('',#4512,#4513,#4514);
#4516=PLANE('',#4515);
#4517=ORIENTED_EDGE('',*,*,#4056,.F.);
#4519=ORIENTED_EDGE('',*,*,#4518,.T.);
#4521=ORIENTED_EDGE('',*,*,#4520,.T.);
#4523=ORIENTED_EDGE('',*,*,#4522,.F.);
#4524=EDGE_LOOP('',(#4517,#4519,#4521,#4523));
#4525=FACE_OUTER_BOUND('',#4524,.F.);
#4526=ADVANCED_FACE('',(#4525),#4516,.T.);
#4527=FILL_AREA_STYLE_COLOUR('',#5);
#4528=FILL_AREA_STYLE('',(#4527));
#4529=SURFACE_STYLE_FILL_AREA(#4528);
#4530=SURFACE_SIDE_STYLE('',(#4529));
#4531=SURFACE_STYLE_USAGE(.POSITIVE.,#4530);
#4532=PRESENTATION_STYLE_ASSIGNMENT((#4531));
#4533=STYLED_ITEM('',(#4532),#4526);
#4534=CARTESIAN_POINT('',(-7.132059079497E0,2.35E0,1.E0));
#4535=DIRECTION('',(-1.E0,0.E0,0.E0));
#4536=DIRECTION('',(0.E0,-1.E0,0.E0));
#4537=AXIS2_PLACEMENT_3D('',#4534,#4535,#4536);
#4538=PLANE('',#4537);
#4539=ORIENTED_EDGE('',*,*,#4062,.F.);
#4541=ORIENTED_EDGE('',*,*,#4540,.T.);
#4543=ORIENTED_EDGE('',*,*,#4542,.T.);
#4544=ORIENTED_EDGE('',*,*,#4518,.F.);
#4545=EDGE_LOOP('',(#4539,#4541,#4543,#4544));
#4546=FACE_OUTER_BOUND('',#4545,.F.);
#4547=ADVANCED_FACE('',(#4546),#4538,.T.);
#4548=FILL_AREA_STYLE_COLOUR('',#5);
#4549=FILL_AREA_STYLE('',(#4548));
#4550=SURFACE_STYLE_FILL_AREA(#4549);
#4551=SURFACE_SIDE_STYLE('',(#4550));
#4552=SURFACE_STYLE_USAGE(.POSITIVE.,#4551);
#4553=PRESENTATION_STYLE_ASSIGNMENT((#4552));
#4554=STYLED_ITEM('',(#4553),#4547);
#4555=CARTESIAN_POINT('',(2.610240920503E0,2.35E0,1.E0));
#4556=DIRECTION('',(0.E0,1.E0,0.E0));
#4557=DIRECTION('',(-1.E0,0.E0,0.E0));
#4558=AXIS2_PLACEMENT_3D('',#4555,#4556,#4557);
#4559=PLANE('',#4558);
#4560=ORIENTED_EDGE('',*,*,#4060,.F.);
#4562=ORIENTED_EDGE('',*,*,#4561,.T.);
#4564=ORIENTED_EDGE('',*,*,#4563,.T.);
#4565=ORIENTED_EDGE('',*,*,#4540,.F.);
#4566=EDGE_LOOP('',(#4560,#4562,#4564,#4565));
#4567=FACE_OUTER_BOUND('',#4566,.F.);
#4568=ADVANCED_FACE('',(#4567),#4559,.T.);
#4569=FILL_AREA_STYLE_COLOUR('',#5);
#4570=FILL_AREA_STYLE('',(#4569));
#4571=SURFACE_STYLE_FILL_AREA(#4570);
#4572=SURFACE_SIDE_STYLE('',(#4571));
#4573=SURFACE_STYLE_USAGE(.POSITIVE.,#4572);
#4574=PRESENTATION_STYLE_ASSIGNMENT((#4573));
#4575=STYLED_ITEM('',(#4574),#4568);
#4576=CARTESIAN_POINT('',(2.610240920503E0,-2.35E0,1.E0));
#4577=DIRECTION('',(1.E0,0.E0,0.E0));
#4578=DIRECTION('',(0.E0,1.E0,0.E0));
#4579=AXIS2_PLACEMENT_3D('',#4576,#4577,#4578);
#4580=PLANE('',#4579);
#4581=ORIENTED_EDGE('',*,*,#4058,.F.);
#4582=ORIENTED_EDGE('',*,*,#4522,.T.);
#4584=ORIENTED_EDGE('',*,*,#4583,.T.);
#4585=ORIENTED_EDGE('',*,*,#4561,.F.);
#4586=EDGE_LOOP('',(#4581,#4582,#4584,#4585));
#4587=FACE_OUTER_BOUND('',#4586,.F.);
#4588=ADVANCED_FACE('',(#4587),#4580,.T.);
#4589=FILL_AREA_STYLE_COLOUR('',#5);
#4590=FILL_AREA_STYLE('',(#4589));
#4591=SURFACE_STYLE_FILL_AREA(#4590);
#4592=SURFACE_SIDE_STYLE('',(#4591));
#4593=SURFACE_STYLE_USAGE(.POSITIVE.,#4592);
#4594=PRESENTATION_STYLE_ASSIGNMENT((#4593));
#4595=STYLED_ITEM('',(#4594),#4588);
#4596=CARTESIAN_POINT('',(0.E0,0.E0,5.8E0));
#4597=DIRECTION('',(0.E0,0.E0,1.E0));
#4598=DIRECTION('',(1.E0,0.E0,0.E0));
#4599=AXIS2_PLACEMENT_3D('',#4596,#4597,#4598);
#4600=PLANE('',#4599);
#4601=ORIENTED_EDGE('',*,*,#4520,.F.);
#4602=ORIENTED_EDGE('',*,*,#4542,.F.);
#4603=ORIENTED_EDGE('',*,*,#4563,.F.);
#4604=ORIENTED_EDGE('',*,*,#4583,.F.);
#4605=EDGE_LOOP('',(#4601,#4602,#4603,#4604));
#4606=FACE_OUTER_BOUND('',#4605,.F.);
#4608=ORIENTED_EDGE('',*,*,#4607,.T.);
#4610=ORIENTED_EDGE('',*,*,#4609,.T.);
#4612=ORIENTED_EDGE('',*,*,#4611,.T.);
#4614=ORIENTED_EDGE('',*,*,#4613,.T.);
#4615=EDGE_LOOP('',(#4608,#4610,#4612,#4614));
#4616=FACE_BOUND('',#4615,.F.);
#4617=ADVANCED_FACE('',(#4606,#4616),#4600,.T.);
#4618=FILL_AREA_STYLE_COLOUR('',#5);
#4619=FILL_AREA_STYLE('',(#4618));
#4620=SURFACE_STYLE_FILL_AREA(#4619);
#4621=SURFACE_SIDE_STYLE('',(#4620));
#4622=SURFACE_STYLE_USAGE(.POSITIVE.,#4621);
#4623=PRESENTATION_STYLE_ASSIGNMENT((#4622));
#4624=STYLED_ITEM('',(#4623),#4617);
#4625=CARTESIAN_POINT('',(-3.5E0,1.25E0,5.8E0));
#4626=DIRECTION('',(-1.E0,0.E0,0.E0));
#4627=DIRECTION('',(0.E0,-1.E0,0.E0));
#4628=AXIS2_PLACEMENT_3D('',#4625,#4626,#4627);
#4629=PLANE('',#4628);
#4631=ORIENTED_EDGE('',*,*,#4630,.T.);
#4633=ORIENTED_EDGE('',*,*,#4632,.F.);
#4634=ORIENTED_EDGE('',*,*,#4607,.F.);
#4636=ORIENTED_EDGE('',*,*,#4635,.T.);
#4637=EDGE_LOOP('',(#4631,#4633,#4634,#4636));
#4638=FACE_OUTER_BOUND('',#4637,.F.);
#4639=ADVANCED_FACE('',(#4638),#4629,.T.);
#4640=FILL_AREA_STYLE_COLOUR('',#5);
#4641=FILL_AREA_STYLE('',(#4640));
#4642=SURFACE_STYLE_FILL_AREA(#4641);
#4643=SURFACE_SIDE_STYLE('',(#4642));
#4644=SURFACE_STYLE_USAGE(.POSITIVE.,#4643);
#4645=PRESENTATION_STYLE_ASSIGNMENT((#4644));
#4646=STYLED_ITEM('',(#4645),#4639);
#4647=CARTESIAN_POINT('',(-3.5E0,-1.25E0,1.434247392222E1));
#4648=DIRECTION('',(7.660444431190E-1,0.E0,-6.427876096865E-1));
#4649=DIRECTION('',(6.427876096865E-1,0.E0,7.660444431190E-1));
#4650=AXIS2_PLACEMENT_3D('',#4647,#4648,#4649);
#4651=PLANE('',#4650);
#4652=ORIENTED_EDGE('',*,*,#4630,.F.);
#4654=ORIENTED_EDGE('',*,*,#4653,.T.);
#4656=ORIENTED_EDGE('',*,*,#4655,.F.);
#4658=ORIENTED_EDGE('',*,*,#4657,.F.);
#4659=EDGE_LOOP('',(#4652,#4654,#4656,#4658));
#4660=FACE_OUTER_BOUND('',#4659,.F.);
#4661=ADVANCED_FACE('',(#4660),#4651,.F.);
#4662=FILL_AREA_STYLE_COLOUR('',#5);
#4663=FILL_AREA_STYLE('',(#4662));
#4664=SURFACE_STYLE_FILL_AREA(#4663);
#4665=SURFACE_SIDE_STYLE('',(#4664));
#4666=SURFACE_STYLE_USAGE(.POSITIVE.,#4665);
#4667=PRESENTATION_STYLE_ASSIGNMENT((#4666));
#4668=STYLED_ITEM('',(#4667),#4661);
#4669=CARTESIAN_POINT('',(-5.E-1,1.25E0,5.8E0));
#4670=DIRECTION('',(0.E0,1.E0,0.E0));
#4671=DIRECTION('',(-1.E0,0.E0,0.E0));
#4672=AXIS2_PLACEMENT_3D('',#4669,#4670,#4671);
#4673=PLANE('',#4672);
#4675=ORIENTED_EDGE('',*,*,#4674,.F.);
#4677=ORIENTED_EDGE('',*,*,#4676,.F.);
#4679=ORIENTED_EDGE('',*,*,#4678,.F.);
#4681=ORIENTED_EDGE('',*,*,#4680,.F.);
#4683=ORIENTED_EDGE('',*,*,#4682,.F.);
#4684=ORIENTED_EDGE('',*,*,#4653,.F.);
#4685=ORIENTED_EDGE('',*,*,#4635,.F.);
#4686=ORIENTED_EDGE('',*,*,#4613,.F.);
#4688=ORIENTED_EDGE('',*,*,#4687,.T.);
#4690=ORIENTED_EDGE('',*,*,#4689,.F.);
#4692=ORIENTED_EDGE('',*,*,#4691,.F.);
#4694=ORIENTED_EDGE('',*,*,#4693,.F.);
#4696=ORIENTED_EDGE('',*,*,#4695,.F.);
#4697=EDGE_LOOP('',(#4675,#4677,#4679,#4681,#4683,#4684,#4685,#4686,#4688,#4690,
#4692,#4694,#4696));
#4698=FACE_OUTER_BOUND('',#4697,.F.);
#4699=ADVANCED_FACE('',(#4698),#4673,.T.);
#4700=FILL_AREA_STYLE_COLOUR('',#5);
#4701=FILL_AREA_STYLE('',(#4700));
#4702=SURFACE_STYLE_FILL_AREA(#4701);
#4703=SURFACE_SIDE_STYLE('',(#4702));
#4704=SURFACE_STYLE_USAGE(.POSITIVE.,#4703);
#4705=PRESENTATION_STYLE_ASSIGNMENT((#4704));
#4706=STYLED_ITEM('',(#4705),#4699);
#4707=CARTESIAN_POINT('',(-2.E0,-1.25E0,1.47E1));
#4708=DIRECTION('',(-7.660444431190E-1,0.E0,-6.427876096865E-1));
#4709=DIRECTION('',(6.427876096865E-1,0.E0,-7.660444431190E-1));
#4710=AXIS2_PLACEMENT_3D('',#4707,#4708,#4709);
#4711=PLANE('',#4710);
#4713=ORIENTED_EDGE('',*,*,#4712,.F.);
#4715=ORIENTED_EDGE('',*,*,#4714,.T.);
#4716=ORIENTED_EDGE('',*,*,#4674,.T.);
#4718=ORIENTED_EDGE('',*,*,#4717,.F.);
#4719=EDGE_LOOP('',(#4713,#4715,#4716,#4718));
#4720=FACE_OUTER_BOUND('',#4719,.F.);
#4721=ADVANCED_FACE('',(#4720),#4711,.F.);
#4722=FILL_AREA_STYLE_COLOUR('',#5);
#4723=FILL_AREA_STYLE('',(#4722));
#4724=SURFACE_STYLE_FILL_AREA(#4723);
#4725=SURFACE_SIDE_STYLE('',(#4724));
#4726=SURFACE_STYLE_USAGE(.POSITIVE.,#4725);
#4727=PRESENTATION_STYLE_ASSIGNMENT((#4726));
#4728=STYLED_ITEM('',(#4727),#4721);
#4729=CARTESIAN_POINT('',(-3.5E0,-1.25E0,5.8E0));
#4730=DIRECTION('',(0.E0,-1.E0,0.E0));
#4731=DIRECTION('',(1.E0,0.E0,0.E0));
#4732=AXIS2_PLACEMENT_3D('',#4729,#4730,#4731);
#4733=PLANE('',#4732);
#4734=ORIENTED_EDGE('',*,*,#4712,.T.);
#4736=ORIENTED_EDGE('',*,*,#4735,.T.);
#4738=ORIENTED_EDGE('',*,*,#4737,.T.);
#4740=ORIENTED_EDGE('',*,*,#4739,.T.);
#4742=ORIENTED_EDGE('',*,*,#4741,.T.);
#4744=ORIENTED_EDGE('',*,*,#4743,.F.);
#4745=ORIENTED_EDGE('',*,*,#4609,.F.);
#4746=ORIENTED_EDGE('',*,*,#4632,.T.);
#4747=ORIENTED_EDGE('',*,*,#4657,.T.);
#4749=ORIENTED_EDGE('',*,*,#4748,.T.);
#4751=ORIENTED_EDGE('',*,*,#4750,.T.);
#4753=ORIENTED_EDGE('',*,*,#4752,.T.);
#4755=ORIENTED_EDGE('',*,*,#4754,.T.);
#4756=EDGE_LOOP('',(#4734,#4736,#4738,#4740,#4742,#4744,#4745,#4746,#4747,#4749,
#4751,#4753,#4755));
#4757=FACE_OUTER_BOUND('',#4756,.F.);
#4758=ADVANCED_FACE('',(#4757),#4733,.T.);
#4759=FILL_AREA_STYLE_COLOUR('',#5);
#4760=FILL_AREA_STYLE('',(#4759));
#4761=SURFACE_STYLE_FILL_AREA(#4760);
#4762=SURFACE_SIDE_STYLE('',(#4761));
#4763=SURFACE_STYLE_USAGE(.POSITIVE.,#4762);
#4764=PRESENTATION_STYLE_ASSIGNMENT((#4763));
#4765=STYLED_ITEM('',(#4764),#4758);
#4766=CARTESIAN_POINT('',(-1.7E0,-1.25E0,1.434247392222E1));
#4767=DIRECTION('',(7.660444431190E-1,0.E0,-6.427876096865E-1));
#4768=DIRECTION('',(6.427876096865E-1,0.E0,7.660444431190E-1));
#4769=AXIS2_PLACEMENT_3D('',#4766,#4767,#4768);
#4770=PLANE('',#4769);
#4771=ORIENTED_EDGE('',*,*,#4735,.F.);
#4772=ORIENTED_EDGE('',*,*,#4717,.T.);
#4773=ORIENTED_EDGE('',*,*,#4695,.T.);
#4775=ORIENTED_EDGE('',*,*,#4774,.F.);
#4776=EDGE_LOOP('',(#4771,#4772,#4773,#4775));
#4777=FACE_OUTER_BOUND('',#4776,.F.);
#4778=ADVANCED_FACE('',(#4777),#4770,.F.);
#4779=FILL_AREA_STYLE_COLOUR('',#5);
#4780=FILL_AREA_STYLE('',(#4779));
#4781=SURFACE_STYLE_FILL_AREA(#4780);
#4782=SURFACE_SIDE_STYLE('',(#4781));
#4783=SURFACE_STYLE_USAGE(.POSITIVE.,#4782);
#4784=PRESENTATION_STYLE_ASSIGNMENT((#4783));
#4785=STYLED_ITEM('',(#4784),#4778);
#4786=CARTESIAN_POINT('',(-1.4E0,-1.25E0,1.47E1));
#4787=DIRECTION('',(-7.660444431190E-1,0.E0,-6.427876096865E-1));
#4788=DIRECTION('',(6.427876096865E-1,0.E0,-7.660444431190E-1));
#4789=AXIS2_PLACEMENT_3D('',#4786,#4787,#4788);
#4790=PLANE('',#4789);
#4791=ORIENTED_EDGE('',*,*,#4737,.F.);
#4792=ORIENTED_EDGE('',*,*,#4774,.T.);
#4793=ORIENTED_EDGE('',*,*,#4693,.T.);
#4795=ORIENTED_EDGE('',*,*,#4794,.F.);
#4796=EDGE_LOOP('',(#4791,#4792,#4793,#4795));
#4797=FACE_OUTER_BOUND('',#4796,.F.);
#4798=ADVANCED_FACE('',(#4797),#4790,.F.);
#4799=FILL_AREA_STYLE_COLOUR('',#5);
#4800=FILL_AREA_STYLE('',(#4799));
#4801=SURFACE_STYLE_FILL_AREA(#4800);
#4802=SURFACE_SIDE_STYLE('',(#4801));
#4803=SURFACE_STYLE_USAGE(.POSITIVE.,#4802);
#4804=PRESENTATION_STYLE_ASSIGNMENT((#4803));
#4805=STYLED_ITEM('',(#4804),#4798);
#4806=CARTESIAN_POINT('',(-1.1E0,-1.25E0,1.434247392222E1));
#4807=DIRECTION('',(7.660444431190E-1,0.E0,-6.427876096865E-1));
#4808=DIRECTION('',(6.427876096865E-1,0.E0,7.660444431190E-1));
#4809=AXIS2_PLACEMENT_3D('',#4806,#4807,#4808);
#4810=PLANE('',#4809);
#4811=ORIENTED_EDGE('',*,*,#4739,.F.);
#4812=ORIENTED_EDGE('',*,*,#4794,.T.);
#4813=ORIENTED_EDGE('',*,*,#4691,.T.);
#4815=ORIENTED_EDGE('',*,*,#4814,.F.);
#4816=EDGE_LOOP('',(#4811,#4812,#4813,#4815));
#4817=FACE_OUTER_BOUND('',#4816,.F.);
#4818=ADVANCED_FACE('',(#4817),#4810,.F.);
#4819=FILL_AREA_STYLE_COLOUR('',#5);
#4820=FILL_AREA_STYLE('',(#4819));
#4821=SURFACE_STYLE_FILL_AREA(#4820);
#4822=SURFACE_SIDE_STYLE('',(#4821));
#4823=SURFACE_STYLE_USAGE(.POSITIVE.,#4822);
#4824=PRESENTATION_STYLE_ASSIGNMENT((#4823));
#4825=STYLED_ITEM('',(#4824),#4818);
#4826=CARTESIAN_POINT('',(-8.E-1,-1.25E0,1.47E1));
#4827=DIRECTION('',(-7.660444431190E-1,0.E0,-6.427876096865E-1));
#4828=DIRECTION('',(6.427876096865E-1,0.E0,-7.660444431190E-1));
#4829=AXIS2_PLACEMENT_3D('',#4826,#4827,#4828);
#4830=PLANE('',#4829);
#4831=ORIENTED_EDGE('',*,*,#4741,.F.);
#4832=ORIENTED_EDGE('',*,*,#4814,.T.);
#4833=ORIENTED_EDGE('',*,*,#4689,.T.);
#4835=ORIENTED_EDGE('',*,*,#4834,.F.);
#4836=EDGE_LOOP('',(#4831,#4832,#4833,#4835));
#4837=FACE_OUTER_BOUND('',#4836,.F.);
#4838=ADVANCED_FACE('',(#4837),#4830,.F.);
#4839=FILL_AREA_STYLE_COLOUR('',#5);
#4840=FILL_AREA_STYLE('',(#4839));
#4841=SURFACE_STYLE_FILL_AREA(#4840);
#4842=SURFACE_SIDE_STYLE('',(#4841));
#4843=SURFACE_STYLE_USAGE(.POSITIVE.,#4842);
#4844=PRESENTATION_STYLE_ASSIGNMENT((#4843));
#4845=STYLED_ITEM('',(#4844),#4838);
#4846=CARTESIAN_POINT('',(-5.E-1,-1.25E0,5.8E0));
#4847=DIRECTION('',(1.E0,0.E0,0.E0));
#4848=DIRECTION('',(0.E0,1.E0,0.E0));
#4849=AXIS2_PLACEMENT_3D('',#4846,#4847,#4848);
#4850=PLANE('',#4849);
#4851=ORIENTED_EDGE('',*,*,#4834,.T.);
#4852=ORIENTED_EDGE('',*,*,#4687,.F.);
#4853=ORIENTED_EDGE('',*,*,#4611,.F.);
#4854=ORIENTED_EDGE('',*,*,#4743,.T.);
#4855=EDGE_LOOP('',(#4851,#4852,#4853,#4854));
#4856=FACE_OUTER_BOUND('',#4855,.F.);
#4857=ADVANCED_FACE('',(#4856),#4850,.T.);
#4858=FILL_AREA_STYLE_COLOUR('',#5);
#4859=FILL_AREA_STYLE('',(#4858));
#4860=SURFACE_STYLE_FILL_AREA(#4859);
#4861=SURFACE_SIDE_STYLE('',(#4860));
#4862=SURFACE_STYLE_USAGE(.POSITIVE.,#4861);
#4863=PRESENTATION_STYLE_ASSIGNMENT((#4862));
#4864=STYLED_ITEM('',(#4863),#4857);
#4865=CARTESIAN_POINT('',(-3.2E0,-1.25E0,1.47E1));
#4866=DIRECTION('',(-7.660444431190E-1,0.E0,-6.427876096865E-1));
#4867=DIRECTION('',(6.427876096865E-1,0.E0,-7.660444431190E-1));
#4868=AXIS2_PLACEMENT_3D('',#4865,#4866,#4867);
#4869=PLANE('',#4868);
#4870=ORIENTED_EDGE('',*,*,#4748,.F.);
#4871=ORIENTED_EDGE('',*,*,#4655,.T.);
#4872=ORIENTED_EDGE('',*,*,#4682,.T.);
#4874=ORIENTED_EDGE('',*,*,#4873,.F.);
#4875=EDGE_LOOP('',(#4870,#4871,#4872,#4874));
#4876=FACE_OUTER_BOUND('',#4875,.F.);
#4877=ADVANCED_FACE('',(#4876),#4869,.F.);
#4878=FILL_AREA_STYLE_COLOUR('',#5);
#4879=FILL_AREA_STYLE('',(#4878));
#4880=SURFACE_STYLE_FILL_AREA(#4879);
#4881=SURFACE_SIDE_STYLE('',(#4880));
#4882=SURFACE_STYLE_USAGE(.POSITIVE.,#4881);
#4883=PRESENTATION_STYLE_ASSIGNMENT((#4882));
#4884=STYLED_ITEM('',(#4883),#4877);
#4885=CARTESIAN_POINT('',(-2.9E0,-1.25E0,1.434247392222E1));
#4886=DIRECTION('',(7.660444431190E-1,0.E0,-6.427876096865E-1));
#4887=DIRECTION('',(6.427876096865E-1,0.E0,7.660444431190E-1));
#4888=AXIS2_PLACEMENT_3D('',#4885,#4886,#4887);
#4889=PLANE('',#4888);
#4890=ORIENTED_EDGE('',*,*,#4750,.F.);
#4891=ORIENTED_EDGE('',*,*,#4873,.T.);
#4892=ORIENTED_EDGE('',*,*,#4680,.T.);
#4894=ORIENTED_EDGE('',*,*,#4893,.F.);
#4895=EDGE_LOOP('',(#4890,#4891,#4892,#4894));
#4896=FACE_OUTER_BOUND('',#4895,.F.);
#4897=ADVANCED_FACE('',(#4896),#4889,.F.);
#4898=FILL_AREA_STYLE_COLOUR('',#5);
#4899=FILL_AREA_STYLE('',(#4898));
#4900=SURFACE_STYLE_FILL_AREA(#4899);
#4901=SURFACE_SIDE_STYLE('',(#4900));
#4902=SURFACE_STYLE_USAGE(.POSITIVE.,#4901);
#4903=PRESENTATION_STYLE_ASSIGNMENT((#4902));
#4904=STYLED_ITEM('',(#4903),#4897);
#4905=CARTESIAN_POINT('',(-2.6E0,-1.25E0,1.47E1));
#4906=DIRECTION('',(-7.660444431190E-1,0.E0,-6.427876096865E-1));
#4907=DIRECTION('',(6.427876096865E-1,0.E0,-7.660444431190E-1));
#4908=AXIS2_PLACEMENT_3D('',#4905,#4906,#4907);
#4909=PLANE('',#4908);
#4910=ORIENTED_EDGE('',*,*,#4752,.F.);
#4911=ORIENTED_EDGE('',*,*,#4893,.T.);
#4912=ORIENTED_EDGE('',*,*,#4678,.T.);
#4914=ORIENTED_EDGE('',*,*,#4913,.F.);
#4915=EDGE_LOOP('',(#4910,#4911,#4912,#4914));
#4916=FACE_OUTER_BOUND('',#4915,.F.);
#4917=ADVANCED_FACE('',(#4916),#4909,.F.);
#4918=FILL_AREA_STYLE_COLOUR('',#5);
#4919=FILL_AREA_STYLE('',(#4918));
#4920=SURFACE_STYLE_FILL_AREA(#4919);
#4921=SURFACE_SIDE_STYLE('',(#4920));
#4922=SURFACE_STYLE_USAGE(.POSITIVE.,#4921);
#4923=PRESENTATION_STYLE_ASSIGNMENT((#4922));
#4924=STYLED_ITEM('',(#4923),#4917);
#4925=CARTESIAN_POINT('',(-2.3E0,-1.25E0,1.434247392222E1));
#4926=DIRECTION('',(7.660444431190E-1,0.E0,-6.427876096865E-1));
#4927=DIRECTION('',(6.427876096865E-1,0.E0,7.660444431190E-1));
#4928=AXIS2_PLACEMENT_3D('',#4925,#4926,#4927);
#4929=PLANE('',#4928);
#4930=ORIENTED_EDGE('',*,*,#4754,.F.);
#4931=ORIENTED_EDGE('',*,*,#4913,.T.);
#4932=ORIENTED_EDGE('',*,*,#4676,.T.);
#4933=ORIENTED_EDGE('',*,*,#4714,.F.);
#4934=EDGE_LOOP('',(#4930,#4931,#4932,#4933));
#4935=FACE_OUTER_BOUND('',#4934,.F.);
#4936=ADVANCED_FACE('',(#4935),#4929,.F.);
#4937=FILL_AREA_STYLE_COLOUR('',#5);
#4938=FILL_AREA_STYLE('',(#4937));
#4939=SURFACE_STYLE_FILL_AREA(#4938);
#4940=SURFACE_SIDE_STYLE('',(#4939));
#4941=SURFACE_STYLE_USAGE(.POSITIVE.,#4940);
#4942=PRESENTATION_STYLE_ASSIGNMENT((#4941));
#4943=STYLED_ITEM('',(#4942),#4936);
#4944=CARTESIAN_POINT('',(-3.75E0,1.05E0,0.E0));
#4945=DIRECTION('',(0.E0,-1.E0,0.E0));
#4946=DIRECTION('',(-1.E0,0.E0,0.E0));
#4947=AXIS2_PLACEMENT_3D('',#4944,#4945,#4946);
#4948=PLANE('',#4947);
#4950=ORIENTED_EDGE('',*,*,#4949,.F.);
#4952=ORIENTED_EDGE('',*,*,#4951,.F.);
#4954=ORIENTED_EDGE('',*,*,#4953,.T.);
#4956=ORIENTED_EDGE('',*,*,#4955,.F.);
#4957=ORIENTED_EDGE('',*,*,#3534,.T.);
#4959=ORIENTED_EDGE('',*,*,#4958,.T.);
#4961=ORIENTED_EDGE('',*,*,#4960,.T.);
#4963=ORIENTED_EDGE('',*,*,#4962,.T.);
#4964=EDGE_LOOP('',(#4950,#4952,#4954,#4956,#4957,#4959,#4961,#4963));
#4965=FACE_OUTER_BOUND('',#4964,.F.);
#4966=ADVANCED_FACE('',(#4965),#4948,.T.);
#4967=FILL_AREA_STYLE_COLOUR('',#27);
#4968=FILL_AREA_STYLE('',(#4967));
#4969=SURFACE_STYLE_FILL_AREA(#4968);
#4970=SURFACE_SIDE_STYLE('',(#4969));
#4971=SURFACE_STYLE_USAGE(.POSITIVE.,#4970);
#4972=PRESENTATION_STYLE_ASSIGNMENT((#4971));
#4973=STYLED_ITEM('',(#4972),#4966);
#4974=CARTESIAN_POINT('',(-4.E0,-1.208412E1,-4.55E0));
#4975=DIRECTION('',(0.E0,1.E0,0.E0));
#4976=DIRECTION('',(-1.E0,0.E0,0.E0));
#4977=AXIS2_PLACEMENT_3D('',#4974,#4975,#4976);
#4978=CYLINDRICAL_SURFACE('',#4977,2.5E-1);
#4980=ORIENTED_EDGE('',*,*,#4979,.T.);
#4982=ORIENTED_EDGE('',*,*,#4981,.F.);
#4983=ORIENTED_EDGE('',*,*,#4949,.T.);
#4985=ORIENTED_EDGE('',*,*,#4984,.T.);
#4986=EDGE_LOOP('',(#4980,#4982,#4983,#4985));
#4987=FACE_OUTER_BOUND('',#4986,.F.);
#4988=ADVANCED_FACE('',(#4987),#4978,.T.);
#4989=FILL_AREA_STYLE_COLOUR('',#27);
#4990=FILL_AREA_STYLE('',(#4989));
#4991=SURFACE_STYLE_FILL_AREA(#4990);
#4992=SURFACE_SIDE_STYLE('',(#4991));
#4993=SURFACE_STYLE_USAGE(.POSITIVE.,#4992);
#4994=PRESENTATION_STYLE_ASSIGNMENT((#4993));
#4995=STYLED_ITEM('',(#4994),#4988);
#4996=CARTESIAN_POINT('',(-4.25E0,1.45E0,0.E0));
#4997=DIRECTION('',(0.E0,1.E0,0.E0));
#4998=DIRECTION('',(1.E0,0.E0,0.E0));
#4999=AXIS2_PLACEMENT_3D('',#4996,#4997,#4998);
#5000=PLANE('',#4999);
#5001=ORIENTED_EDGE('',*,*,#4979,.F.);
#5003=ORIENTED_EDGE('',*,*,#5002,.F.);
#5005=ORIENTED_EDGE('',*,*,#5004,.T.);
#5007=ORIENTED_EDGE('',*,*,#5006,.F.);
#5008=ORIENTED_EDGE('',*,*,#3538,.T.);
#5010=ORIENTED_EDGE('',*,*,#5009,.T.);
#5012=ORIENTED_EDGE('',*,*,#5011,.T.);
#5014=ORIENTED_EDGE('',*,*,#5013,.T.);
#5015=EDGE_LOOP('',(#5001,#5003,#5005,#5007,#5008,#5010,#5012,#5014));
#5016=FACE_OUTER_BOUND('',#5015,.F.);
#5017=ADVANCED_FACE('',(#5016),#5000,.T.);
#5018=FILL_AREA_STYLE_COLOUR('',#27);
#5019=FILL_AREA_STYLE('',(#5018));
#5020=SURFACE_STYLE_FILL_AREA(#5019);
#5021=SURFACE_SIDE_STYLE('',(#5020));
#5022=SURFACE_STYLE_USAGE(.POSITIVE.,#5021);
#5023=PRESENTATION_STYLE_ASSIGNMENT((#5022));
#5024=STYLED_ITEM('',(#5023),#5017);
#5025=CARTESIAN_POINT('',(-3.75E0,1.45E0,0.E0));
#5026=DIRECTION('',(1.E0,0.E0,0.E0));
#5027=DIRECTION('',(0.E0,-1.E0,0.E0));
#5028=AXIS2_PLACEMENT_3D('',#5025,#5026,#5027);
#5029=PLANE('',#5028);
#5030=ORIENTED_EDGE('',*,*,#4984,.F.);
#5031=ORIENTED_EDGE('',*,*,#4962,.F.);
#5033=ORIENTED_EDGE('',*,*,#5032,.F.);
#5034=ORIENTED_EDGE('',*,*,#5002,.T.);
#5035=EDGE_LOOP('',(#5030,#5031,#5033,#5034));
#5036=FACE_OUTER_BOUND('',#5035,.F.);
#5037=ADVANCED_FACE('',(#5036),#5029,.T.);
#5038=FILL_AREA_STYLE_COLOUR('',#27);
#5039=FILL_AREA_STYLE('',(#5038));
#5040=SURFACE_STYLE_FILL_AREA(#5039);
#5041=SURFACE_SIDE_STYLE('',(#5040));
#5042=SURFACE_STYLE_USAGE(.POSITIVE.,#5041);
#5043=PRESENTATION_STYLE_ASSIGNMENT((#5042));
#5044=STYLED_ITEM('',(#5043),#5037);
#5045=CARTESIAN_POINT('',(0.E0,0.E0,-6.E-1));
#5046=DIRECTION('',(0.E0,0.E0,-1.E0));
#5047=DIRECTION('',(1.E0,0.E0,0.E0));
#5048=AXIS2_PLACEMENT_3D('',#5045,#5046,#5047);
#5049=PLANE('',#5048);
#5051=ORIENTED_EDGE('',*,*,#5050,.T.);
#5052=ORIENTED_EDGE('',*,*,#5011,.F.);
#5054=ORIENTED_EDGE('',*,*,#5053,.F.);
#5055=ORIENTED_EDGE('',*,*,#4953,.F.);
#5056=EDGE_LOOP('',(#5051,#5052,#5054,#5055));
#5057=FACE_OUTER_BOUND('',#5056,.F.);
#5058=ADVANCED_FACE('',(#5057),#5049,.T.);
#5059=FILL_AREA_STYLE_COLOUR('',#27);
#5060=FILL_AREA_STYLE('',(#5059));
#5061=SURFACE_STYLE_FILL_AREA(#5060);
#5062=SURFACE_SIDE_STYLE('',(#5061));
#5063=SURFACE_STYLE_USAGE(.POSITIVE.,#5062);
#5064=PRESENTATION_STYLE_ASSIGNMENT((#5063));
#5065=STYLED_ITEM('',(#5064),#5058);
#5066=CARTESIAN_POINT('',(0.E0,0.E0,-6.E-1));
#5067=DIRECTION('',(0.E0,0.E0,-1.E0));
#5068=DIRECTION('',(1.E0,0.E0,0.E0));
#5069=AXIS2_PLACEMENT_3D('',#5066,#5067,#5068);
#5070=PLANE('',#5069);
#5071=ORIENTED_EDGE('',*,*,#5032,.T.);
#5072=ORIENTED_EDGE('',*,*,#4960,.F.);
#5074=ORIENTED_EDGE('',*,*,#5073,.F.);
#5075=ORIENTED_EDGE('',*,*,#5004,.F.);
#5076=EDGE_LOOP('',(#5071,#5072,#5074,#5075));
#5077=FACE_OUTER_BOUND('',#5076,.F.);
#5078=ADVANCED_FACE('',(#5077),#5070,.T.);
#5079=FILL_AREA_STYLE_COLOUR('',#27);
#5080=FILL_AREA_STYLE('',(#5079));
#5081=SURFACE_STYLE_FILL_AREA(#5080);
#5082=SURFACE_SIDE_STYLE('',(#5081));
#5083=SURFACE_STYLE_USAGE(.POSITIVE.,#5082);
#5084=PRESENTATION_STYLE_ASSIGNMENT((#5083));
#5085=STYLED_ITEM('',(#5084),#5078);
#5086=CARTESIAN_POINT('',(-4.25E0,1.05E0,0.E0));
#5087=DIRECTION('',(-1.E0,0.E0,0.E0));
#5088=DIRECTION('',(0.E0,1.E0,0.E0));
#5089=AXIS2_PLACEMENT_3D('',#5086,#5087,#5088);
#5090=PLANE('',#5089);
#5091=ORIENTED_EDGE('',*,*,#4981,.T.);
#5092=ORIENTED_EDGE('',*,*,#5013,.F.);
#5093=ORIENTED_EDGE('',*,*,#5050,.F.);
#5094=ORIENTED_EDGE('',*,*,#4951,.T.);
#5095=EDGE_LOOP('',(#5091,#5092,#5093,#5094));
#5096=FACE_OUTER_BOUND('',#5095,.F.);
#5097=ADVANCED_FACE('',(#5096),#5090,.T.);
#5098=FILL_AREA_STYLE_COLOUR('',#27);
#5099=FILL_AREA_STYLE('',(#5098));
#5100=SURFACE_STYLE_FILL_AREA(#5099);
#5101=SURFACE_SIDE_STYLE('',(#5100));
#5102=SURFACE_STYLE_USAGE(.POSITIVE.,#5101);
#5103=PRESENTATION_STYLE_ASSIGNMENT((#5102));
#5104=STYLED_ITEM('',(#5103),#5097);
#5105=CARTESIAN_POINT('',(-4.8E0,1.05E0,0.E0));
#5106=DIRECTION('',(-1.E0,0.E0,0.E0));
#5107=DIRECTION('',(0.E0,1.E0,0.E0));
#5108=AXIS2_PLACEMENT_3D('',#5105,#5106,#5107);
#5109=PLANE('',#5108);
#5110=ORIENTED_EDGE('',*,*,#3536,.F.);
#5111=ORIENTED_EDGE('',*,*,#4955,.T.);
#5112=ORIENTED_EDGE('',*,*,#5053,.T.);
#5113=ORIENTED_EDGE('',*,*,#5009,.F.);
#5114=EDGE_LOOP('',(#5110,#5111,#5112,#5113));
#5115=FACE_OUTER_BOUND('',#5114,.F.);
#5116=ADVANCED_FACE('',(#5115),#5109,.T.);
#5117=FILL_AREA_STYLE_COLOUR('',#27);
#5118=FILL_AREA_STYLE('',(#5117));
#5119=SURFACE_STYLE_FILL_AREA(#5118);
#5120=SURFACE_SIDE_STYLE('',(#5119));
#5121=SURFACE_STYLE_USAGE(.POSITIVE.,#5120);
#5122=PRESENTATION_STYLE_ASSIGNMENT((#5121));
#5123=STYLED_ITEM('',(#5122),#5116);
#5124=CARTESIAN_POINT('',(-3.2E0,1.45E0,0.E0));
#5125=DIRECTION('',(1.E0,0.E0,0.E0));
#5126=DIRECTION('',(0.E0,-1.E0,0.E0));
#5127=AXIS2_PLACEMENT_3D('',#5124,#5125,#5126);
#5128=PLANE('',#5127);
#5129=ORIENTED_EDGE('',*,*,#3540,.F.);
#5130=ORIENTED_EDGE('',*,*,#5006,.T.);
#5131=ORIENTED_EDGE('',*,*,#5073,.T.);
#5132=ORIENTED_EDGE('',*,*,#4958,.F.);
#5133=EDGE_LOOP('',(#5129,#5130,#5131,#5132));
#5134=FACE_OUTER_BOUND('',#5133,.F.);
#5135=ADVANCED_FACE('',(#5134),#5128,.T.);
#5136=FILL_AREA_STYLE_COLOUR('',#27);
#5137=FILL_AREA_STYLE('',(#5136));
#5138=SURFACE_STYLE_FILL_AREA(#5137);
#5139=SURFACE_SIDE_STYLE('',(#5138));
#5140=SURFACE_STYLE_USAGE(.POSITIVE.,#5139);
#5141=PRESENTATION_STYLE_ASSIGNMENT((#5140));
#5142=STYLED_ITEM('',(#5141),#5135);
#5143=CARTESIAN_POINT('',(-1.75E0,1.05E0,0.E0));
#5144=DIRECTION('',(0.E0,-1.E0,0.E0));
#5145=DIRECTION('',(-1.E0,0.E0,0.E0));
#5146=AXIS2_PLACEMENT_3D('',#5143,#5144,#5145);
#5147=PLANE('',#5146);
#5149=ORIENTED_EDGE('',*,*,#5148,.F.);
#5151=ORIENTED_EDGE('',*,*,#5150,.F.);
#5153=ORIENTED_EDGE('',*,*,#5152,.T.);
#5155=ORIENTED_EDGE('',*,*,#5154,.F.);
#5156=ORIENTED_EDGE('',*,*,#3544,.T.);
#5158=ORIENTED_EDGE('',*,*,#5157,.T.);
#5160=ORIENTED_EDGE('',*,*,#5159,.T.);
#5162=ORIENTED_EDGE('',*,*,#5161,.T.);
#5163=EDGE_LOOP('',(#5149,#5151,#5153,#5155,#5156,#5158,#5160,#5162));
#5164=FACE_OUTER_BOUND('',#5163,.F.);
#5165=ADVANCED_FACE('',(#5164),#5147,.T.);
#5166=FILL_AREA_STYLE_COLOUR('',#27);
#5167=FILL_AREA_STYLE('',(#5166));
#5168=SURFACE_STYLE_FILL_AREA(#5167);
#5169=SURFACE_SIDE_STYLE('',(#5168));
#5170=SURFACE_STYLE_USAGE(.POSITIVE.,#5169);
#5171=PRESENTATION_STYLE_ASSIGNMENT((#5170));
#5172=STYLED_ITEM('',(#5171),#5165);
#5173=CARTESIAN_POINT('',(-2.E0,-1.208412E1,-4.55E0));
#5174=DIRECTION('',(0.E0,1.E0,0.E0));
#5175=DIRECTION('',(-1.E0,0.E0,0.E0));
#5176=AXIS2_PLACEMENT_3D('',#5173,#5174,#5175);
#5177=CYLINDRICAL_SURFACE('',#5176,2.5E-1);
#5179=ORIENTED_EDGE('',*,*,#5178,.T.);
#5181=ORIENTED_EDGE('',*,*,#5180,.F.);
#5182=ORIENTED_EDGE('',*,*,#5148,.T.);
#5184=ORIENTED_EDGE('',*,*,#5183,.T.);
#5185=EDGE_LOOP('',(#5179,#5181,#5182,#5184));
#5186=FACE_OUTER_BOUND('',#5185,.F.);
#5187=ADVANCED_FACE('',(#5186),#5177,.T.);
#5188=FILL_AREA_STYLE_COLOUR('',#27);
#5189=FILL_AREA_STYLE('',(#5188));
#5190=SURFACE_STYLE_FILL_AREA(#5189);
#5191=SURFACE_SIDE_STYLE('',(#5190));
#5192=SURFACE_STYLE_USAGE(.POSITIVE.,#5191);
#5193=PRESENTATION_STYLE_ASSIGNMENT((#5192));
#5194=STYLED_ITEM('',(#5193),#5187);
#5195=CARTESIAN_POINT('',(-2.25E0,1.45E0,0.E0));
#5196=DIRECTION('',(0.E0,1.E0,0.E0));
#5197=DIRECTION('',(1.E0,0.E0,0.E0));
#5198=AXIS2_PLACEMENT_3D('',#5195,#5196,#5197);
#5199=PLANE('',#5198);
#5200=ORIENTED_EDGE('',*,*,#5178,.F.);
#5202=ORIENTED_EDGE('',*,*,#5201,.F.);
#5204=ORIENTED_EDGE('',*,*,#5203,.T.);
#5206=ORIENTED_EDGE('',*,*,#5205,.F.);
#5207=ORIENTED_EDGE('',*,*,#3548,.T.);
#5209=ORIENTED_EDGE('',*,*,#5208,.T.);
#5211=ORIENTED_EDGE('',*,*,#5210,.T.);
#5213=ORIENTED_EDGE('',*,*,#5212,.T.);
#5214=EDGE_LOOP('',(#5200,#5202,#5204,#5206,#5207,#5209,#5211,#5213));
#5215=FACE_OUTER_BOUND('',#5214,.F.);
#5216=ADVANCED_FACE('',(#5215),#5199,.T.);
#5217=FILL_AREA_STYLE_COLOUR('',#27);
#5218=FILL_AREA_STYLE('',(#5217));
#5219=SURFACE_STYLE_FILL_AREA(#5218);
#5220=SURFACE_SIDE_STYLE('',(#5219));
#5221=SURFACE_STYLE_USAGE(.POSITIVE.,#5220);
#5222=PRESENTATION_STYLE_ASSIGNMENT((#5221));
#5223=STYLED_ITEM('',(#5222),#5216);
#5224=CARTESIAN_POINT('',(-1.75E0,1.45E0,0.E0));
#5225=DIRECTION('',(1.E0,0.E0,0.E0));
#5226=DIRECTION('',(0.E0,-1.E0,0.E0));
#5227=AXIS2_PLACEMENT_3D('',#5224,#5225,#5226);
#5228=PLANE('',#5227);
#5229=ORIENTED_EDGE('',*,*,#5183,.F.);
#5230=ORIENTED_EDGE('',*,*,#5161,.F.);
#5232=ORIENTED_EDGE('',*,*,#5231,.F.);
#5233=ORIENTED_EDGE('',*,*,#5201,.T.);
#5234=EDGE_LOOP('',(#5229,#5230,#5232,#5233));
#5235=FACE_OUTER_BOUND('',#5234,.F.);
#5236=ADVANCED_FACE('',(#5235),#5228,.T.);
#5237=FILL_AREA_STYLE_COLOUR('',#27);
#5238=FILL_AREA_STYLE('',(#5237));
#5239=SURFACE_STYLE_FILL_AREA(#5238);
#5240=SURFACE_SIDE_STYLE('',(#5239));
#5241=SURFACE_STYLE_USAGE(.POSITIVE.,#5240);
#5242=PRESENTATION_STYLE_ASSIGNMENT((#5241));
#5243=STYLED_ITEM('',(#5242),#5236);
#5244=CARTESIAN_POINT('',(2.E0,0.E0,-6.E-1));
#5245=DIRECTION('',(0.E0,0.E0,-1.E0));
#5246=DIRECTION('',(1.E0,0.E0,0.E0));
#5247=AXIS2_PLACEMENT_3D('',#5244,#5245,#5246);
#5248=PLANE('',#5247);
#5249=ORIENTED_EDGE('',*,*,#5159,.F.);
#5251=ORIENTED_EDGE('',*,*,#5250,.F.);
#5252=ORIENTED_EDGE('',*,*,#5203,.F.);
#5253=ORIENTED_EDGE('',*,*,#5231,.T.);
#5254=EDGE_LOOP('',(#5249,#5251,#5252,#5253));
#5255=FACE_OUTER_BOUND('',#5254,.F.);
#5256=ADVANCED_FACE('',(#5255),#5248,.T.);
#5257=FILL_AREA_STYLE_COLOUR('',#27);
#5258=FILL_AREA_STYLE('',(#5257));
#5259=SURFACE_STYLE_FILL_AREA(#5258);
#5260=SURFACE_SIDE_STYLE('',(#5259));
#5261=SURFACE_STYLE_USAGE(.POSITIVE.,#5260);
#5262=PRESENTATION_STYLE_ASSIGNMENT((#5261));
#5263=STYLED_ITEM('',(#5262),#5256);
#5264=CARTESIAN_POINT('',(2.E0,0.E0,-6.E-1));
#5265=DIRECTION('',(0.E0,0.E0,-1.E0));
#5266=DIRECTION('',(1.E0,0.E0,0.E0));
#5267=AXIS2_PLACEMENT_3D('',#5264,#5265,#5266);
#5268=PLANE('',#5267);
#5269=ORIENTED_EDGE('',*,*,#5152,.F.);
#5271=ORIENTED_EDGE('',*,*,#5270,.T.);
#5272=ORIENTED_EDGE('',*,*,#5210,.F.);
#5274=ORIENTED_EDGE('',*,*,#5273,.F.);
#5275=EDGE_LOOP('',(#5269,#5271,#5272,#5274));
#5276=FACE_OUTER_BOUND('',#5275,.F.);
#5277=ADVANCED_FACE('',(#5276),#5268,.T.);
#5278=FILL_AREA_STYLE_COLOUR('',#27);
#5279=FILL_AREA_STYLE('',(#5278));
#5280=SURFACE_STYLE_FILL_AREA(#5279);
#5281=SURFACE_SIDE_STYLE('',(#5280));
#5282=SURFACE_STYLE_USAGE(.POSITIVE.,#5281);
#5283=PRESENTATION_STYLE_ASSIGNMENT((#5282));
#5284=STYLED_ITEM('',(#5283),#5277);
#5285=CARTESIAN_POINT('',(-1.2E0,1.45E0,0.E0));
#5286=DIRECTION('',(1.E0,0.E0,0.E0));
#5287=DIRECTION('',(0.E0,-1.E0,0.E0));
#5288=AXIS2_PLACEMENT_3D('',#5285,#5286,#5287);
#5289=PLANE('',#5288);
#5290=ORIENTED_EDGE('',*,*,#5157,.F.);
#5291=ORIENTED_EDGE('',*,*,#3550,.F.);
#5292=ORIENTED_EDGE('',*,*,#5205,.T.);
#5293=ORIENTED_EDGE('',*,*,#5250,.T.);
#5294=EDGE_LOOP('',(#5290,#5291,#5292,#5293));
#5295=FACE_OUTER_BOUND('',#5294,.F.);
#5296=ADVANCED_FACE('',(#5295),#5289,.T.);
#5297=FILL_AREA_STYLE_COLOUR('',#27);
#5298=FILL_AREA_STYLE('',(#5297));
#5299=SURFACE_STYLE_FILL_AREA(#5298);
#5300=SURFACE_SIDE_STYLE('',(#5299));
#5301=SURFACE_STYLE_USAGE(.POSITIVE.,#5300);
#5302=PRESENTATION_STYLE_ASSIGNMENT((#5301));
#5303=STYLED_ITEM('',(#5302),#5296);
#5304=CARTESIAN_POINT('',(-2.25E0,1.05E0,0.E0));
#5305=DIRECTION('',(-1.E0,0.E0,0.E0));
#5306=DIRECTION('',(0.E0,1.E0,0.E0));
#5307=AXIS2_PLACEMENT_3D('',#5304,#5305,#5306);
#5308=PLANE('',#5307);
#5309=ORIENTED_EDGE('',*,*,#5180,.T.);
#5310=ORIENTED_EDGE('',*,*,#5212,.F.);
#5311=ORIENTED_EDGE('',*,*,#5270,.F.);
#5312=ORIENTED_EDGE('',*,*,#5150,.T.);
#5313=EDGE_LOOP('',(#5309,#5310,#5311,#5312));
#5314=FACE_OUTER_BOUND('',#5313,.F.);
#5315=ADVANCED_FACE('',(#5314),#5308,.T.);
#5316=FILL_AREA_STYLE_COLOUR('',#27);
#5317=FILL_AREA_STYLE('',(#5316));
#5318=SURFACE_STYLE_FILL_AREA(#5317);
#5319=SURFACE_SIDE_STYLE('',(#5318));
#5320=SURFACE_STYLE_USAGE(.POSITIVE.,#5319);
#5321=PRESENTATION_STYLE_ASSIGNMENT((#5320));
#5322=STYLED_ITEM('',(#5321),#5315);
#5323=CARTESIAN_POINT('',(-2.8E0,1.05E0,0.E0));
#5324=DIRECTION('',(-1.E0,0.E0,0.E0));
#5325=DIRECTION('',(0.E0,1.E0,0.E0));
#5326=AXIS2_PLACEMENT_3D('',#5323,#5324,#5325);
#5327=PLANE('',#5326);
#5328=ORIENTED_EDGE('',*,*,#5154,.T.);
#5329=ORIENTED_EDGE('',*,*,#5273,.T.);
#5330=ORIENTED_EDGE('',*,*,#5208,.F.);
#5331=ORIENTED_EDGE('',*,*,#3546,.F.);
#5332=EDGE_LOOP('',(#5328,#5329,#5330,#5331));
#5333=FACE_OUTER_BOUND('',#5332,.F.);
#5334=ADVANCED_FACE('',(#5333),#5327,.T.);
#5335=FILL_AREA_STYLE_COLOUR('',#27);
#5336=FILL_AREA_STYLE('',(#5335));
#5337=SURFACE_STYLE_FILL_AREA(#5336);
#5338=SURFACE_SIDE_STYLE('',(#5337));
#5339=SURFACE_STYLE_USAGE(.POSITIVE.,#5338);
#5340=PRESENTATION_STYLE_ASSIGNMENT((#5339));
#5341=STYLED_ITEM('',(#5340),#5334);
#5342=CARTESIAN_POINT('',(2.5E-1,1.05E0,0.E0));
#5343=DIRECTION('',(0.E0,-1.E0,0.E0));
#5344=DIRECTION('',(-1.E0,0.E0,0.E0));
#5345=AXIS2_PLACEMENT_3D('',#5342,#5343,#5344);
#5346=PLANE('',#5345);
#5348=ORIENTED_EDGE('',*,*,#5347,.F.);
#5350=ORIENTED_EDGE('',*,*,#5349,.F.);
#5352=ORIENTED_EDGE('',*,*,#5351,.T.);
#5354=ORIENTED_EDGE('',*,*,#5353,.F.);
#5355=ORIENTED_EDGE('',*,*,#3554,.T.);
#5357=ORIENTED_EDGE('',*,*,#5356,.T.);
#5359=ORIENTED_EDGE('',*,*,#5358,.T.);
#5361=ORIENTED_EDGE('',*,*,#5360,.T.);
#5362=EDGE_LOOP('',(#5348,#5350,#5352,#5354,#5355,#5357,#5359,#5361));
#5363=FACE_OUTER_BOUND('',#5362,.F.);
#5364=ADVANCED_FACE('',(#5363),#5346,.T.);
#5365=FILL_AREA_STYLE_COLOUR('',#27);
#5366=FILL_AREA_STYLE('',(#5365));
#5367=SURFACE_STYLE_FILL_AREA(#5366);
#5368=SURFACE_SIDE_STYLE('',(#5367));
#5369=SURFACE_STYLE_USAGE(.POSITIVE.,#5368);
#5370=PRESENTATION_STYLE_ASSIGNMENT((#5369));
#5371=STYLED_ITEM('',(#5370),#5364);
#5372=CARTESIAN_POINT('',(0.E0,-1.208412E1,-4.55E0));
#5373=DIRECTION('',(0.E0,1.E0,0.E0));
#5374=DIRECTION('',(-1.E0,0.E0,0.E0));
#5375=AXIS2_PLACEMENT_3D('',#5372,#5373,#5374);
#5376=CYLINDRICAL_SURFACE('',#5375,2.5E-1);
#5378=ORIENTED_EDGE('',*,*,#5377,.T.);
#5380=ORIENTED_EDGE('',*,*,#5379,.F.);
#5381=ORIENTED_EDGE('',*,*,#5347,.T.);
#5383=ORIENTED_EDGE('',*,*,#5382,.T.);
#5384=EDGE_LOOP('',(#5378,#5380,#5381,#5383));
#5385=FACE_OUTER_BOUND('',#5384,.F.);
#5386=ADVANCED_FACE('',(#5385),#5376,.T.);
#5387=FILL_AREA_STYLE_COLOUR('',#27);
#5388=FILL_AREA_STYLE('',(#5387));
#5389=SURFACE_STYLE_FILL_AREA(#5388);
#5390=SURFACE_SIDE_STYLE('',(#5389));
#5391=SURFACE_STYLE_USAGE(.POSITIVE.,#5390);
#5392=PRESENTATION_STYLE_ASSIGNMENT((#5391));
#5393=STYLED_ITEM('',(#5392),#5386);
#5394=CARTESIAN_POINT('',(-2.5E-1,1.45E0,0.E0));
#5395=DIRECTION('',(0.E0,1.E0,0.E0));
#5396=DIRECTION('',(1.E0,0.E0,0.E0));
#5397=AXIS2_PLACEMENT_3D('',#5394,#5395,#5396);
#5398=PLANE('',#5397);
#5399=ORIENTED_EDGE('',*,*,#5377,.F.);
#5401=ORIENTED_EDGE('',*,*,#5400,.F.);
#5403=ORIENTED_EDGE('',*,*,#5402,.T.);
#5405=ORIENTED_EDGE('',*,*,#5404,.F.);
#5406=ORIENTED_EDGE('',*,*,#3558,.T.);
#5408=ORIENTED_EDGE('',*,*,#5407,.T.);
#5410=ORIENTED_EDGE('',*,*,#5409,.T.);
#5412=ORIENTED_EDGE('',*,*,#5411,.T.);
#5413=EDGE_LOOP('',(#5399,#5401,#5403,#5405,#5406,#5408,#5410,#5412));
#5414=FACE_OUTER_BOUND('',#5413,.F.);
#5415=ADVANCED_FACE('',(#5414),#5398,.T.);
#5416=FILL_AREA_STYLE_COLOUR('',#27);
#5417=FILL_AREA_STYLE('',(#5416));
#5418=SURFACE_STYLE_FILL_AREA(#5417);
#5419=SURFACE_SIDE_STYLE('',(#5418));
#5420=SURFACE_STYLE_USAGE(.POSITIVE.,#5419);
#5421=PRESENTATION_STYLE_ASSIGNMENT((#5420));
#5422=STYLED_ITEM('',(#5421),#5415);
#5423=CARTESIAN_POINT('',(2.5E-1,1.45E0,0.E0));
#5424=DIRECTION('',(1.E0,0.E0,0.E0));
#5425=DIRECTION('',(0.E0,-1.E0,0.E0));
#5426=AXIS2_PLACEMENT_3D('',#5423,#5424,#5425);
#5427=PLANE('',#5426);
#5428=ORIENTED_EDGE('',*,*,#5382,.F.);
#5429=ORIENTED_EDGE('',*,*,#5360,.F.);
#5431=ORIENTED_EDGE('',*,*,#5430,.F.);
#5432=ORIENTED_EDGE('',*,*,#5400,.T.);
#5433=EDGE_LOOP('',(#5428,#5429,#5431,#5432));
#5434=FACE_OUTER_BOUND('',#5433,.F.);
#5435=ADVANCED_FACE('',(#5434),#5427,.T.);
#5436=FILL_AREA_STYLE_COLOUR('',#27);
#5437=FILL_AREA_STYLE('',(#5436));
#5438=SURFACE_STYLE_FILL_AREA(#5437);
#5439=SURFACE_SIDE_STYLE('',(#5438));
#5440=SURFACE_STYLE_USAGE(.POSITIVE.,#5439);
#5441=PRESENTATION_STYLE_ASSIGNMENT((#5440));
#5442=STYLED_ITEM('',(#5441),#5435);
#5443=CARTESIAN_POINT('',(4.E0,0.E0,-6.E-1));
#5444=DIRECTION('',(0.E0,0.E0,-1.E0));
#5445=DIRECTION('',(1.E0,0.E0,0.E0));
#5446=AXIS2_PLACEMENT_3D('',#5443,#5444,#5445);
#5447=PLANE('',#5446);
#5448=ORIENTED_EDGE('',*,*,#5358,.F.);
#5450=ORIENTED_EDGE('',*,*,#5449,.F.);
#5451=ORIENTED_EDGE('',*,*,#5402,.F.);
#5452=ORIENTED_EDGE('',*,*,#5430,.T.);
#5453=EDGE_LOOP('',(#5448,#5450,#5451,#5452));
#5454=FACE_OUTER_BOUND('',#5453,.F.);
#5455=ADVANCED_FACE('',(#5454),#5447,.T.);
#5456=FILL_AREA_STYLE_COLOUR('',#27);
#5457=FILL_AREA_STYLE('',(#5456));
#5458=SURFACE_STYLE_FILL_AREA(#5457);
#5459=SURFACE_SIDE_STYLE('',(#5458));
#5460=SURFACE_STYLE_USAGE(.POSITIVE.,#5459);
#5461=PRESENTATION_STYLE_ASSIGNMENT((#5460));
#5462=STYLED_ITEM('',(#5461),#5455);
#5463=CARTESIAN_POINT('',(4.E0,0.E0,-6.E-1));
#5464=DIRECTION('',(0.E0,0.E0,-1.E0));
#5465=DIRECTION('',(1.E0,0.E0,0.E0));
#5466=AXIS2_PLACEMENT_3D('',#5463,#5464,#5465);
#5467=PLANE('',#5466);
#5468=ORIENTED_EDGE('',*,*,#5351,.F.);
#5470=ORIENTED_EDGE('',*,*,#5469,.T.);
#5471=ORIENTED_EDGE('',*,*,#5409,.F.);
#5473=ORIENTED_EDGE('',*,*,#5472,.F.);
#5474=EDGE_LOOP('',(#5468,#5470,#5471,#5473));
#5475=FACE_OUTER_BOUND('',#5474,.F.);
#5476=ADVANCED_FACE('',(#5475),#5467,.T.);
#5477=FILL_AREA_STYLE_COLOUR('',#27);
#5478=FILL_AREA_STYLE('',(#5477));
#5479=SURFACE_STYLE_FILL_AREA(#5478);
#5480=SURFACE_SIDE_STYLE('',(#5479));
#5481=SURFACE_STYLE_USAGE(.POSITIVE.,#5480);
#5482=PRESENTATION_STYLE_ASSIGNMENT((#5481));
#5483=STYLED_ITEM('',(#5482),#5476);
#5484=CARTESIAN_POINT('',(8.E-1,1.45E0,0.E0));
#5485=DIRECTION('',(1.E0,0.E0,0.E0));
#5486=DIRECTION('',(0.E0,-1.E0,0.E0));
#5487=AXIS2_PLACEMENT_3D('',#5484,#5485,#5486);
#5488=PLANE('',#5487);
#5489=ORIENTED_EDGE('',*,*,#5356,.F.);
#5490=ORIENTED_EDGE('',*,*,#3560,.F.);
#5491=ORIENTED_EDGE('',*,*,#5404,.T.);
#5492=ORIENTED_EDGE('',*,*,#5449,.T.);
#5493=EDGE_LOOP('',(#5489,#5490,#5491,#5492));
#5494=FACE_OUTER_BOUND('',#5493,.F.);
#5495=ADVANCED_FACE('',(#5494),#5488,.T.);
#5496=FILL_AREA_STYLE_COLOUR('',#27);
#5497=FILL_AREA_STYLE('',(#5496));
#5498=SURFACE_STYLE_FILL_AREA(#5497);
#5499=SURFACE_SIDE_STYLE('',(#5498));
#5500=SURFACE_STYLE_USAGE(.POSITIVE.,#5499);
#5501=PRESENTATION_STYLE_ASSIGNMENT((#5500));
#5502=STYLED_ITEM('',(#5501),#5495);
#5503=CARTESIAN_POINT('',(-2.5E-1,1.05E0,0.E0));
#5504=DIRECTION('',(-1.E0,0.E0,0.E0));
#5505=DIRECTION('',(0.E0,1.E0,0.E0));
#5506=AXIS2_PLACEMENT_3D('',#5503,#5504,#5505);
#5507=PLANE('',#5506);
#5508=ORIENTED_EDGE('',*,*,#5379,.T.);
#5509=ORIENTED_EDGE('',*,*,#5411,.F.);
#5510=ORIENTED_EDGE('',*,*,#5469,.F.);
#5511=ORIENTED_EDGE('',*,*,#5349,.T.);
#5512=EDGE_LOOP('',(#5508,#5509,#5510,#5511));
#5513=FACE_OUTER_BOUND('',#5512,.F.);
#5514=ADVANCED_FACE('',(#5513),#5507,.T.);
#5515=FILL_AREA_STYLE_COLOUR('',#27);
#5516=FILL_AREA_STYLE('',(#5515));
#5517=SURFACE_STYLE_FILL_AREA(#5516);
#5518=SURFACE_SIDE_STYLE('',(#5517));
#5519=SURFACE_STYLE_USAGE(.POSITIVE.,#5518);
#5520=PRESENTATION_STYLE_ASSIGNMENT((#5519));
#5521=STYLED_ITEM('',(#5520),#5514);
#5522=CARTESIAN_POINT('',(-8.E-1,1.05E0,0.E0));
#5523=DIRECTION('',(-1.E0,0.E0,0.E0));
#5524=DIRECTION('',(0.E0,1.E0,0.E0));
#5525=AXIS2_PLACEMENT_3D('',#5522,#5523,#5524);
#5526=PLANE('',#5525);
#5527=ORIENTED_EDGE('',*,*,#5353,.T.);
#5528=ORIENTED_EDGE('',*,*,#5472,.T.);
#5529=ORIENTED_EDGE('',*,*,#5407,.F.);
#5530=ORIENTED_EDGE('',*,*,#3556,.F.);
#5531=EDGE_LOOP('',(#5527,#5528,#5529,#5530));
#5532=FACE_OUTER_BOUND('',#5531,.F.);
#5533=ADVANCED_FACE('',(#5532),#5526,.T.);
#5534=FILL_AREA_STYLE_COLOUR('',#27);
#5535=FILL_AREA_STYLE('',(#5534));
#5536=SURFACE_STYLE_FILL_AREA(#5535);
#5537=SURFACE_SIDE_STYLE('',(#5536));
#5538=SURFACE_STYLE_USAGE(.POSITIVE.,#5537);
#5539=PRESENTATION_STYLE_ASSIGNMENT((#5538));
#5540=STYLED_ITEM('',(#5539),#5533);
#5541=CARTESIAN_POINT('',(2.25E0,1.05E0,0.E0));
#5542=DIRECTION('',(0.E0,-1.E0,0.E0));
#5543=DIRECTION('',(-1.E0,0.E0,0.E0));
#5544=AXIS2_PLACEMENT_3D('',#5541,#5542,#5543);
#5545=PLANE('',#5544);
#5547=ORIENTED_EDGE('',*,*,#5546,.F.);
#5549=ORIENTED_EDGE('',*,*,#5548,.F.);
#5550=ORIENTED_EDGE('',*,*,#3564,.T.);
#5552=ORIENTED_EDGE('',*,*,#5551,.T.);
#5553=EDGE_LOOP('',(#5547,#5549,#5550,#5552));
#5554=FACE_OUTER_BOUND('',#5553,.F.);
#5555=ADVANCED_FACE('',(#5554),#5545,.T.);
#5556=FILL_AREA_STYLE_COLOUR('',#27);
#5557=FILL_AREA_STYLE('',(#5556));
#5558=SURFACE_STYLE_FILL_AREA(#5557);
#5559=SURFACE_SIDE_STYLE('',(#5558));
#5560=SURFACE_STYLE_USAGE(.POSITIVE.,#5559);
#5561=PRESENTATION_STYLE_ASSIGNMENT((#5560));
#5562=STYLED_ITEM('',(#5561),#5555);
#5563=CARTESIAN_POINT('',(6.E0,0.E0,-6.E-1));
#5564=DIRECTION('',(0.E0,0.E0,-1.E0));
#5565=DIRECTION('',(1.E0,0.E0,0.E0));
#5566=AXIS2_PLACEMENT_3D('',#5563,#5564,#5565);
#5567=PLANE('',#5566);
#5569=ORIENTED_EDGE('',*,*,#5568,.T.);
#5571=ORIENTED_EDGE('',*,*,#5570,.F.);
#5573=ORIENTED_EDGE('',*,*,#5572,.T.);
#5575=ORIENTED_EDGE('',*,*,#5574,.F.);
#5576=EDGE_LOOP('',(#5569,#5571,#5573,#5575));
#5577=FACE_OUTER_BOUND('',#5576,.F.);
#5578=ADVANCED_FACE('',(#5577),#5567,.T.);
#5579=FILL_AREA_STYLE_COLOUR('',#27);
#5580=FILL_AREA_STYLE('',(#5579));
#5581=SURFACE_STYLE_FILL_AREA(#5580);
#5582=SURFACE_SIDE_STYLE('',(#5581));
#5583=SURFACE_STYLE_USAGE(.POSITIVE.,#5582);
#5584=PRESENTATION_STYLE_ASSIGNMENT((#5583));
#5585=STYLED_ITEM('',(#5584),#5578);
#5586=CARTESIAN_POINT('',(6.E0,0.E0,-6.E-1));
#5587=DIRECTION('',(0.E0,0.E0,-1.E0));
#5588=DIRECTION('',(1.E0,0.E0,0.E0));
#5589=AXIS2_PLACEMENT_3D('',#5586,#5587,#5588);
#5590=PLANE('',#5589);
#5591=ORIENTED_EDGE('',*,*,#5546,.T.);
#5593=ORIENTED_EDGE('',*,*,#5592,.F.);
#5595=ORIENTED_EDGE('',*,*,#5594,.T.);
#5597=ORIENTED_EDGE('',*,*,#5596,.F.);
#5598=EDGE_LOOP('',(#5591,#5593,#5595,#5597));
#5599=FACE_OUTER_BOUND('',#5598,.F.);
#5600=ADVANCED_FACE('',(#5599),#5590,.T.);
#5601=FILL_AREA_STYLE_COLOUR('',#27);
#5602=FILL_AREA_STYLE('',(#5601));
#5603=SURFACE_STYLE_FILL_AREA(#5602);
#5604=SURFACE_SIDE_STYLE('',(#5603));
#5605=SURFACE_STYLE_USAGE(.POSITIVE.,#5604);
#5606=PRESENTATION_STYLE_ASSIGNMENT((#5605));
#5607=STYLED_ITEM('',(#5606),#5600);
#5608=CARTESIAN_POINT('',(2.25E0,-1.45E0,0.E0));
#5609=DIRECTION('',(0.E0,-1.E0,0.E0));
#5610=DIRECTION('',(-1.E0,0.E0,0.E0));
#5611=AXIS2_PLACEMENT_3D('',#5608,#5609,#5610);
#5612=PLANE('',#5611);
#5613=ORIENTED_EDGE('',*,*,#5568,.F.);
#5615=ORIENTED_EDGE('',*,*,#5614,.F.);
#5616=ORIENTED_EDGE('',*,*,#3614,.T.);
#5618=ORIENTED_EDGE('',*,*,#5617,.T.);
#5619=EDGE_LOOP('',(#5613,#5615,#5616,#5618));
#5620=FACE_OUTER_BOUND('',#5619,.F.);
#5621=ADVANCED_FACE('',(#5620),#5612,.T.);
#5622=FILL_AREA_STYLE_COLOUR('',#27);
#5623=FILL_AREA_STYLE('',(#5622));
#5624=SURFACE_STYLE_FILL_AREA(#5623);
#5625=SURFACE_SIDE_STYLE('',(#5624));
#5626=SURFACE_STYLE_USAGE(.POSITIVE.,#5625);
#5627=PRESENTATION_STYLE_ASSIGNMENT((#5626));
#5628=STYLED_ITEM('',(#5627),#5621);
#5629=CARTESIAN_POINT('',(1.2E0,-1.45E0,0.E0));
#5630=DIRECTION('',(-1.E0,0.E0,0.E0));
#5631=DIRECTION('',(0.E0,1.E0,0.E0));
#5632=AXIS2_PLACEMENT_3D('',#5629,#5630,#5631);
#5633=PLANE('',#5632);
#5634=ORIENTED_EDGE('',*,*,#5614,.T.);
#5635=ORIENTED_EDGE('',*,*,#5574,.T.);
#5637=ORIENTED_EDGE('',*,*,#5636,.F.);
#5638=ORIENTED_EDGE('',*,*,#3616,.F.);
#5639=EDGE_LOOP('',(#5634,#5635,#5637,#5638));
#5640=FACE_OUTER_BOUND('',#5639,.F.);
#5641=ADVANCED_FACE('',(#5640),#5633,.T.);
#5642=FILL_AREA_STYLE_COLOUR('',#27);
#5643=FILL_AREA_STYLE('',(#5642));
#5644=SURFACE_STYLE_FILL_AREA(#5643);
#5645=SURFACE_SIDE_STYLE('',(#5644));
#5646=SURFACE_STYLE_USAGE(.POSITIVE.,#5645);
#5647=PRESENTATION_STYLE_ASSIGNMENT((#5646));
#5648=STYLED_ITEM('',(#5647),#5641);
#5649=CARTESIAN_POINT('',(1.75E0,-1.05E0,0.E0));
#5650=DIRECTION('',(0.E0,1.E0,0.E0));
#5651=DIRECTION('',(1.E0,0.E0,0.E0));
#5652=AXIS2_PLACEMENT_3D('',#5649,#5650,#5651);
#5653=PLANE('',#5652);
#5654=ORIENTED_EDGE('',*,*,#5572,.F.);
#5656=ORIENTED_EDGE('',*,*,#5655,.F.);
#5657=ORIENTED_EDGE('',*,*,#3618,.T.);
#5658=ORIENTED_EDGE('',*,*,#5636,.T.);
#5659=EDGE_LOOP('',(#5654,#5656,#5657,#5658));
#5660=FACE_OUTER_BOUND('',#5659,.F.);
#5661=ADVANCED_FACE('',(#5660),#5653,.T.);
#5662=FILL_AREA_STYLE_COLOUR('',#27);
#5663=FILL_AREA_STYLE('',(#5662));
#5664=SURFACE_STYLE_FILL_AREA(#5663);
#5665=SURFACE_SIDE_STYLE('',(#5664));
#5666=SURFACE_STYLE_USAGE(.POSITIVE.,#5665);
#5667=PRESENTATION_STYLE_ASSIGNMENT((#5666));
#5668=STYLED_ITEM('',(#5667),#5661);
#5669=CARTESIAN_POINT('',(2.8E0,-1.05E0,0.E0));
#5670=DIRECTION('',(1.E0,0.E0,0.E0));
#5671=DIRECTION('',(0.E0,-1.E0,0.E0));
#5672=AXIS2_PLACEMENT_3D('',#5669,#5670,#5671);
#5673=PLANE('',#5672);
#5674=ORIENTED_EDGE('',*,*,#5617,.F.);
#5675=ORIENTED_EDGE('',*,*,#3620,.F.);
#5676=ORIENTED_EDGE('',*,*,#5655,.T.);
#5677=ORIENTED_EDGE('',*,*,#5570,.T.);
#5678=EDGE_LOOP('',(#5674,#5675,#5676,#5677));
#5679=FACE_OUTER_BOUND('',#5678,.F.);
#5680=ADVANCED_FACE('',(#5679),#5673,.T.);
#5681=FILL_AREA_STYLE_COLOUR('',#27);
#5682=FILL_AREA_STYLE('',(#5681));
#5683=SURFACE_STYLE_FILL_AREA(#5682);
#5684=SURFACE_SIDE_STYLE('',(#5683));
#5685=SURFACE_STYLE_USAGE(.POSITIVE.,#5684);
#5686=PRESENTATION_STYLE_ASSIGNMENT((#5685));
#5687=STYLED_ITEM('',(#5686),#5680);
#5688=CARTESIAN_POINT('',(2.8E0,1.45E0,0.E0));
#5689=DIRECTION('',(1.E0,0.E0,0.E0));
#5690=DIRECTION('',(0.E0,-1.E0,0.E0));
#5691=AXIS2_PLACEMENT_3D('',#5688,#5689,#5690);
#5692=PLANE('',#5691);
#5693=ORIENTED_EDGE('',*,*,#5551,.F.);
#5694=ORIENTED_EDGE('',*,*,#3570,.F.);
#5696=ORIENTED_EDGE('',*,*,#5695,.T.);
#5697=ORIENTED_EDGE('',*,*,#5592,.T.);
#5698=EDGE_LOOP('',(#5693,#5694,#5696,#5697));
#5699=FACE_OUTER_BOUND('',#5698,.F.);
#5700=ADVANCED_FACE('',(#5699),#5692,.T.);
#5701=FILL_AREA_STYLE_COLOUR('',#27);
#5702=FILL_AREA_STYLE('',(#5701));
#5703=SURFACE_STYLE_FILL_AREA(#5702);
#5704=SURFACE_SIDE_STYLE('',(#5703));
#5705=SURFACE_STYLE_USAGE(.POSITIVE.,#5704);
#5706=PRESENTATION_STYLE_ASSIGNMENT((#5705));
#5707=STYLED_ITEM('',(#5706),#5700);
#5708=CARTESIAN_POINT('',(1.75E0,1.45E0,0.E0));
#5709=DIRECTION('',(0.E0,1.E0,0.E0));
#5710=DIRECTION('',(1.E0,0.E0,0.E0));
#5711=AXIS2_PLACEMENT_3D('',#5708,#5709,#5710);
#5712=PLANE('',#5711);
#5713=ORIENTED_EDGE('',*,*,#5594,.F.);
#5714=ORIENTED_EDGE('',*,*,#5695,.F.);
#5715=ORIENTED_EDGE('',*,*,#3568,.T.);
#5717=ORIENTED_EDGE('',*,*,#5716,.T.);
#5718=EDGE_LOOP('',(#5713,#5714,#5715,#5717));
#5719=FACE_OUTER_BOUND('',#5718,.F.);
#5720=ADVANCED_FACE('',(#5719),#5712,.T.);
#5721=FILL_AREA_STYLE_COLOUR('',#27);
#5722=FILL_AREA_STYLE('',(#5721));
#5723=SURFACE_STYLE_FILL_AREA(#5722);
#5724=SURFACE_SIDE_STYLE('',(#5723));
#5725=SURFACE_STYLE_USAGE(.POSITIVE.,#5724);
#5726=PRESENTATION_STYLE_ASSIGNMENT((#5725));
#5727=STYLED_ITEM('',(#5726),#5720);
#5728=CARTESIAN_POINT('',(1.2E0,1.05E0,0.E0));
#5729=DIRECTION('',(-1.E0,0.E0,0.E0));
#5730=DIRECTION('',(0.E0,1.E0,0.E0));
#5731=AXIS2_PLACEMENT_3D('',#5728,#5729,#5730);
#5732=PLANE('',#5731);
#5733=ORIENTED_EDGE('',*,*,#5548,.T.);
#5734=ORIENTED_EDGE('',*,*,#5596,.T.);
#5735=ORIENTED_EDGE('',*,*,#5716,.F.);
#5736=ORIENTED_EDGE('',*,*,#3566,.F.);
#5737=EDGE_LOOP('',(#5733,#5734,#5735,#5736));
#5738=FACE_OUTER_BOUND('',#5737,.F.);
#5739=ADVANCED_FACE('',(#5738),#5732,.T.);
#5740=FILL_AREA_STYLE_COLOUR('',#27);
#5741=FILL_AREA_STYLE('',(#5740));
#5742=SURFACE_STYLE_FILL_AREA(#5741);
#5743=SURFACE_SIDE_STYLE('',(#5742));
#5744=SURFACE_STYLE_USAGE(.POSITIVE.,#5743);
#5745=PRESENTATION_STYLE_ASSIGNMENT((#5744));
#5746=STYLED_ITEM('',(#5745),#5739);
#5747=CARTESIAN_POINT('',(4.25E0,1.05E0,0.E0));
#5748=DIRECTION('',(0.E0,-1.E0,0.E0));
#5749=DIRECTION('',(-1.E0,0.E0,0.E0));
#5750=AXIS2_PLACEMENT_3D('',#5747,#5748,#5749);
#5751=PLANE('',#5750);
#5753=ORIENTED_EDGE('',*,*,#5752,.F.);
#5755=ORIENTED_EDGE('',*,*,#5754,.F.);
#5757=ORIENTED_EDGE('',*,*,#5756,.T.);
#5759=ORIENTED_EDGE('',*,*,#5758,.F.);
#5760=ORIENTED_EDGE('',*,*,#3574,.T.);
#5762=ORIENTED_EDGE('',*,*,#5761,.T.);
#5764=ORIENTED_EDGE('',*,*,#5763,.T.);
#5766=ORIENTED_EDGE('',*,*,#5765,.T.);
#5767=EDGE_LOOP('',(#5753,#5755,#5757,#5759,#5760,#5762,#5764,#5766));
#5768=FACE_OUTER_BOUND('',#5767,.F.);
#5769=ADVANCED_FACE('',(#5768),#5751,.T.);
#5770=FILL_AREA_STYLE_COLOUR('',#27);
#5771=FILL_AREA_STYLE('',(#5770));
#5772=SURFACE_STYLE_FILL_AREA(#5771);
#5773=SURFACE_SIDE_STYLE('',(#5772));
#5774=SURFACE_STYLE_USAGE(.POSITIVE.,#5773);
#5775=PRESENTATION_STYLE_ASSIGNMENT((#5774));
#5776=STYLED_ITEM('',(#5775),#5769);
#5777=CARTESIAN_POINT('',(4.E0,-1.208412E1,-4.55E0));
#5778=DIRECTION('',(0.E0,1.E0,0.E0));
#5779=DIRECTION('',(-1.E0,0.E0,0.E0));
#5780=AXIS2_PLACEMENT_3D('',#5777,#5778,#5779);
#5781=CYLINDRICAL_SURFACE('',#5780,2.5E-1);
#5783=ORIENTED_EDGE('',*,*,#5782,.T.);
#5785=ORIENTED_EDGE('',*,*,#5784,.F.);
#5786=ORIENTED_EDGE('',*,*,#5752,.T.);
#5788=ORIENTED_EDGE('',*,*,#5787,.T.);
#5789=EDGE_LOOP('',(#5783,#5785,#5786,#5788));
#5790=FACE_OUTER_BOUND('',#5789,.F.);
#5791=ADVANCED_FACE('',(#5790),#5781,.T.);
#5792=FILL_AREA_STYLE_COLOUR('',#27);
#5793=FILL_AREA_STYLE('',(#5792));
#5794=SURFACE_STYLE_FILL_AREA(#5793);
#5795=SURFACE_SIDE_STYLE('',(#5794));
#5796=SURFACE_STYLE_USAGE(.POSITIVE.,#5795);
#5797=PRESENTATION_STYLE_ASSIGNMENT((#5796));
#5798=STYLED_ITEM('',(#5797),#5791);
#5799=CARTESIAN_POINT('',(3.75E0,1.45E0,0.E0));
#5800=DIRECTION('',(0.E0,1.E0,0.E0));
#5801=DIRECTION('',(1.E0,0.E0,0.E0));
#5802=AXIS2_PLACEMENT_3D('',#5799,#5800,#5801);
#5803=PLANE('',#5802);
#5804=ORIENTED_EDGE('',*,*,#5782,.F.);
#5806=ORIENTED_EDGE('',*,*,#5805,.F.);
#5808=ORIENTED_EDGE('',*,*,#5807,.T.);
#5810=ORIENTED_EDGE('',*,*,#5809,.F.);
#5811=ORIENTED_EDGE('',*,*,#3578,.T.);
#5813=ORIENTED_EDGE('',*,*,#5812,.T.);
#5815=ORIENTED_EDGE('',*,*,#5814,.T.);
#5817=ORIENTED_EDGE('',*,*,#5816,.T.);
#5818=EDGE_LOOP('',(#5804,#5806,#5808,#5810,#5811,#5813,#5815,#5817));
#5819=FACE_OUTER_BOUND('',#5818,.F.);
#5820=ADVANCED_FACE('',(#5819),#5803,.T.);
#5821=FILL_AREA_STYLE_COLOUR('',#27);
#5822=FILL_AREA_STYLE('',(#5821));
#5823=SURFACE_STYLE_FILL_AREA(#5822);
#5824=SURFACE_SIDE_STYLE('',(#5823));
#5825=SURFACE_STYLE_USAGE(.POSITIVE.,#5824);
#5826=PRESENTATION_STYLE_ASSIGNMENT((#5825));
#5827=STYLED_ITEM('',(#5826),#5820);
#5828=CARTESIAN_POINT('',(4.25E0,1.45E0,0.E0));
#5829=DIRECTION('',(1.E0,0.E0,0.E0));
#5830=DIRECTION('',(0.E0,-1.E0,0.E0));
#5831=AXIS2_PLACEMENT_3D('',#5828,#5829,#5830);
#5832=PLANE('',#5831);
#5833=ORIENTED_EDGE('',*,*,#5787,.F.);
#5834=ORIENTED_EDGE('',*,*,#5765,.F.);
#5836=ORIENTED_EDGE('',*,*,#5835,.F.);
#5837=ORIENTED_EDGE('',*,*,#5805,.T.);
#5838=EDGE_LOOP('',(#5833,#5834,#5836,#5837));
#5839=FACE_OUTER_BOUND('',#5838,.F.);
#5840=ADVANCED_FACE('',(#5839),#5832,.T.);
#5841=FILL_AREA_STYLE_COLOUR('',#27);
#5842=FILL_AREA_STYLE('',(#5841));
#5843=SURFACE_STYLE_FILL_AREA(#5842);
#5844=SURFACE_SIDE_STYLE('',(#5843));
#5845=SURFACE_STYLE_USAGE(.POSITIVE.,#5844);
#5846=PRESENTATION_STYLE_ASSIGNMENT((#5845));
#5847=STYLED_ITEM('',(#5846),#5840);
#5848=CARTESIAN_POINT('',(8.E0,0.E0,-6.E-1));
#5849=DIRECTION('',(0.E0,0.E0,-1.E0));
#5850=DIRECTION('',(1.E0,0.E0,0.E0));
#5851=AXIS2_PLACEMENT_3D('',#5848,#5849,#5850);
#5852=PLANE('',#5851);
#5853=ORIENTED_EDGE('',*,*,#5763,.F.);
#5855=ORIENTED_EDGE('',*,*,#5854,.F.);
#5856=ORIENTED_EDGE('',*,*,#5807,.F.);
#5857=ORIENTED_EDGE('',*,*,#5835,.T.);
#5858=EDGE_LOOP('',(#5853,#5855,#5856,#5857));
#5859=FACE_OUTER_BOUND('',#5858,.F.);
#5860=ADVANCED_FACE('',(#5859),#5852,.T.);
#5861=FILL_AREA_STYLE_COLOUR('',#27);
#5862=FILL_AREA_STYLE('',(#5861));
#5863=SURFACE_STYLE_FILL_AREA(#5862);
#5864=SURFACE_SIDE_STYLE('',(#5863));
#5865=SURFACE_STYLE_USAGE(.POSITIVE.,#5864);
#5866=PRESENTATION_STYLE_ASSIGNMENT((#5865));
#5867=STYLED_ITEM('',(#5866),#5860);
#5868=CARTESIAN_POINT('',(8.E0,0.E0,-6.E-1));
#5869=DIRECTION('',(0.E0,0.E0,-1.E0));
#5870=DIRECTION('',(1.E0,0.E0,0.E0));
#5871=AXIS2_PLACEMENT_3D('',#5868,#5869,#5870);
#5872=PLANE('',#5871);
#5873=ORIENTED_EDGE('',*,*,#5756,.F.);
#5875=ORIENTED_EDGE('',*,*,#5874,.T.);
#5876=ORIENTED_EDGE('',*,*,#5814,.F.);
#5878=ORIENTED_EDGE('',*,*,#5877,.F.);
#5879=EDGE_LOOP('',(#5873,#5875,#5876,#5878));
#5880=FACE_OUTER_BOUND('',#5879,.F.);
#5881=ADVANCED_FACE('',(#5880),#5872,.T.);
#5882=FILL_AREA_STYLE_COLOUR('',#27);
#5883=FILL_AREA_STYLE('',(#5882));
#5884=SURFACE_STYLE_FILL_AREA(#5883);
#5885=SURFACE_SIDE_STYLE('',(#5884));
#5886=SURFACE_STYLE_USAGE(.POSITIVE.,#5885);
#5887=PRESENTATION_STYLE_ASSIGNMENT((#5886));
#5888=STYLED_ITEM('',(#5887),#5881);
#5889=CARTESIAN_POINT('',(4.8E0,1.45E0,0.E0));
#5890=DIRECTION('',(1.E0,0.E0,0.E0));
#5891=DIRECTION('',(0.E0,-1.E0,0.E0));
#5892=AXIS2_PLACEMENT_3D('',#5889,#5890,#5891);
#5893=PLANE('',#5892);
#5894=ORIENTED_EDGE('',*,*,#5761,.F.);
#5895=ORIENTED_EDGE('',*,*,#3580,.F.);
#5896=ORIENTED_EDGE('',*,*,#5809,.T.);
#5897=ORIENTED_EDGE('',*,*,#5854,.T.);
#5898=EDGE_LOOP('',(#5894,#5895,#5896,#5897));
#5899=FACE_OUTER_BOUND('',#5898,.F.);
#5900=ADVANCED_FACE('',(#5899),#5893,.T.);
#5901=FILL_AREA_STYLE_COLOUR('',#27);
#5902=FILL_AREA_STYLE('',(#5901));
#5903=SURFACE_STYLE_FILL_AREA(#5902);
#5904=SURFACE_SIDE_STYLE('',(#5903));
#5905=SURFACE_STYLE_USAGE(.POSITIVE.,#5904);
#5906=PRESENTATION_STYLE_ASSIGNMENT((#5905));
#5907=STYLED_ITEM('',(#5906),#5900);
#5908=CARTESIAN_POINT('',(3.75E0,1.05E0,0.E0));
#5909=DIRECTION('',(-1.E0,0.E0,0.E0));
#5910=DIRECTION('',(0.E0,1.E0,0.E0));
#5911=AXIS2_PLACEMENT_3D('',#5908,#5909,#5910);
#5912=PLANE('',#5911);
#5913=ORIENTED_EDGE('',*,*,#5784,.T.);
#5914=ORIENTED_EDGE('',*,*,#5816,.F.);
#5915=ORIENTED_EDGE('',*,*,#5874,.F.);
#5916=ORIENTED_EDGE('',*,*,#5754,.T.);
#5917=EDGE_LOOP('',(#5913,#5914,#5915,#5916));
#5918=FACE_OUTER_BOUND('',#5917,.F.);
#5919=ADVANCED_FACE('',(#5918),#5912,.T.);
#5920=FILL_AREA_STYLE_COLOUR('',#27);
#5921=FILL_AREA_STYLE('',(#5920));
#5922=SURFACE_STYLE_FILL_AREA(#5921);
#5923=SURFACE_SIDE_STYLE('',(#5922));
#5924=SURFACE_STYLE_USAGE(.POSITIVE.,#5923);
#5925=PRESENTATION_STYLE_ASSIGNMENT((#5924));
#5926=STYLED_ITEM('',(#5925),#5919);
#5927=CARTESIAN_POINT('',(3.2E0,1.05E0,0.E0));
#5928=DIRECTION('',(-1.E0,0.E0,0.E0));
#5929=DIRECTION('',(0.E0,1.E0,0.E0));
#5930=AXIS2_PLACEMENT_3D('',#5927,#5928,#5929);
#5931=PLANE('',#5930);
#5932=ORIENTED_EDGE('',*,*,#5758,.T.);
#5933=ORIENTED_EDGE('',*,*,#5877,.T.);
#5934=ORIENTED_EDGE('',*,*,#5812,.F.);
#5935=ORIENTED_EDGE('',*,*,#3576,.F.);
#5936=EDGE_LOOP('',(#5932,#5933,#5934,#5935));
#5937=FACE_OUTER_BOUND('',#5936,.F.);
#5938=ADVANCED_FACE('',(#5937),#5931,.T.);
#5939=FILL_AREA_STYLE_COLOUR('',#27);
#5940=FILL_AREA_STYLE('',(#5939));
#5941=SURFACE_STYLE_FILL_AREA(#5940);
#5942=SURFACE_SIDE_STYLE('',(#5941));
#5943=SURFACE_STYLE_USAGE(.POSITIVE.,#5942);
#5944=PRESENTATION_STYLE_ASSIGNMENT((#5943));
#5945=STYLED_ITEM('',(#5944),#5938);
#5946=CARTESIAN_POINT('',(-3.75E0,-1.45E0,0.E0));
#5947=DIRECTION('',(0.E0,-1.E0,0.E0));
#5948=DIRECTION('',(-1.E0,0.E0,0.E0));
#5949=AXIS2_PLACEMENT_3D('',#5946,#5947,#5948);
#5950=PLANE('',#5949);
#5952=ORIENTED_EDGE('',*,*,#5951,.F.);
#5954=ORIENTED_EDGE('',*,*,#5953,.F.);
#5956=ORIENTED_EDGE('',*,*,#5955,.T.);
#5958=ORIENTED_EDGE('',*,*,#5957,.F.);
#5959=ORIENTED_EDGE('',*,*,#3584,.T.);
#5961=ORIENTED_EDGE('',*,*,#5960,.T.);
#5963=ORIENTED_EDGE('',*,*,#5962,.T.);
#5965=ORIENTED_EDGE('',*,*,#5964,.T.);
#5966=EDGE_LOOP('',(#5952,#5954,#5956,#5958,#5959,#5961,#5963,#5965));
#5967=FACE_OUTER_BOUND('',#5966,.F.);
#5968=ADVANCED_FACE('',(#5967),#5950,.T.);
#5969=FILL_AREA_STYLE_COLOUR('',#27);
#5970=FILL_AREA_STYLE('',(#5969));
#5971=SURFACE_STYLE_FILL_AREA(#5970);
#5972=SURFACE_SIDE_STYLE('',(#5971));
#5973=SURFACE_STYLE_USAGE(.POSITIVE.,#5972);
#5974=PRESENTATION_STYLE_ASSIGNMENT((#5973));
#5975=STYLED_ITEM('',(#5974),#5968);
#5976=CARTESIAN_POINT('',(-4.E0,-1.208412E1,-4.55E0));
#5977=DIRECTION('',(0.E0,1.E0,0.E0));
#5978=DIRECTION('',(-1.E0,0.E0,0.E0));
#5979=AXIS2_PLACEMENT_3D('',#5976,#5977,#5978);
#5980=CYLINDRICAL_SURFACE('',#5979,2.5E-1);
#5982=ORIENTED_EDGE('',*,*,#5981,.T.);
#5984=ORIENTED_EDGE('',*,*,#5983,.F.);
#5985=ORIENTED_EDGE('',*,*,#5951,.T.);
#5987=ORIENTED_EDGE('',*,*,#5986,.T.);
#5988=EDGE_LOOP('',(#5982,#5984,#5985,#5987));
#5989=FACE_OUTER_BOUND('',#5988,.F.);
#5990=ADVANCED_FACE('',(#5989),#5980,.T.);
#5991=FILL_AREA_STYLE_COLOUR('',#27);
#5992=FILL_AREA_STYLE('',(#5991));
#5993=SURFACE_STYLE_FILL_AREA(#5992);
#5994=SURFACE_SIDE_STYLE('',(#5993));
#5995=SURFACE_STYLE_USAGE(.POSITIVE.,#5994);
#5996=PRESENTATION_STYLE_ASSIGNMENT((#5995));
#5997=STYLED_ITEM('',(#5996),#5990);
#5998=CARTESIAN_POINT('',(-4.25E0,-1.05E0,0.E0));
#5999=DIRECTION('',(0.E0,1.E0,0.E0));
#6000=DIRECTION('',(1.E0,0.E0,0.E0));
#6001=AXIS2_PLACEMENT_3D('',#5998,#5999,#6000);
#6002=PLANE('',#6001);
#6003=ORIENTED_EDGE('',*,*,#5981,.F.);
#6005=ORIENTED_EDGE('',*,*,#6004,.F.);
#6007=ORIENTED_EDGE('',*,*,#6006,.T.);
#6009=ORIENTED_EDGE('',*,*,#6008,.F.);
#6010=ORIENTED_EDGE('',*,*,#3588,.T.);
#6012=ORIENTED_EDGE('',*,*,#6011,.T.);
#6014=ORIENTED_EDGE('',*,*,#6013,.T.);
#6016=ORIENTED_EDGE('',*,*,#6015,.T.);
#6017=EDGE_LOOP('',(#6003,#6005,#6007,#6009,#6010,#6012,#6014,#6016));
#6018=FACE_OUTER_BOUND('',#6017,.F.);
#6019=ADVANCED_FACE('',(#6018),#6002,.T.);
#6020=FILL_AREA_STYLE_COLOUR('',#27);
#6021=FILL_AREA_STYLE('',(#6020));
#6022=SURFACE_STYLE_FILL_AREA(#6021);
#6023=SURFACE_SIDE_STYLE('',(#6022));
#6024=SURFACE_STYLE_USAGE(.POSITIVE.,#6023);
#6025=PRESENTATION_STYLE_ASSIGNMENT((#6024));
#6026=STYLED_ITEM('',(#6025),#6019);
#6027=CARTESIAN_POINT('',(-3.75E0,-1.05E0,0.E0));
#6028=DIRECTION('',(1.E0,0.E0,0.E0));
#6029=DIRECTION('',(0.E0,-1.E0,0.E0));
#6030=AXIS2_PLACEMENT_3D('',#6027,#6028,#6029);
#6031=PLANE('',#6030);
#6032=ORIENTED_EDGE('',*,*,#5986,.F.);
#6033=ORIENTED_EDGE('',*,*,#5964,.F.);
#6035=ORIENTED_EDGE('',*,*,#6034,.F.);
#6036=ORIENTED_EDGE('',*,*,#6004,.T.);
#6037=EDGE_LOOP('',(#6032,#6033,#6035,#6036));
#6038=FACE_OUTER_BOUND('',#6037,.F.);
#6039=ADVANCED_FACE('',(#6038),#6031,.T.);
#6040=FILL_AREA_STYLE_COLOUR('',#27);
#6041=FILL_AREA_STYLE('',(#6040));
#6042=SURFACE_STYLE_FILL_AREA(#6041);
#6043=SURFACE_SIDE_STYLE('',(#6042));
#6044=SURFACE_STYLE_USAGE(.POSITIVE.,#6043);
#6045=PRESENTATION_STYLE_ASSIGNMENT((#6044));
#6046=STYLED_ITEM('',(#6045),#6039);
#6047=CARTESIAN_POINT('',(0.E0,-2.5E0,-6.E-1));
#6048=DIRECTION('',(0.E0,0.E0,-1.E0));
#6049=DIRECTION('',(1.E0,0.E0,0.E0));
#6050=AXIS2_PLACEMENT_3D('',#6047,#6048,#6049);
#6051=PLANE('',#6050);
#6052=ORIENTED_EDGE('',*,*,#5962,.F.);
#6054=ORIENTED_EDGE('',*,*,#6053,.F.);
#6055=ORIENTED_EDGE('',*,*,#6006,.F.);
#6056=ORIENTED_EDGE('',*,*,#6034,.T.);
#6057=EDGE_LOOP('',(#6052,#6054,#6055,#6056));
#6058=FACE_OUTER_BOUND('',#6057,.F.);
#6059=ADVANCED_FACE('',(#6058),#6051,.T.);
#6060=FILL_AREA_STYLE_COLOUR('',#27);
#6061=FILL_AREA_STYLE('',(#6060));
#6062=SURFACE_STYLE_FILL_AREA(#6061);
#6063=SURFACE_SIDE_STYLE('',(#6062));
#6064=SURFACE_STYLE_USAGE(.POSITIVE.,#6063);
#6065=PRESENTATION_STYLE_ASSIGNMENT((#6064));
#6066=STYLED_ITEM('',(#6065),#6059);
#6067=CARTESIAN_POINT('',(0.E0,-2.5E0,-6.E-1));
#6068=DIRECTION('',(0.E0,0.E0,-1.E0));
#6069=DIRECTION('',(1.E0,0.E0,0.E0));
#6070=AXIS2_PLACEMENT_3D('',#6067,#6068,#6069);
#6071=PLANE('',#6070);
#6072=ORIENTED_EDGE('',*,*,#5955,.F.);
#6074=ORIENTED_EDGE('',*,*,#6073,.T.);
#6075=ORIENTED_EDGE('',*,*,#6013,.F.);
#6077=ORIENTED_EDGE('',*,*,#6076,.F.);
#6078=EDGE_LOOP('',(#6072,#6074,#6075,#6077));
#6079=FACE_OUTER_BOUND('',#6078,.F.);
#6080=ADVANCED_FACE('',(#6079),#6071,.T.);
#6081=FILL_AREA_STYLE_COLOUR('',#27);
#6082=FILL_AREA_STYLE('',(#6081));
#6083=SURFACE_STYLE_FILL_AREA(#6082);
#6084=SURFACE_SIDE_STYLE('',(#6083));
#6085=SURFACE_STYLE_USAGE(.POSITIVE.,#6084);
#6086=PRESENTATION_STYLE_ASSIGNMENT((#6085));
#6087=STYLED_ITEM('',(#6086),#6080);
#6088=CARTESIAN_POINT('',(-3.2E0,-1.05E0,0.E0));
#6089=DIRECTION('',(1.E0,0.E0,0.E0));
#6090=DIRECTION('',(0.E0,-1.E0,0.E0));
#6091=AXIS2_PLACEMENT_3D('',#6088,#6089,#6090);
#6092=PLANE('',#6091);
#6093=ORIENTED_EDGE('',*,*,#5960,.F.);
#6094=ORIENTED_EDGE('',*,*,#3590,.F.);
#6095=ORIENTED_EDGE('',*,*,#6008,.T.);
#6096=ORIENTED_EDGE('',*,*,#6053,.T.);
#6097=EDGE_LOOP('',(#6093,#6094,#6095,#6096));
#6098=FACE_OUTER_BOUND('',#6097,.F.);
#6099=ADVANCED_FACE('',(#6098),#6092,.T.);
#6100=FILL_AREA_STYLE_COLOUR('',#27);
#6101=FILL_AREA_STYLE('',(#6100));
#6102=SURFACE_STYLE_FILL_AREA(#6101);
#6103=SURFACE_SIDE_STYLE('',(#6102));
#6104=SURFACE_STYLE_USAGE(.POSITIVE.,#6103);
#6105=PRESENTATION_STYLE_ASSIGNMENT((#6104));
#6106=STYLED_ITEM('',(#6105),#6099);
#6107=CARTESIAN_POINT('',(-4.25E0,-1.45E0,0.E0));
#6108=DIRECTION('',(-1.E0,0.E0,0.E0));
#6109=DIRECTION('',(0.E0,1.E0,0.E0));
#6110=AXIS2_PLACEMENT_3D('',#6107,#6108,#6109);
#6111=PLANE('',#6110);
#6112=ORIENTED_EDGE('',*,*,#5983,.T.);
#6113=ORIENTED_EDGE('',*,*,#6015,.F.);
#6114=ORIENTED_EDGE('',*,*,#6073,.F.);
#6115=ORIENTED_EDGE('',*,*,#5953,.T.);
#6116=EDGE_LOOP('',(#6112,#6113,#6114,#6115));
#6117=FACE_OUTER_BOUND('',#6116,.F.);
#6118=ADVANCED_FACE('',(#6117),#6111,.T.);
#6119=FILL_AREA_STYLE_COLOUR('',#27);
#6120=FILL_AREA_STYLE('',(#6119));
#6121=SURFACE_STYLE_FILL_AREA(#6120);
#6122=SURFACE_SIDE_STYLE('',(#6121));
#6123=SURFACE_STYLE_USAGE(.POSITIVE.,#6122);
#6124=PRESENTATION_STYLE_ASSIGNMENT((#6123));
#6125=STYLED_ITEM('',(#6124),#6118);
#6126=CARTESIAN_POINT('',(-4.8E0,-1.45E0,0.E0));
#6127=DIRECTION('',(-1.E0,0.E0,0.E0));
#6128=DIRECTION('',(0.E0,1.E0,0.E0));
#6129=AXIS2_PLACEMENT_3D('',#6126,#6127,#6128);
#6130=PLANE('',#6129);
#6131=ORIENTED_EDGE('',*,*,#5957,.T.);
#6132=ORIENTED_EDGE('',*,*,#6076,.T.);
#6133=ORIENTED_EDGE('',*,*,#6011,.F.);
#6134=ORIENTED_EDGE('',*,*,#3586,.F.);
#6135=EDGE_LOOP('',(#6131,#6132,#6133,#6134));
#6136=FACE_OUTER_BOUND('',#6135,.F.);
#6137=ADVANCED_FACE('',(#6136),#6130,.T.);
#6138=FILL_AREA_STYLE_COLOUR('',#27);
#6139=FILL_AREA_STYLE('',(#6138));
#6140=SURFACE_STYLE_FILL_AREA(#6139);
#6141=SURFACE_SIDE_STYLE('',(#6140));
#6142=SURFACE_STYLE_USAGE(.POSITIVE.,#6141);
#6143=PRESENTATION_STYLE_ASSIGNMENT((#6142));
#6144=STYLED_ITEM('',(#6143),#6137);
#6145=CARTESIAN_POINT('',(-1.75E0,-1.45E0,0.E0));
#6146=DIRECTION('',(0.E0,-1.E0,0.E0));
#6147=DIRECTION('',(-1.E0,0.E0,0.E0));
#6148=AXIS2_PLACEMENT_3D('',#6145,#6146,#6147);
#6149=PLANE('',#6148);
#6151=ORIENTED_EDGE('',*,*,#6150,.F.);
#6153=ORIENTED_EDGE('',*,*,#6152,.F.);
#6155=ORIENTED_EDGE('',*,*,#6154,.T.);
#6157=ORIENTED_EDGE('',*,*,#6156,.F.);
#6158=ORIENTED_EDGE('',*,*,#3594,.T.);
#6160=ORIENTED_EDGE('',*,*,#6159,.T.);
#6162=ORIENTED_EDGE('',*,*,#6161,.T.);
#6164=ORIENTED_EDGE('',*,*,#6163,.T.);
#6165=EDGE_LOOP('',(#6151,#6153,#6155,#6157,#6158,#6160,#6162,#6164));
#6166=FACE_OUTER_BOUND('',#6165,.F.);
#6167=ADVANCED_FACE('',(#6166),#6149,.T.);
#6168=FILL_AREA_STYLE_COLOUR('',#27);
#6169=FILL_AREA_STYLE('',(#6168));
#6170=SURFACE_STYLE_FILL_AREA(#6169);
#6171=SURFACE_SIDE_STYLE('',(#6170));
#6172=SURFACE_STYLE_USAGE(.POSITIVE.,#6171);
#6173=PRESENTATION_STYLE_ASSIGNMENT((#6172));
#6174=STYLED_ITEM('',(#6173),#6167);
#6175=CARTESIAN_POINT('',(-2.E0,-1.208412E1,-4.55E0));
#6176=DIRECTION('',(0.E0,1.E0,0.E0));
#6177=DIRECTION('',(-1.E0,0.E0,0.E0));
#6178=AXIS2_PLACEMENT_3D('',#6175,#6176,#6177);
#6179=CYLINDRICAL_SURFACE('',#6178,2.5E-1);
#6181=ORIENTED_EDGE('',*,*,#6180,.T.);
#6183=ORIENTED_EDGE('',*,*,#6182,.F.);
#6184=ORIENTED_EDGE('',*,*,#6150,.T.);
#6186=ORIENTED_EDGE('',*,*,#6185,.T.);
#6187=EDGE_LOOP('',(#6181,#6183,#6184,#6186));
#6188=FACE_OUTER_BOUND('',#6187,.F.);
#6189=ADVANCED_FACE('',(#6188),#6179,.T.);
#6190=FILL_AREA_STYLE_COLOUR('',#27);
#6191=FILL_AREA_STYLE('',(#6190));
#6192=SURFACE_STYLE_FILL_AREA(#6191);
#6193=SURFACE_SIDE_STYLE('',(#6192));
#6194=SURFACE_STYLE_USAGE(.POSITIVE.,#6193);
#6195=PRESENTATION_STYLE_ASSIGNMENT((#6194));
#6196=STYLED_ITEM('',(#6195),#6189);
#6197=CARTESIAN_POINT('',(-2.25E0,-1.05E0,0.E0));
#6198=DIRECTION('',(0.E0,1.E0,0.E0));
#6199=DIRECTION('',(1.E0,0.E0,0.E0));
#6200=AXIS2_PLACEMENT_3D('',#6197,#6198,#6199);
#6201=PLANE('',#6200);
#6202=ORIENTED_EDGE('',*,*,#6180,.F.);
#6204=ORIENTED_EDGE('',*,*,#6203,.F.);
#6206=ORIENTED_EDGE('',*,*,#6205,.T.);
#6208=ORIENTED_EDGE('',*,*,#6207,.F.);
#6209=ORIENTED_EDGE('',*,*,#3598,.T.);
#6211=ORIENTED_EDGE('',*,*,#6210,.T.);
#6213=ORIENTED_EDGE('',*,*,#6212,.T.);
#6215=ORIENTED_EDGE('',*,*,#6214,.T.);
#6216=EDGE_LOOP('',(#6202,#6204,#6206,#6208,#6209,#6211,#6213,#6215));
#6217=FACE_OUTER_BOUND('',#6216,.F.);
#6218=ADVANCED_FACE('',(#6217),#6201,.T.);
#6219=FILL_AREA_STYLE_COLOUR('',#27);
#6220=FILL_AREA_STYLE('',(#6219));
#6221=SURFACE_STYLE_FILL_AREA(#6220);
#6222=SURFACE_SIDE_STYLE('',(#6221));
#6223=SURFACE_STYLE_USAGE(.POSITIVE.,#6222);
#6224=PRESENTATION_STYLE_ASSIGNMENT((#6223));
#6225=STYLED_ITEM('',(#6224),#6218);
#6226=CARTESIAN_POINT('',(-1.75E0,-1.05E0,0.E0));
#6227=DIRECTION('',(1.E0,0.E0,0.E0));
#6228=DIRECTION('',(0.E0,-1.E0,0.E0));
#6229=AXIS2_PLACEMENT_3D('',#6226,#6227,#6228);
#6230=PLANE('',#6229);
#6231=ORIENTED_EDGE('',*,*,#6185,.F.);
#6232=ORIENTED_EDGE('',*,*,#6163,.F.);
#6234=ORIENTED_EDGE('',*,*,#6233,.F.);
#6235=ORIENTED_EDGE('',*,*,#6203,.T.);
#6236=EDGE_LOOP('',(#6231,#6232,#6234,#6235));
#6237=FACE_OUTER_BOUND('',#6236,.F.);
#6238=ADVANCED_FACE('',(#6237),#6230,.T.);
#6239=FILL_AREA_STYLE_COLOUR('',#27);
#6240=FILL_AREA_STYLE('',(#6239));
#6241=SURFACE_STYLE_FILL_AREA(#6240);
#6242=SURFACE_SIDE_STYLE('',(#6241));
#6243=SURFACE_STYLE_USAGE(.POSITIVE.,#6242);
#6244=PRESENTATION_STYLE_ASSIGNMENT((#6243));
#6245=STYLED_ITEM('',(#6244),#6238);
#6246=CARTESIAN_POINT('',(2.E0,-2.5E0,-6.E-1));
#6247=DIRECTION('',(0.E0,0.E0,-1.E0));
#6248=DIRECTION('',(1.E0,0.E0,0.E0));
#6249=AXIS2_PLACEMENT_3D('',#6246,#6247,#6248);
#6250=PLANE('',#6249);
#6251=ORIENTED_EDGE('',*,*,#6161,.F.);
#6253=ORIENTED_EDGE('',*,*,#6252,.F.);
#6254=ORIENTED_EDGE('',*,*,#6205,.F.);
#6255=ORIENTED_EDGE('',*,*,#6233,.T.);
#6256=EDGE_LOOP('',(#6251,#6253,#6254,#6255));
#6257=FACE_OUTER_BOUND('',#6256,.F.);
#6258=ADVANCED_FACE('',(#6257),#6250,.T.);
#6259=FILL_AREA_STYLE_COLOUR('',#27);
#6260=FILL_AREA_STYLE('',(#6259));
#6261=SURFACE_STYLE_FILL_AREA(#6260);
#6262=SURFACE_SIDE_STYLE('',(#6261));
#6263=SURFACE_STYLE_USAGE(.POSITIVE.,#6262);
#6264=PRESENTATION_STYLE_ASSIGNMENT((#6263));
#6265=STYLED_ITEM('',(#6264),#6258);
#6266=CARTESIAN_POINT('',(2.E0,-2.5E0,-6.E-1));
#6267=DIRECTION('',(0.E0,0.E0,-1.E0));
#6268=DIRECTION('',(1.E0,0.E0,0.E0));
#6269=AXIS2_PLACEMENT_3D('',#6266,#6267,#6268);
#6270=PLANE('',#6269);
#6271=ORIENTED_EDGE('',*,*,#6154,.F.);
#6273=ORIENTED_EDGE('',*,*,#6272,.T.);
#6274=ORIENTED_EDGE('',*,*,#6212,.F.);
#6276=ORIENTED_EDGE('',*,*,#6275,.F.);
#6277=EDGE_LOOP('',(#6271,#6273,#6274,#6276));
#6278=FACE_OUTER_BOUND('',#6277,.F.);
#6279=ADVANCED_FACE('',(#6278),#6270,.T.);
#6280=FILL_AREA_STYLE_COLOUR('',#27);
#6281=FILL_AREA_STYLE('',(#6280));
#6282=SURFACE_STYLE_FILL_AREA(#6281);
#6283=SURFACE_SIDE_STYLE('',(#6282));
#6284=SURFACE_STYLE_USAGE(.POSITIVE.,#6283);
#6285=PRESENTATION_STYLE_ASSIGNMENT((#6284));
#6286=STYLED_ITEM('',(#6285),#6279);
#6287=CARTESIAN_POINT('',(-1.2E0,-1.05E0,0.E0));
#6288=DIRECTION('',(1.E0,0.E0,0.E0));
#6289=DIRECTION('',(0.E0,-1.E0,0.E0));
#6290=AXIS2_PLACEMENT_3D('',#6287,#6288,#6289);
#6291=PLANE('',#6290);
#6292=ORIENTED_EDGE('',*,*,#6159,.F.);
#6293=ORIENTED_EDGE('',*,*,#3600,.F.);
#6294=ORIENTED_EDGE('',*,*,#6207,.T.);
#6295=ORIENTED_EDGE('',*,*,#6252,.T.);
#6296=EDGE_LOOP('',(#6292,#6293,#6294,#6295));
#6297=FACE_OUTER_BOUND('',#6296,.F.);
#6298=ADVANCED_FACE('',(#6297),#6291,.T.);
#6299=FILL_AREA_STYLE_COLOUR('',#27);
#6300=FILL_AREA_STYLE('',(#6299));
#6301=SURFACE_STYLE_FILL_AREA(#6300);
#6302=SURFACE_SIDE_STYLE('',(#6301));
#6303=SURFACE_STYLE_USAGE(.POSITIVE.,#6302);
#6304=PRESENTATION_STYLE_ASSIGNMENT((#6303));
#6305=STYLED_ITEM('',(#6304),#6298);
#6306=CARTESIAN_POINT('',(-2.25E0,-1.45E0,0.E0));
#6307=DIRECTION('',(-1.E0,0.E0,0.E0));
#6308=DIRECTION('',(0.E0,1.E0,0.E0));
#6309=AXIS2_PLACEMENT_3D('',#6306,#6307,#6308);
#6310=PLANE('',#6309);
#6311=ORIENTED_EDGE('',*,*,#6182,.T.);
#6312=ORIENTED_EDGE('',*,*,#6214,.F.);
#6313=ORIENTED_EDGE('',*,*,#6272,.F.);
#6314=ORIENTED_EDGE('',*,*,#6152,.T.);
#6315=EDGE_LOOP('',(#6311,#6312,#6313,#6314));
#6316=FACE_OUTER_BOUND('',#6315,.F.);
#6317=ADVANCED_FACE('',(#6316),#6310,.T.);
#6318=FILL_AREA_STYLE_COLOUR('',#27);
#6319=FILL_AREA_STYLE('',(#6318));
#6320=SURFACE_STYLE_FILL_AREA(#6319);
#6321=SURFACE_SIDE_STYLE('',(#6320));
#6322=SURFACE_STYLE_USAGE(.POSITIVE.,#6321);
#6323=PRESENTATION_STYLE_ASSIGNMENT((#6322));
#6324=STYLED_ITEM('',(#6323),#6317);
#6325=CARTESIAN_POINT('',(-2.8E0,-1.45E0,0.E0));
#6326=DIRECTION('',(-1.E0,0.E0,0.E0));
#6327=DIRECTION('',(0.E0,1.E0,0.E0));
#6328=AXIS2_PLACEMENT_3D('',#6325,#6326,#6327);
#6329=PLANE('',#6328);
#6330=ORIENTED_EDGE('',*,*,#6156,.T.);
#6331=ORIENTED_EDGE('',*,*,#6275,.T.);
#6332=ORIENTED_EDGE('',*,*,#6210,.F.);
#6333=ORIENTED_EDGE('',*,*,#3596,.F.);
#6334=EDGE_LOOP('',(#6330,#6331,#6332,#6333));
#6335=FACE_OUTER_BOUND('',#6334,.F.);
#6336=ADVANCED_FACE('',(#6335),#6329,.T.);
#6337=FILL_AREA_STYLE_COLOUR('',#27);
#6338=FILL_AREA_STYLE('',(#6337));
#6339=SURFACE_STYLE_FILL_AREA(#6338);
#6340=SURFACE_SIDE_STYLE('',(#6339));
#6341=SURFACE_STYLE_USAGE(.POSITIVE.,#6340);
#6342=PRESENTATION_STYLE_ASSIGNMENT((#6341));
#6343=STYLED_ITEM('',(#6342),#6336);
#6344=CARTESIAN_POINT('',(2.5E-1,-1.45E0,0.E0));
#6345=DIRECTION('',(0.E0,-1.E0,0.E0));
#6346=DIRECTION('',(-1.E0,0.E0,0.E0));
#6347=AXIS2_PLACEMENT_3D('',#6344,#6345,#6346);
#6348=PLANE('',#6347);
#6350=ORIENTED_EDGE('',*,*,#6349,.F.);
#6352=ORIENTED_EDGE('',*,*,#6351,.F.);
#6354=ORIENTED_EDGE('',*,*,#6353,.T.);
#6356=ORIENTED_EDGE('',*,*,#6355,.F.);
#6357=ORIENTED_EDGE('',*,*,#3604,.T.);
#6359=ORIENTED_EDGE('',*,*,#6358,.T.);
#6361=ORIENTED_EDGE('',*,*,#6360,.T.);
#6363=ORIENTED_EDGE('',*,*,#6362,.T.);
#6364=EDGE_LOOP('',(#6350,#6352,#6354,#6356,#6357,#6359,#6361,#6363));
#6365=FACE_OUTER_BOUND('',#6364,.F.);
#6366=ADVANCED_FACE('',(#6365),#6348,.T.);
#6367=FILL_AREA_STYLE_COLOUR('',#27);
#6368=FILL_AREA_STYLE('',(#6367));
#6369=SURFACE_STYLE_FILL_AREA(#6368);
#6370=SURFACE_SIDE_STYLE('',(#6369));
#6371=SURFACE_STYLE_USAGE(.POSITIVE.,#6370);
#6372=PRESENTATION_STYLE_ASSIGNMENT((#6371));
#6373=STYLED_ITEM('',(#6372),#6366);
#6374=CARTESIAN_POINT('',(0.E0,-1.208412E1,-4.55E0));
#6375=DIRECTION('',(0.E0,1.E0,0.E0));
#6376=DIRECTION('',(-1.E0,0.E0,0.E0));
#6377=AXIS2_PLACEMENT_3D('',#6374,#6375,#6376);
#6378=CYLINDRICAL_SURFACE('',#6377,2.5E-1);
#6380=ORIENTED_EDGE('',*,*,#6379,.T.);
#6382=ORIENTED_EDGE('',*,*,#6381,.F.);
#6383=ORIENTED_EDGE('',*,*,#6349,.T.);
#6385=ORIENTED_EDGE('',*,*,#6384,.T.);
#6386=EDGE_LOOP('',(#6380,#6382,#6383,#6385));
#6387=FACE_OUTER_BOUND('',#6386,.F.);
#6388=ADVANCED_FACE('',(#6387),#6378,.T.);
#6389=FILL_AREA_STYLE_COLOUR('',#27);
#6390=FILL_AREA_STYLE('',(#6389));
#6391=SURFACE_STYLE_FILL_AREA(#6390);
#6392=SURFACE_SIDE_STYLE('',(#6391));
#6393=SURFACE_STYLE_USAGE(.POSITIVE.,#6392);
#6394=PRESENTATION_STYLE_ASSIGNMENT((#6393));
#6395=STYLED_ITEM('',(#6394),#6388);
#6396=CARTESIAN_POINT('',(-2.5E-1,-1.05E0,0.E0));
#6397=DIRECTION('',(0.E0,1.E0,0.E0));
#6398=DIRECTION('',(1.E0,0.E0,0.E0));
#6399=AXIS2_PLACEMENT_3D('',#6396,#6397,#6398);
#6400=PLANE('',#6399);
#6401=ORIENTED_EDGE('',*,*,#6379,.F.);
#6403=ORIENTED_EDGE('',*,*,#6402,.F.);
#6405=ORIENTED_EDGE('',*,*,#6404,.T.);
#6407=ORIENTED_EDGE('',*,*,#6406,.F.);
#6408=ORIENTED_EDGE('',*,*,#3608,.T.);
#6410=ORIENTED_EDGE('',*,*,#6409,.T.);
#6412=ORIENTED_EDGE('',*,*,#6411,.T.);
#6414=ORIENTED_EDGE('',*,*,#6413,.T.);
#6415=EDGE_LOOP('',(#6401,#6403,#6405,#6407,#6408,#6410,#6412,#6414));
#6416=FACE_OUTER_BOUND('',#6415,.F.);
#6417=ADVANCED_FACE('',(#6416),#6400,.T.);
#6418=FILL_AREA_STYLE_COLOUR('',#27);
#6419=FILL_AREA_STYLE('',(#6418));
#6420=SURFACE_STYLE_FILL_AREA(#6419);
#6421=SURFACE_SIDE_STYLE('',(#6420));
#6422=SURFACE_STYLE_USAGE(.POSITIVE.,#6421);
#6423=PRESENTATION_STYLE_ASSIGNMENT((#6422));
#6424=STYLED_ITEM('',(#6423),#6417);
#6425=CARTESIAN_POINT('',(2.5E-1,-1.05E0,0.E0));
#6426=DIRECTION('',(1.E0,0.E0,0.E0));
#6427=DIRECTION('',(0.E0,-1.E0,0.E0));
#6428=AXIS2_PLACEMENT_3D('',#6425,#6426,#6427);
#6429=PLANE('',#6428);
#6430=ORIENTED_EDGE('',*,*,#6384,.F.);
#6431=ORIENTED_EDGE('',*,*,#6362,.F.);
#6433=ORIENTED_EDGE('',*,*,#6432,.F.);
#6434=ORIENTED_EDGE('',*,*,#6402,.T.);
#6435=EDGE_LOOP('',(#6430,#6431,#6433,#6434));
#6436=FACE_OUTER_BOUND('',#6435,.F.);
#6437=ADVANCED_FACE('',(#6436),#6429,.T.);
#6438=FILL_AREA_STYLE_COLOUR('',#27);
#6439=FILL_AREA_STYLE('',(#6438));
#6440=SURFACE_STYLE_FILL_AREA(#6439);
#6441=SURFACE_SIDE_STYLE('',(#6440));
#6442=SURFACE_STYLE_USAGE(.POSITIVE.,#6441);
#6443=PRESENTATION_STYLE_ASSIGNMENT((#6442));
#6444=STYLED_ITEM('',(#6443),#6437);
#6445=CARTESIAN_POINT('',(4.E0,-2.5E0,-6.E-1));
#6446=DIRECTION('',(0.E0,0.E0,-1.E0));
#6447=DIRECTION('',(1.E0,0.E0,0.E0));
#6448=AXIS2_PLACEMENT_3D('',#6445,#6446,#6447);
#6449=PLANE('',#6448);
#6450=ORIENTED_EDGE('',*,*,#6360,.F.);
#6452=ORIENTED_EDGE('',*,*,#6451,.F.);
#6453=ORIENTED_EDGE('',*,*,#6404,.F.);
#6454=ORIENTED_EDGE('',*,*,#6432,.T.);
#6455=EDGE_LOOP('',(#6450,#6452,#6453,#6454));
#6456=FACE_OUTER_BOUND('',#6455,.F.);
#6457=ADVANCED_FACE('',(#6456),#6449,.T.);
#6458=FILL_AREA_STYLE_COLOUR('',#27);
#6459=FILL_AREA_STYLE('',(#6458));
#6460=SURFACE_STYLE_FILL_AREA(#6459);
#6461=SURFACE_SIDE_STYLE('',(#6460));
#6462=SURFACE_STYLE_USAGE(.POSITIVE.,#6461);
#6463=PRESENTATION_STYLE_ASSIGNMENT((#6462));
#6464=STYLED_ITEM('',(#6463),#6457);
#6465=CARTESIAN_POINT('',(4.E0,-2.5E0,-6.E-1));
#6466=DIRECTION('',(0.E0,0.E0,-1.E0));
#6467=DIRECTION('',(1.E0,0.E0,0.E0));
#6468=AXIS2_PLACEMENT_3D('',#6465,#6466,#6467);
#6469=PLANE('',#6468);
#6470=ORIENTED_EDGE('',*,*,#6353,.F.);
#6472=ORIENTED_EDGE('',*,*,#6471,.T.);
#6473=ORIENTED_EDGE('',*,*,#6411,.F.);
#6475=ORIENTED_EDGE('',*,*,#6474,.F.);
#6476=EDGE_LOOP('',(#6470,#6472,#6473,#6475));
#6477=FACE_OUTER_BOUND('',#6476,.F.);
#6478=ADVANCED_FACE('',(#6477),#6469,.T.);
#6479=FILL_AREA_STYLE_COLOUR('',#27);
#6480=FILL_AREA_STYLE('',(#6479));
#6481=SURFACE_STYLE_FILL_AREA(#6480);
#6482=SURFACE_SIDE_STYLE('',(#6481));
#6483=SURFACE_STYLE_USAGE(.POSITIVE.,#6482);
#6484=PRESENTATION_STYLE_ASSIGNMENT((#6483));
#6485=STYLED_ITEM('',(#6484),#6478);
#6486=CARTESIAN_POINT('',(8.E-1,-1.05E0,0.E0));
#6487=DIRECTION('',(1.E0,0.E0,0.E0));
#6488=DIRECTION('',(0.E0,-1.E0,0.E0));
#6489=AXIS2_PLACEMENT_3D('',#6486,#6487,#6488);
#6490=PLANE('',#6489);
#6491=ORIENTED_EDGE('',*,*,#6358,.F.);
#6492=ORIENTED_EDGE('',*,*,#3610,.F.);
#6493=ORIENTED_EDGE('',*,*,#6406,.T.);
#6494=ORIENTED_EDGE('',*,*,#6451,.T.);
#6495=EDGE_LOOP('',(#6491,#6492,#6493,#6494));
#6496=FACE_OUTER_BOUND('',#6495,.F.);
#6497=ADVANCED_FACE('',(#6496),#6490,.T.);
#6498=FILL_AREA_STYLE_COLOUR('',#27);
#6499=FILL_AREA_STYLE('',(#6498));
#6500=SURFACE_STYLE_FILL_AREA(#6499);
#6501=SURFACE_SIDE_STYLE('',(#6500));
#6502=SURFACE_STYLE_USAGE(.POSITIVE.,#6501);
#6503=PRESENTATION_STYLE_ASSIGNMENT((#6502));
#6504=STYLED_ITEM('',(#6503),#6497);
#6505=CARTESIAN_POINT('',(-2.5E-1,-1.45E0,0.E0));
#6506=DIRECTION('',(-1.E0,0.E0,0.E0));
#6507=DIRECTION('',(0.E0,1.E0,0.E0));
#6508=AXIS2_PLACEMENT_3D('',#6505,#6506,#6507);
#6509=PLANE('',#6508);
#6510=ORIENTED_EDGE('',*,*,#6381,.T.);
#6511=ORIENTED_EDGE('',*,*,#6413,.F.);
#6512=ORIENTED_EDGE('',*,*,#6471,.F.);
#6513=ORIENTED_EDGE('',*,*,#6351,.T.);
#6514=EDGE_LOOP('',(#6510,#6511,#6512,#6513));
#6515=FACE_OUTER_BOUND('',#6514,.F.);
#6516=ADVANCED_FACE('',(#6515),#6509,.T.);
#6517=FILL_AREA_STYLE_COLOUR('',#27);
#6518=FILL_AREA_STYLE('',(#6517));
#6519=SURFACE_STYLE_FILL_AREA(#6518);
#6520=SURFACE_SIDE_STYLE('',(#6519));
#6521=SURFACE_STYLE_USAGE(.POSITIVE.,#6520);
#6522=PRESENTATION_STYLE_ASSIGNMENT((#6521));
#6523=STYLED_ITEM('',(#6522),#6516);
#6524=CARTESIAN_POINT('',(-8.E-1,-1.45E0,0.E0));
#6525=DIRECTION('',(-1.E0,0.E0,0.E0));
#6526=DIRECTION('',(0.E0,1.E0,0.E0));
#6527=AXIS2_PLACEMENT_3D('',#6524,#6525,#6526);
#6528=PLANE('',#6527);
#6529=ORIENTED_EDGE('',*,*,#6355,.T.);
#6530=ORIENTED_EDGE('',*,*,#6474,.T.);
#6531=ORIENTED_EDGE('',*,*,#6409,.F.);
#6532=ORIENTED_EDGE('',*,*,#3606,.F.);
#6533=EDGE_LOOP('',(#6529,#6530,#6531,#6532));
#6534=FACE_OUTER_BOUND('',#6533,.F.);
#6535=ADVANCED_FACE('',(#6534),#6528,.T.);
#6536=FILL_AREA_STYLE_COLOUR('',#27);
#6537=FILL_AREA_STYLE('',(#6536));
#6538=SURFACE_STYLE_FILL_AREA(#6537);
#6539=SURFACE_SIDE_STYLE('',(#6538));
#6540=SURFACE_STYLE_USAGE(.POSITIVE.,#6539);
#6541=PRESENTATION_STYLE_ASSIGNMENT((#6540));
#6542=STYLED_ITEM('',(#6541),#6535);
#6543=CARTESIAN_POINT('',(4.25E0,-1.45E0,0.E0));
#6544=DIRECTION('',(0.E0,-1.E0,0.E0));
#6545=DIRECTION('',(-1.E0,0.E0,0.E0));
#6546=AXIS2_PLACEMENT_3D('',#6543,#6544,#6545);
#6547=PLANE('',#6546);
#6549=ORIENTED_EDGE('',*,*,#6548,.F.);
#6551=ORIENTED_EDGE('',*,*,#6550,.F.);
#6553=ORIENTED_EDGE('',*,*,#6552,.T.);
#6555=ORIENTED_EDGE('',*,*,#6554,.F.);
#6556=ORIENTED_EDGE('',*,*,#3624,.T.);
#6558=ORIENTED_EDGE('',*,*,#6557,.T.);
#6560=ORIENTED_EDGE('',*,*,#6559,.T.);
#6562=ORIENTED_EDGE('',*,*,#6561,.T.);
#6563=EDGE_LOOP('',(#6549,#6551,#6553,#6555,#6556,#6558,#6560,#6562));
#6564=FACE_OUTER_BOUND('',#6563,.F.);
#6565=ADVANCED_FACE('',(#6564),#6547,.T.);
#6566=FILL_AREA_STYLE_COLOUR('',#27);
#6567=FILL_AREA_STYLE('',(#6566));
#6568=SURFACE_STYLE_FILL_AREA(#6567);
#6569=SURFACE_SIDE_STYLE('',(#6568));
#6570=SURFACE_STYLE_USAGE(.POSITIVE.,#6569);
#6571=PRESENTATION_STYLE_ASSIGNMENT((#6570));
#6572=STYLED_ITEM('',(#6571),#6565);
#6573=CARTESIAN_POINT('',(4.E0,-1.208412E1,-4.55E0));
#6574=DIRECTION('',(0.E0,1.E0,0.E0));
#6575=DIRECTION('',(-1.E0,0.E0,0.E0));
#6576=AXIS2_PLACEMENT_3D('',#6573,#6574,#6575);
#6577=CYLINDRICAL_SURFACE('',#6576,2.5E-1);
#6579=ORIENTED_EDGE('',*,*,#6578,.T.);
#6581=ORIENTED_EDGE('',*,*,#6580,.F.);
#6582=ORIENTED_EDGE('',*,*,#6548,.T.);
#6584=ORIENTED_EDGE('',*,*,#6583,.T.);
#6585=EDGE_LOOP('',(#6579,#6581,#6582,#6584));
#6586=FACE_OUTER_BOUND('',#6585,.F.);
#6587=ADVANCED_FACE('',(#6586),#6577,.T.);
#6588=FILL_AREA_STYLE_COLOUR('',#27);
#6589=FILL_AREA_STYLE('',(#6588));
#6590=SURFACE_STYLE_FILL_AREA(#6589);
#6591=SURFACE_SIDE_STYLE('',(#6590));
#6592=SURFACE_STYLE_USAGE(.POSITIVE.,#6591);
#6593=PRESENTATION_STYLE_ASSIGNMENT((#6592));
#6594=STYLED_ITEM('',(#6593),#6587);
#6595=CARTESIAN_POINT('',(3.75E0,-1.05E0,0.E0));
#6596=DIRECTION('',(0.E0,1.E0,0.E0));
#6597=DIRECTION('',(1.E0,0.E0,0.E0));
#6598=AXIS2_PLACEMENT_3D('',#6595,#6596,#6597);
#6599=PLANE('',#6598);
#6600=ORIENTED_EDGE('',*,*,#6578,.F.);
#6602=ORIENTED_EDGE('',*,*,#6601,.F.);
#6604=ORIENTED_EDGE('',*,*,#6603,.T.);
#6606=ORIENTED_EDGE('',*,*,#6605,.F.);
#6607=ORIENTED_EDGE('',*,*,#3628,.T.);
#6609=ORIENTED_EDGE('',*,*,#6608,.T.);
#6611=ORIENTED_EDGE('',*,*,#6610,.T.);
#6613=ORIENTED_EDGE('',*,*,#6612,.T.);
#6614=EDGE_LOOP('',(#6600,#6602,#6604,#6606,#6607,#6609,#6611,#6613));
#6615=FACE_OUTER_BOUND('',#6614,.F.);
#6616=ADVANCED_FACE('',(#6615),#6599,.T.);
#6617=FILL_AREA_STYLE_COLOUR('',#27);
#6618=FILL_AREA_STYLE('',(#6617));
#6619=SURFACE_STYLE_FILL_AREA(#6618);
#6620=SURFACE_SIDE_STYLE('',(#6619));
#6621=SURFACE_STYLE_USAGE(.POSITIVE.,#6620);
#6622=PRESENTATION_STYLE_ASSIGNMENT((#6621));
#6623=STYLED_ITEM('',(#6622),#6616);
#6624=CARTESIAN_POINT('',(4.25E0,-1.05E0,0.E0));
#6625=DIRECTION('',(1.E0,0.E0,0.E0));
#6626=DIRECTION('',(0.E0,-1.E0,0.E0));
#6627=AXIS2_PLACEMENT_3D('',#6624,#6625,#6626);
#6628=PLANE('',#6627);
#6629=ORIENTED_EDGE('',*,*,#6583,.F.);
#6630=ORIENTED_EDGE('',*,*,#6561,.F.);
#6632=ORIENTED_EDGE('',*,*,#6631,.F.);
#6633=ORIENTED_EDGE('',*,*,#6601,.T.);
#6634=EDGE_LOOP('',(#6629,#6630,#6632,#6633));
#6635=FACE_OUTER_BOUND('',#6634,.F.);
#6636=ADVANCED_FACE('',(#6635),#6628,.T.);
#6637=FILL_AREA_STYLE_COLOUR('',#27);
#6638=FILL_AREA_STYLE('',(#6637));
#6639=SURFACE_STYLE_FILL_AREA(#6638);
#6640=SURFACE_SIDE_STYLE('',(#6639));
#6641=SURFACE_STYLE_USAGE(.POSITIVE.,#6640);
#6642=PRESENTATION_STYLE_ASSIGNMENT((#6641));
#6643=STYLED_ITEM('',(#6642),#6636);
#6644=CARTESIAN_POINT('',(8.E0,-2.5E0,-6.E-1));
#6645=DIRECTION('',(0.E0,0.E0,-1.E0));
#6646=DIRECTION('',(1.E0,0.E0,0.E0));
#6647=AXIS2_PLACEMENT_3D('',#6644,#6645,#6646);
#6648=PLANE('',#6647);
#6649=ORIENTED_EDGE('',*,*,#6559,.F.);
#6651=ORIENTED_EDGE('',*,*,#6650,.F.);
#6652=ORIENTED_EDGE('',*,*,#6603,.F.);
#6653=ORIENTED_EDGE('',*,*,#6631,.T.);
#6654=EDGE_LOOP('',(#6649,#6651,#6652,#6653));
#6655=FACE_OUTER_BOUND('',#6654,.F.);
#6656=ADVANCED_FACE('',(#6655),#6648,.T.);
#6657=FILL_AREA_STYLE_COLOUR('',#27);
#6658=FILL_AREA_STYLE('',(#6657));
#6659=SURFACE_STYLE_FILL_AREA(#6658);
#6660=SURFACE_SIDE_STYLE('',(#6659));
#6661=SURFACE_STYLE_USAGE(.POSITIVE.,#6660);
#6662=PRESENTATION_STYLE_ASSIGNMENT((#6661));
#6663=STYLED_ITEM('',(#6662),#6656);
#6664=CARTESIAN_POINT('',(8.E0,-2.5E0,-6.E-1));
#6665=DIRECTION('',(0.E0,0.E0,-1.E0));
#6666=DIRECTION('',(1.E0,0.E0,0.E0));
#6667=AXIS2_PLACEMENT_3D('',#6664,#6665,#6666);
#6668=PLANE('',#6667);
#6669=ORIENTED_EDGE('',*,*,#6552,.F.);
#6671=ORIENTED_EDGE('',*,*,#6670,.T.);
#6672=ORIENTED_EDGE('',*,*,#6610,.F.);
#6674=ORIENTED_EDGE('',*,*,#6673,.F.);
#6675=EDGE_LOOP('',(#6669,#6671,#6672,#6674));
#6676=FACE_OUTER_BOUND('',#6675,.F.);
#6677=ADVANCED_FACE('',(#6676),#6668,.T.);
#6678=FILL_AREA_STYLE_COLOUR('',#27);
#6679=FILL_AREA_STYLE('',(#6678));
#6680=SURFACE_STYLE_FILL_AREA(#6679);
#6681=SURFACE_SIDE_STYLE('',(#6680));
#6682=SURFACE_STYLE_USAGE(.POSITIVE.,#6681);
#6683=PRESENTATION_STYLE_ASSIGNMENT((#6682));
#6684=STYLED_ITEM('',(#6683),#6677);
#6685=CARTESIAN_POINT('',(4.8E0,-1.05E0,0.E0));
#6686=DIRECTION('',(1.E0,0.E0,0.E0));
#6687=DIRECTION('',(0.E0,-1.E0,0.E0));
#6688=AXIS2_PLACEMENT_3D('',#6685,#6686,#6687);
#6689=PLANE('',#6688);
#6690=ORIENTED_EDGE('',*,*,#6557,.F.);
#6691=ORIENTED_EDGE('',*,*,#3630,.F.);
#6692=ORIENTED_EDGE('',*,*,#6605,.T.);
#6693=ORIENTED_EDGE('',*,*,#6650,.T.);
#6694=EDGE_LOOP('',(#6690,#6691,#6692,#6693));
#6695=FACE_OUTER_BOUND('',#6694,.F.);
#6696=ADVANCED_FACE('',(#6695),#6689,.T.);
#6697=FILL_AREA_STYLE_COLOUR('',#27);
#6698=FILL_AREA_STYLE('',(#6697));
#6699=SURFACE_STYLE_FILL_AREA(#6698);
#6700=SURFACE_SIDE_STYLE('',(#6699));
#6701=SURFACE_STYLE_USAGE(.POSITIVE.,#6700);
#6702=PRESENTATION_STYLE_ASSIGNMENT((#6701));
#6703=STYLED_ITEM('',(#6702),#6696);
#6704=CARTESIAN_POINT('',(3.75E0,-1.45E0,0.E0));
#6705=DIRECTION('',(-1.E0,0.E0,0.E0));
#6706=DIRECTION('',(0.E0,1.E0,0.E0));
#6707=AXIS2_PLACEMENT_3D('',#6704,#6705,#6706);
#6708=PLANE('',#6707);
#6709=ORIENTED_EDGE('',*,*,#6580,.T.);
#6710=ORIENTED_EDGE('',*,*,#6612,.F.);
#6711=ORIENTED_EDGE('',*,*,#6670,.F.);
#6712=ORIENTED_EDGE('',*,*,#6550,.T.);
#6713=EDGE_LOOP('',(#6709,#6710,#6711,#6712));
#6714=FACE_OUTER_BOUND('',#6713,.F.);
#6715=ADVANCED_FACE('',(#6714),#6708,.T.);
#6716=FILL_AREA_STYLE_COLOUR('',#27);
#6717=FILL_AREA_STYLE('',(#6716));
#6718=SURFACE_STYLE_FILL_AREA(#6717);
#6719=SURFACE_SIDE_STYLE('',(#6718));
#6720=SURFACE_STYLE_USAGE(.POSITIVE.,#6719);
#6721=PRESENTATION_STYLE_ASSIGNMENT((#6720));
#6722=STYLED_ITEM('',(#6721),#6715);
#6723=CARTESIAN_POINT('',(3.2E0,-1.45E0,0.E0));
#6724=DIRECTION('',(-1.E0,0.E0,0.E0));
#6725=DIRECTION('',(0.E0,1.E0,0.E0));
#6726=AXIS2_PLACEMENT_3D('',#6723,#6724,#6725);
#6727=PLANE('',#6726);
#6728=ORIENTED_EDGE('',*,*,#6554,.T.);
#6729=ORIENTED_EDGE('',*,*,#6673,.T.);
#6730=ORIENTED_EDGE('',*,*,#6608,.F.);
#6731=ORIENTED_EDGE('',*,*,#3626,.F.);
#6732=EDGE_LOOP('',(#6728,#6729,#6730,#6731));
#6733=FACE_OUTER_BOUND('',#6732,.F.);
#6734=ADVANCED_FACE('',(#6733),#6727,.T.);
#6735=FILL_AREA_STYLE_COLOUR('',#27);
#6736=FILL_AREA_STYLE('',(#6735));
#6737=SURFACE_STYLE_FILL_AREA(#6736);
#6738=SURFACE_SIDE_STYLE('',(#6737));
#6739=SURFACE_STYLE_USAGE(.POSITIVE.,#6738);
#6740=PRESENTATION_STYLE_ASSIGNMENT((#6739));
#6741=STYLED_ITEM('',(#6740),#6734);
#6742=CARTESIAN_POINT('',(-1.6264E0,-3.576E-1,0.E0));
#6743=DIRECTION('',(-1.E0,0.E0,0.E0));
#6744=DIRECTION('',(0.E0,1.E0,0.E0));
#6745=AXIS2_PLACEMENT_3D('',#6742,#6743,#6744);
#6746=PLANE('',#6745);
#6747=ORIENTED_EDGE('',*,*,#3634,.F.);
#6749=ORIENTED_EDGE('',*,*,#6748,.T.);
#6751=ORIENTED_EDGE('',*,*,#6750,.T.);
#6753=ORIENTED_EDGE('',*,*,#6752,.F.);
#6754=EDGE_LOOP('',(#6747,#6749,#6751,#6753));
#6755=FACE_OUTER_BOUND('',#6754,.F.);
#6756=ADVANCED_FACE('',(#6755),#6746,.T.);
#6757=FILL_AREA_STYLE_COLOUR('',#26);
#6758=FILL_AREA_STYLE('',(#6757));
#6759=SURFACE_STYLE_FILL_AREA(#6758);
#6760=SURFACE_SIDE_STYLE('',(#6759));
#6761=SURFACE_STYLE_USAGE(.POSITIVE.,#6760);
#6762=PRESENTATION_STYLE_ASSIGNMENT((#6761));
#6763=STYLED_ITEM('',(#6762),#6756);
#6764=CARTESIAN_POINT('',(-1.5325375E0,-3.576E-1,0.E0));
#6765=DIRECTION('',(0.E0,-1.E0,0.E0));
#6766=DIRECTION('',(-1.E0,0.E0,0.E0));
#6767=AXIS2_PLACEMENT_3D('',#6764,#6765,#6766);
#6768=PLANE('',#6767);
#6769=ORIENTED_EDGE('',*,*,#3644,.F.);
#6771=ORIENTED_EDGE('',*,*,#6770,.T.);
#6773=ORIENTED_EDGE('',*,*,#6772,.T.);
#6774=ORIENTED_EDGE('',*,*,#6748,.F.);
#6775=EDGE_LOOP('',(#6769,#6771,#6773,#6774));
#6776=FACE_OUTER_BOUND('',#6775,.F.);
#6777=ADVANCED_FACE('',(#6776),#6768,.T.);
#6778=FILL_AREA_STYLE_COLOUR('',#26);
#6779=FILL_AREA_STYLE('',(#6778));
#6780=SURFACE_STYLE_FILL_AREA(#6779);
#6781=SURFACE_SIDE_STYLE('',(#6780));
#6782=SURFACE_STYLE_USAGE(.POSITIVE.,#6781);
#6783=PRESENTATION_STYLE_ASSIGNMENT((#6782));
#6784=STYLED_ITEM('',(#6783),#6777);
#6785=CARTESIAN_POINT('',(-1.5325375E0,2.974404257700E-1,0.E0));
#6786=DIRECTION('',(1.E0,0.E0,0.E0));
#6787=DIRECTION('',(0.E0,-1.E0,0.E0));
#6788=AXIS2_PLACEMENT_3D('',#6785,#6786,#6787);
#6789=PLANE('',#6788);
#6790=ORIENTED_EDGE('',*,*,#3642,.F.);
#6792=ORIENTED_EDGE('',*,*,#6791,.T.);
#6794=ORIENTED_EDGE('',*,*,#6793,.T.);
#6795=ORIENTED_EDGE('',*,*,#6770,.F.);
#6796=EDGE_LOOP('',(#6790,#6792,#6794,#6795));
#6797=FACE_OUTER_BOUND('',#6796,.F.);
#6798=ADVANCED_FACE('',(#6797),#6789,.T.);
#6799=FILL_AREA_STYLE_COLOUR('',#26);
#6800=FILL_AREA_STYLE('',(#6799));
#6801=SURFACE_STYLE_FILL_AREA(#6800);
#6802=SURFACE_SIDE_STYLE('',(#6801));
#6803=SURFACE_STYLE_USAGE(.POSITIVE.,#6802);
#6804=PRESENTATION_STYLE_ASSIGNMENT((#6803));
#6805=STYLED_ITEM('',(#6804),#6798);
#6806=CARTESIAN_POINT('',(-1.063225E0,2.974404257700E-1,0.E0));
#6807=DIRECTION('',(0.E0,-1.E0,0.E0));
#6808=DIRECTION('',(-1.E0,0.E0,0.E0));
#6809=AXIS2_PLACEMENT_3D('',#6806,#6807,#6808);
#6810=PLANE('',#6809);
#6811=ORIENTED_EDGE('',*,*,#3640,.F.);
#6813=ORIENTED_EDGE('',*,*,#6812,.T.);
#6815=ORIENTED_EDGE('',*,*,#6814,.T.);
#6816=ORIENTED_EDGE('',*,*,#6791,.F.);
#6817=EDGE_LOOP('',(#6811,#6813,#6815,#6816));
#6818=FACE_OUTER_BOUND('',#6817,.F.);
#6819=ADVANCED_FACE('',(#6818),#6810,.T.);
#6820=FILL_AREA_STYLE_COLOUR('',#26);
#6821=FILL_AREA_STYLE('',(#6820));
#6822=SURFACE_STYLE_FILL_AREA(#6821);
#6823=SURFACE_SIDE_STYLE('',(#6822));
#6824=SURFACE_STYLE_USAGE(.POSITIVE.,#6823);
#6825=PRESENTATION_STYLE_ASSIGNMENT((#6824));
#6826=STYLED_ITEM('',(#6825),#6819);
#6827=CARTESIAN_POINT('',(-1.063225E0,3.933E-1,0.E0));
#6828=DIRECTION('',(1.E0,0.E0,0.E0));
#6829=DIRECTION('',(0.E0,-1.E0,0.E0));
#6830=AXIS2_PLACEMENT_3D('',#6827,#6828,#6829);
#6831=PLANE('',#6830);
#6832=ORIENTED_EDGE('',*,*,#3638,.F.);
#6834=ORIENTED_EDGE('',*,*,#6833,.T.);
#6836=ORIENTED_EDGE('',*,*,#6835,.T.);
#6837=ORIENTED_EDGE('',*,*,#6812,.F.);
#6838=EDGE_LOOP('',(#6832,#6834,#6836,#6837));
#6839=FACE_OUTER_BOUND('',#6838,.F.);
#6840=ADVANCED_FACE('',(#6839),#6831,.T.);
#6841=FILL_AREA_STYLE_COLOUR('',#26);
#6842=FILL_AREA_STYLE('',(#6841));
#6843=SURFACE_STYLE_FILL_AREA(#6842);
#6844=SURFACE_SIDE_STYLE('',(#6843));
#6845=SURFACE_STYLE_USAGE(.POSITIVE.,#6844);
#6846=PRESENTATION_STYLE_ASSIGNMENT((#6845));
#6847=STYLED_ITEM('',(#6846),#6840);
#6848=CARTESIAN_POINT('',(-1.6264E0,3.933E-1,0.E0));
#6849=DIRECTION('',(0.E0,1.E0,0.E0));
#6850=DIRECTION('',(1.E0,0.E0,0.E0));
#6851=AXIS2_PLACEMENT_3D('',#6848,#6849,#6850);
#6852=PLANE('',#6851);
#6853=ORIENTED_EDGE('',*,*,#3636,.F.);
#6854=ORIENTED_EDGE('',*,*,#6752,.T.);
#6856=ORIENTED_EDGE('',*,*,#6855,.T.);
#6857=ORIENTED_EDGE('',*,*,#6833,.F.);
#6858=EDGE_LOOP('',(#6853,#6854,#6856,#6857));
#6859=FACE_OUTER_BOUND('',#6858,.F.);
#6860=ADVANCED_FACE('',(#6859),#6852,.T.);
#6861=FILL_AREA_STYLE_COLOUR('',#26);
#6862=FILL_AREA_STYLE('',(#6861));
#6863=SURFACE_STYLE_FILL_AREA(#6862);
#6864=SURFACE_SIDE_STYLE('',(#6863));
#6865=SURFACE_STYLE_USAGE(.POSITIVE.,#6864);
#6866=PRESENTATION_STYLE_ASSIGNMENT((#6865));
#6867=STYLED_ITEM('',(#6866),#6860);
#6868=CARTESIAN_POINT('',(0.E0,0.E0,-1.E-2));
#6869=DIRECTION('',(0.E0,0.E0,-1.E0));
#6870=DIRECTION('',(1.E0,0.E0,0.E0));
#6871=AXIS2_PLACEMENT_3D('',#6868,#6869,#6870);
#6872=PLANE('',#6871);
#6873=ORIENTED_EDGE('',*,*,#6750,.F.);
#6874=ORIENTED_EDGE('',*,*,#6772,.F.);
#6875=ORIENTED_EDGE('',*,*,#6793,.F.);
#6876=ORIENTED_EDGE('',*,*,#6814,.F.);
#6877=ORIENTED_EDGE('',*,*,#6835,.F.);
#6878=ORIENTED_EDGE('',*,*,#6855,.F.);
#6879=EDGE_LOOP('',(#6873,#6874,#6875,#6876,#6877,#6878));
#6880=FACE_OUTER_BOUND('',#6879,.F.);
#6881=ADVANCED_FACE('',(#6880),#6872,.T.);
#6882=FILL_AREA_STYLE_COLOUR('',#26);
#6883=FILL_AREA_STYLE('',(#6882));
#6884=SURFACE_STYLE_FILL_AREA(#6883);
#6885=SURFACE_SIDE_STYLE('',(#6884));
#6886=SURFACE_STYLE_USAGE(.POSITIVE.,#6885);
#6887=PRESENTATION_STYLE_ASSIGNMENT((#6886));
#6888=STYLED_ITEM('',(#6887),#6881);
#6889=CARTESIAN_POINT('',(0.E0,0.E0,-1.E-2));
#6890=DIRECTION('',(0.E0,0.E0,-1.E0));
#6891=DIRECTION('',(1.E0,0.E0,0.E0));
#6892=AXIS2_PLACEMENT_3D('',#6889,#6890,#6891);
#6893=PLANE('',#6892);
#6895=ORIENTED_EDGE('',*,*,#6894,.F.);
#6897=ORIENTED_EDGE('',*,*,#6896,.F.);
#6899=ORIENTED_EDGE('',*,*,#6898,.F.);
#6901=ORIENTED_EDGE('',*,*,#6900,.F.);
#6903=ORIENTED_EDGE('',*,*,#6902,.F.);
#6905=ORIENTED_EDGE('',*,*,#6904,.F.);
#6907=ORIENTED_EDGE('',*,*,#6906,.F.);
#6909=ORIENTED_EDGE('',*,*,#6908,.F.);
#6911=ORIENTED_EDGE('',*,*,#6910,.F.);
#6913=ORIENTED_EDGE('',*,*,#6912,.F.);
#6915=ORIENTED_EDGE('',*,*,#6914,.F.);
#6917=ORIENTED_EDGE('',*,*,#6916,.F.);
#6919=ORIENTED_EDGE('',*,*,#6918,.F.);
#6921=ORIENTED_EDGE('',*,*,#6920,.F.);
#6923=ORIENTED_EDGE('',*,*,#6922,.F.);
#6925=ORIENTED_EDGE('',*,*,#6924,.F.);
#6927=ORIENTED_EDGE('',*,*,#6926,.F.);
#6929=ORIENTED_EDGE('',*,*,#6928,.F.);
#6931=ORIENTED_EDGE('',*,*,#6930,.F.);
#6932=ORIENTED_EDGE('',*,*,#3457,.F.);
#6934=ORIENTED_EDGE('',*,*,#6933,.F.);
#6936=ORIENTED_EDGE('',*,*,#6935,.F.);
#6938=ORIENTED_EDGE('',*,*,#6937,.F.);
#6940=ORIENTED_EDGE('',*,*,#6939,.F.);
#6942=ORIENTED_EDGE('',*,*,#6941,.F.);
#6944=ORIENTED_EDGE('',*,*,#6943,.F.);
#6946=ORIENTED_EDGE('',*,*,#6945,.F.);
#6948=ORIENTED_EDGE('',*,*,#6947,.F.);
#6950=ORIENTED_EDGE('',*,*,#6949,.F.);
#6952=ORIENTED_EDGE('',*,*,#6951,.F.);
#6954=ORIENTED_EDGE('',*,*,#6953,.F.);
#6956=ORIENTED_EDGE('',*,*,#6955,.F.);
#6958=ORIENTED_EDGE('',*,*,#6957,.F.);
#6960=ORIENTED_EDGE('',*,*,#6959,.F.);
#6962=ORIENTED_EDGE('',*,*,#6961,.F.);
#6964=ORIENTED_EDGE('',*,*,#6963,.F.);
#6966=ORIENTED_EDGE('',*,*,#6965,.F.);
#6968=ORIENTED_EDGE('',*,*,#6967,.F.);
#6970=ORIENTED_EDGE('',*,*,#6969,.F.);
#6972=ORIENTED_EDGE('',*,*,#6971,.F.);
#6973=EDGE_LOOP('',(#6895,#6897,#6899,#6901,#6903,#6905,#6907,#6909,#6911,#6913,
#6915,#6917,#6919,#6921,#6923,#6925,#6927,#6929,#6931,#6932,#6934,#6936,#6938,
#6940,#6942,#6944,#6946,#6948,#6950,#6952,#6954,#6956,#6958,#6960,#6962,#6964,
#6966,#6968,#6970,#6972));
#6974=FACE_OUTER_BOUND('',#6973,.F.);
#6975=ADVANCED_FACE('',(#6974),#6893,.T.);
#6976=FILL_AREA_STYLE_COLOUR('',#26);
#6977=FILL_AREA_STYLE('',(#6976));
#6978=SURFACE_STYLE_FILL_AREA(#6977);
#6979=SURFACE_SIDE_STYLE('',(#6978));
#6980=SURFACE_STYLE_USAGE(.POSITIVE.,#6979);
#6981=PRESENTATION_STYLE_ASSIGNMENT((#6980));
#6982=STYLED_ITEM('',(#6981),#6975);
#6983=CARTESIAN_POINT('',(0.E0,0.E0,-1.E-2));
#6984=DIRECTION('',(0.E0,0.E0,-1.E0));
#6985=DIRECTION('',(1.E0,0.E0,0.E0));
#6986=AXIS2_PLACEMENT_3D('',#6983,#6984,#6985);
#6987=PLANE('',#6986);
#6989=ORIENTED_EDGE('',*,*,#6988,.F.);
#6991=ORIENTED_EDGE('',*,*,#6990,.F.);
#6993=ORIENTED_EDGE('',*,*,#6992,.F.);
#6995=ORIENTED_EDGE('',*,*,#6994,.F.);
#6997=ORIENTED_EDGE('',*,*,#6996,.F.);
#6999=ORIENTED_EDGE('',*,*,#6998,.F.);
#7001=ORIENTED_EDGE('',*,*,#7000,.F.);
#7003=ORIENTED_EDGE('',*,*,#7002,.F.);
#7005=ORIENTED_EDGE('',*,*,#7004,.F.);
#7007=ORIENTED_EDGE('',*,*,#7006,.F.);
#7009=ORIENTED_EDGE('',*,*,#7008,.F.);
#7011=ORIENTED_EDGE('',*,*,#7010,.F.);
#7012=EDGE_LOOP('',(#6989,#6991,#6993,#6995,#6997,#6999,#7001,#7003,#7005,#7007,
#7009,#7011));
#7013=FACE_OUTER_BOUND('',#7012,.F.);
#7014=ADVANCED_FACE('',(#7013),#6987,.T.);
#7015=FILL_AREA_STYLE_COLOUR('',#26);
#7016=FILL_AREA_STYLE('',(#7015));
#7017=SURFACE_STYLE_FILL_AREA(#7016);
#7018=SURFACE_SIDE_STYLE('',(#7017));
#7019=SURFACE_STYLE_USAGE(.POSITIVE.,#7018);
#7020=PRESENTATION_STYLE_ASSIGNMENT((#7019));
#7021=STYLED_ITEM('',(#7020),#7014);
#7022=CARTESIAN_POINT('',(0.E0,0.E0,-1.E-2));
#7023=DIRECTION('',(0.E0,0.E0,-1.E0));
#7024=DIRECTION('',(1.E0,0.E0,0.E0));
#7025=AXIS2_PLACEMENT_3D('',#7022,#7023,#7024);
#7026=PLANE('',#7025);
#7028=ORIENTED_EDGE('',*,*,#7027,.F.);
#7030=ORIENTED_EDGE('',*,*,#7029,.F.);
#7032=ORIENTED_EDGE('',*,*,#7031,.F.);
#7034=ORIENTED_EDGE('',*,*,#7033,.F.);
#7036=ORIENTED_EDGE('',*,*,#7035,.F.);
#7038=ORIENTED_EDGE('',*,*,#7037,.F.);
#7040=ORIENTED_EDGE('',*,*,#7039,.F.);
#7042=ORIENTED_EDGE('',*,*,#7041,.F.);
#7044=ORIENTED_EDGE('',*,*,#7043,.F.);
#7046=ORIENTED_EDGE('',*,*,#7045,.F.);
#7048=ORIENTED_EDGE('',*,*,#7047,.F.);
#7050=ORIENTED_EDGE('',*,*,#7049,.F.);
#7052=ORIENTED_EDGE('',*,*,#7051,.F.);
#7054=ORIENTED_EDGE('',*,*,#7053,.F.);
#7055=EDGE_LOOP('',(#7028,#7030,#7032,#7034,#7036,#7038,#7040,#7042,#7044,#7046,
#7048,#7050,#7052,#7054));
#7056=FACE_OUTER_BOUND('',#7055,.F.);
#7058=ORIENTED_EDGE('',*,*,#7057,.F.);
#7060=ORIENTED_EDGE('',*,*,#7059,.F.);
#7062=ORIENTED_EDGE('',*,*,#7061,.F.);
#7064=ORIENTED_EDGE('',*,*,#7063,.F.);
#7066=ORIENTED_EDGE('',*,*,#7065,.F.);
#7068=ORIENTED_EDGE('',*,*,#7067,.F.);
#7070=ORIENTED_EDGE('',*,*,#7069,.F.);
#7072=ORIENTED_EDGE('',*,*,#7071,.F.);
#7074=ORIENTED_EDGE('',*,*,#7073,.F.);
#7076=ORIENTED_EDGE('',*,*,#7075,.F.);
#7078=ORIENTED_EDGE('',*,*,#7077,.F.);
#7080=ORIENTED_EDGE('',*,*,#7079,.F.);
#7081=EDGE_LOOP('',(#7058,#7060,#7062,#7064,#7066,#7068,#7070,#7072,#7074,#7076,
#7078,#7080));
#7082=FACE_BOUND('',#7081,.F.);
#7083=ADVANCED_FACE('',(#7056,#7082),#7026,.T.);
#7084=FILL_AREA_STYLE_COLOUR('',#26);
#7085=FILL_AREA_STYLE('',(#7084));
#7086=SURFACE_STYLE_FILL_AREA(#7085);
#7087=SURFACE_SIDE_STYLE('',(#7086));
#7088=SURFACE_STYLE_USAGE(.POSITIVE.,#7087);
#7089=PRESENTATION_STYLE_ASSIGNMENT((#7088));
#7090=STYLED_ITEM('',(#7089),#7083);
#7091=CARTESIAN_POINT('',(0.E0,0.E0,-1.E-2));
#7092=DIRECTION('',(0.E0,0.E0,-1.E0));
#7093=DIRECTION('',(1.E0,0.E0,0.E0));
#7094=AXIS2_PLACEMENT_3D('',#7091,#7092,#7093);
#7095=PLANE('',#7094);
#7097=ORIENTED_EDGE('',*,*,#7096,.F.);
#7099=ORIENTED_EDGE('',*,*,#7098,.F.);
#7101=ORIENTED_EDGE('',*,*,#7100,.F.);
#7103=ORIENTED_EDGE('',*,*,#7102,.F.);
#7105=ORIENTED_EDGE('',*,*,#7104,.F.);
#7107=ORIENTED_EDGE('',*,*,#7106,.F.);
#7109=ORIENTED_EDGE('',*,*,#7108,.F.);
#7111=ORIENTED_EDGE('',*,*,#7110,.F.);
#7112=EDGE_LOOP('',(#7097,#7099,#7101,#7103,#7105,#7107,#7109,#7111));
#7113=FACE_OUTER_BOUND('',#7112,.F.);
#7115=ORIENTED_EDGE('',*,*,#7114,.F.);
#7117=ORIENTED_EDGE('',*,*,#7116,.F.);
#7119=ORIENTED_EDGE('',*,*,#7118,.F.);
#7120=EDGE_LOOP('',(#7115,#7117,#7119));
#7121=FACE_BOUND('',#7120,.F.);
#7122=ADVANCED_FACE('',(#7113,#7121),#7095,.T.);
#7123=FILL_AREA_STYLE_COLOUR('',#26);
#7124=FILL_AREA_STYLE('',(#7123));
#7125=SURFACE_STYLE_FILL_AREA(#7124);
#7126=SURFACE_SIDE_STYLE('',(#7125));
#7127=SURFACE_STYLE_USAGE(.POSITIVE.,#7126);
#7128=PRESENTATION_STYLE_ASSIGNMENT((#7127));
#7129=STYLED_ITEM('',(#7128),#7122);
#7130=CARTESIAN_POINT('',(-3.279687798381E-1,2.015808515400E-1,0.E0));
#7131=DIRECTION('',(0.E0,-1.E0,0.E0));
#7132=DIRECTION('',(-1.E0,0.E0,0.E0));
#7133=AXIS2_PLACEMENT_3D('',#7130,#7131,#7132);
#7134=PLANE('',#7133);
#7135=ORIENTED_EDGE('',*,*,#3648,.F.);
#7137=ORIENTED_EDGE('',*,*,#7136,.T.);
#7138=ORIENTED_EDGE('',*,*,#6894,.T.);
#7140=ORIENTED_EDGE('',*,*,#7139,.F.);
#7141=EDGE_LOOP('',(#7135,#7137,#7138,#7140));
#7142=FACE_OUTER_BOUND('',#7141,.F.);
#7143=ADVANCED_FACE('',(#7142),#7134,.T.);
#7144=FILL_AREA_STYLE_COLOUR('',#26);
#7145=FILL_AREA_STYLE('',(#7144));
#7146=SURFACE_STYLE_FILL_AREA(#7145);
#7147=SURFACE_SIDE_STYLE('',(#7146));
#7148=SURFACE_STYLE_USAGE(.POSITIVE.,#7147);
#7149=PRESENTATION_STYLE_ASSIGNMENT((#7148));
#7150=STYLED_ITEM('',(#7149),#7143);
#7151=CARTESIAN_POINT('',(-3.436124701619E-1,2.814638319299E-1,0.E0));
#7152=DIRECTION('',(9.813592778365E-1,1.921821214477E-1,0.E0));
#7153=DIRECTION('',(1.921821214477E-1,-9.813592778365E-1,0.E0));
#7154=AXIS2_PLACEMENT_3D('',#7151,#7152,#7153);
#7155=PLANE('',#7154);
#7156=ORIENTED_EDGE('',*,*,#3725,.F.);
#7158=ORIENTED_EDGE('',*,*,#7157,.T.);
#7159=ORIENTED_EDGE('',*,*,#6896,.T.);
#7160=ORIENTED_EDGE('',*,*,#7136,.F.);
#7161=EDGE_LOOP('',(#7156,#7158,#7159,#7160));
#7162=FACE_OUTER_BOUND('',#7161,.F.);
#7163=ADVANCED_FACE('',(#7162),#7155,.T.);
#7164=FILL_AREA_STYLE_COLOUR('',#26);
#7165=FILL_AREA_STYLE('',(#7164));
#7166=SURFACE_STYLE_FILL_AREA(#7165);
#7167=SURFACE_SIDE_STYLE('',(#7166));
#7168=SURFACE_STYLE_USAGE(.POSITIVE.,#7167);
#7169=PRESENTATION_STYLE_ASSIGNMENT((#7168));
#7170=STYLED_ITEM('',(#7169),#7163);
#7171=CARTESIAN_POINT('',(-4.061875E-1,3.453702128850E-1,0.E0));
#7172=DIRECTION('',(7.145102486526E-1,6.996249742329E-1,0.E0));
#7173=DIRECTION('',(6.996249742329E-1,-7.145102486526E-1,0.E0));
#7174=AXIS2_PLACEMENT_3D('',#7171,#7172,#7173);
#7175=PLANE('',#7174);
#7176=ORIENTED_EDGE('',*,*,#3723,.F.);
#7178=ORIENTED_EDGE('',*,*,#7177,.T.);
#7179=ORIENTED_EDGE('',*,*,#6898,.T.);
#7180=ORIENTED_EDGE('',*,*,#7157,.F.);
#7181=EDGE_LOOP('',(#7176,#7178,#7179,#7180));
#7182=FACE_OUTER_BOUND('',#7181,.F.);
#7183=ADVANCED_FACE('',(#7182),#7175,.T.);
#7184=FILL_AREA_STYLE_COLOUR('',#26);
#7185=FILL_AREA_STYLE('',(#7184));
#7186=SURFACE_STYLE_FILL_AREA(#7185);
#7187=SURFACE_SIDE_STYLE('',(#7186));
#7188=SURFACE_STYLE_USAGE(.POSITIVE.,#7187);
#7189=PRESENTATION_STYLE_ASSIGNMENT((#7188));
#7190=STYLED_ITEM('',(#7189),#7183);
#7191=CARTESIAN_POINT('',(-4.687625298381E-1,3.773234047612E-1,0.E0));
#7192=DIRECTION('',(4.547769889117E-1,8.906053505096E-1,0.E0));
#7193=DIRECTION('',(8.906053505096E-1,-4.547769889117E-1,0.E0));
#7194=AXIS2_PLACEMENT_3D('',#7191,#7192,#7193);
#7195=PLANE('',#7194);
#7196=ORIENTED_EDGE('',*,*,#3721,.F.);
#7198=ORIENTED_EDGE('',*,*,#7197,.T.);
#7199=ORIENTED_EDGE('',*,*,#6900,.T.);
#7200=ORIENTED_EDGE('',*,*,#7177,.F.);
#7201=EDGE_LOOP('',(#7196,#7198,#7199,#7200));
#7202=FACE_OUTER_BOUND('',#7201,.F.);
#7203=ADVANCED_FACE('',(#7202),#7195,.T.);
#7204=FILL_AREA_STYLE_COLOUR('',#26);
#7205=FILL_AREA_STYLE('',(#7204));
#7206=SURFACE_STYLE_FILL_AREA(#7205);
#7207=SURFACE_SIDE_STYLE('',(#7206));
#7208=SURFACE_STYLE_USAGE(.POSITIVE.,#7207);
#7209=PRESENTATION_STYLE_ASSIGNMENT((#7208));
#7210=STYLED_ITEM('',(#7209),#7203);
#7211=CARTESIAN_POINT('',(-5.4698125E-1,3.933E-1,0.E0));
#7212=DIRECTION('',(2.001234451615E-1,9.797706908745E-1,0.E0));
#7213=DIRECTION('',(9.797706908745E-1,-2.001234451615E-1,0.E0));
#7214=AXIS2_PLACEMENT_3D('',#7211,#7212,#7213);
#7215=PLANE('',#7214);
#7216=ORIENTED_EDGE('',*,*,#3719,.F.);
#7218=ORIENTED_EDGE('',*,*,#7217,.T.);
#7219=ORIENTED_EDGE('',*,*,#6902,.T.);
#7220=ORIENTED_EDGE('',*,*,#7197,.F.);
#7221=EDGE_LOOP('',(#7216,#7218,#7219,#7220));
#7222=FACE_OUTER_BOUND('',#7221,.F.);
#7223=ADVANCED_FACE('',(#7222),#7215,.T.);
#7224=FILL_AREA_STYLE_COLOUR('',#26);
#7225=FILL_AREA_STYLE('',(#7224));
#7226=SURFACE_STYLE_FILL_AREA(#7225);
#7227=SURFACE_SIDE_STYLE('',(#7226));
#7228=SURFACE_STYLE_USAGE(.POSITIVE.,#7227);
#7229=PRESENTATION_STYLE_ASSIGNMENT((#7228));
#7230=STYLED_ITEM('',(#7229),#7223);
#7231=CARTESIAN_POINT('',(-6.87775E-1,3.933E-1,0.E0));
#7232=DIRECTION('',(0.E0,1.E0,0.E0));
#7233=DIRECTION('',(1.E0,0.E0,0.E0));
#7234=AXIS2_PLACEMENT_3D('',#7231,#7232,#7233);
#7235=PLANE('',#7234);
#7236=ORIENTED_EDGE('',*,*,#3717,.F.);
#7238=ORIENTED_EDGE('',*,*,#7237,.T.);
#7239=ORIENTED_EDGE('',*,*,#6904,.T.);
#7240=ORIENTED_EDGE('',*,*,#7217,.F.);
#7241=EDGE_LOOP('',(#7236,#7238,#7239,#7240));
#7242=FACE_OUTER_BOUND('',#7241,.F.);
#7243=ADVANCED_FACE('',(#7242),#7235,.T.);
#7244=FILL_AREA_STYLE_COLOUR('',#26);
#7245=FILL_AREA_STYLE('',(#7244));
#7246=SURFACE_STYLE_FILL_AREA(#7245);
#7247=SURFACE_SIDE_STYLE('',(#7246));
#7248=SURFACE_STYLE_USAGE(.POSITIVE.,#7247);
#7249=PRESENTATION_STYLE_ASSIGNMENT((#7248));
#7250=STYLED_ITEM('',(#7249),#7243);
#7251=CARTESIAN_POINT('',(-7.659937201619E-1,3.773234047612E-1,0.E0));
#7252=DIRECTION('',(-2.001234451615E-1,9.797706908745E-1,0.E0));
#7253=DIRECTION('',(9.797706908745E-1,2.001234451615E-1,0.E0));
#7254=AXIS2_PLACEMENT_3D('',#7251,#7252,#7253);
#7255=PLANE('',#7254);
#7256=ORIENTED_EDGE('',*,*,#3715,.F.);
#7258=ORIENTED_EDGE('',*,*,#7257,.T.);
#7259=ORIENTED_EDGE('',*,*,#6906,.T.);
#7260=ORIENTED_EDGE('',*,*,#7237,.F.);
#7261=EDGE_LOOP('',(#7256,#7258,#7259,#7260));
#7262=FACE_OUTER_BOUND('',#7261,.F.);
#7263=ADVANCED_FACE('',(#7262),#7255,.T.);
#7264=FILL_AREA_STYLE_COLOUR('',#26);
#7265=FILL_AREA_STYLE('',(#7264));
#7266=SURFACE_STYLE_FILL_AREA(#7265);
#7267=SURFACE_SIDE_STYLE('',(#7266));
#7268=SURFACE_STYLE_USAGE(.POSITIVE.,#7267);
#7269=PRESENTATION_STYLE_ASSIGNMENT((#7268));
#7270=STYLED_ITEM('',(#7269),#7263);
#7271=CARTESIAN_POINT('',(-8.2856875E-1,3.453702128850E-1,0.E0));
#7272=DIRECTION('',(-4.547769889117E-1,8.906053505096E-1,0.E0));
#7273=DIRECTION('',(8.906053505096E-1,4.547769889117E-1,0.E0));
#7274=AXIS2_PLACEMENT_3D('',#7271,#7272,#7273);
#7275=PLANE('',#7274);
#7276=ORIENTED_EDGE('',*,*,#3713,.F.);
#7278=ORIENTED_EDGE('',*,*,#7277,.T.);
#7279=ORIENTED_EDGE('',*,*,#6908,.T.);
#7280=ORIENTED_EDGE('',*,*,#7257,.F.);
#7281=EDGE_LOOP('',(#7276,#7278,#7279,#7280));
#7282=FACE_OUTER_BOUND('',#7281,.F.);
#7283=ADVANCED_FACE('',(#7282),#7275,.T.);
#7284=FILL_AREA_STYLE_COLOUR('',#26);
#7285=FILL_AREA_STYLE('',(#7284));
#7286=SURFACE_STYLE_FILL_AREA(#7285);
#7287=SURFACE_SIDE_STYLE('',(#7286));
#7288=SURFACE_STYLE_USAGE(.POSITIVE.,#7287);
#7289=PRESENTATION_STYLE_ASSIGNMENT((#7288));
#7290=STYLED_ITEM('',(#7289),#7283);
#7291=CARTESIAN_POINT('',(-8.911437350810E-1,2.814638319299E-1,0.E0));
#7292=DIRECTION('',(-7.145104988025E-1,6.996247187608E-1,0.E0));
#7293=DIRECTION('',(6.996247187608E-1,7.145104988025E-1,0.E0));
#7294=AXIS2_PLACEMENT_3D('',#7291,#7292,#7293);
#7295=PLANE('',#7294);
#7296=ORIENTED_EDGE('',*,*,#3711,.F.);
#7298=ORIENTED_EDGE('',*,*,#7297,.T.);
#7299=ORIENTED_EDGE('',*,*,#6910,.T.);
#7300=ORIENTED_EDGE('',*,*,#7277,.F.);
#7301=EDGE_LOOP('',(#7296,#7298,#7299,#7300));
#7302=FACE_OUTER_BOUND('',#7301,.F.);
#7303=ADVANCED_FACE('',(#7302),#7295,.T.);
#7304=FILL_AREA_STYLE_COLOUR('',#26);
#7305=FILL_AREA_STYLE('',(#7304));
#7306=SURFACE_STYLE_FILL_AREA(#7305);
#7307=SURFACE_SIDE_STYLE('',(#7306));
#7308=SURFACE_STYLE_USAGE(.POSITIVE.,#7307);
#7309=PRESENTATION_STYLE_ASSIGNMENT((#7308));
#7310=STYLED_ITEM('',(#7309),#7303);
#7311=CARTESIAN_POINT('',(-9.2243125E-1,2.175574453801E-1,0.E0));
#7312=DIRECTION('',(-8.981380447713E-1,4.397136028534E-1,0.E0));
#7313=DIRECTION('',(4.397136028534E-1,8.981380447713E-1,0.E0));
#7314=AXIS2_PLACEMENT_3D('',#7311,#7312,#7313);
#7315=PLANE('',#7314);
#7316=ORIENTED_EDGE('',*,*,#3709,.F.);
#7318=ORIENTED_EDGE('',*,*,#7317,.T.);
#7319=ORIENTED_EDGE('',*,*,#6912,.T.);
#7320=ORIENTED_EDGE('',*,*,#7297,.F.);
#7321=EDGE_LOOP('',(#7316,#7318,#7319,#7320));
#7322=FACE_OUTER_BOUND('',#7321,.F.);
#7323=ADVANCED_FACE('',(#7322),#7315,.T.);
#7324=FILL_AREA_STYLE_COLOUR('',#26);
#7325=FILL_AREA_STYLE('',(#7324));
#7326=SURFACE_STYLE_FILL_AREA(#7325);
#7327=SURFACE_SIDE_STYLE('',(#7326));
#7328=SURFACE_STYLE_USAGE(.POSITIVE.,#7327);
#7329=PRESENTATION_STYLE_ASSIGNMENT((#7328));
#7330=STYLED_ITEM('',(#7329),#7323);
#7331=CARTESIAN_POINT('',(-9.380749850810E-1,1.376744761795E-1,0.E0));
#7332=DIRECTION('',(-9.813591690599E-1,1.921826769043E-1,0.E0));
#7333=DIRECTION('',(1.921826769043E-1,9.813591690599E-1,0.E0));
#7334=AXIS2_PLACEMENT_3D('',#7331,#7332,#7333);
#7335=PLANE('',#7334);
#7336=ORIENTED_EDGE('',*,*,#3707,.F.);
#7338=ORIENTED_EDGE('',*,*,#7337,.T.);
#7339=ORIENTED_EDGE('',*,*,#6914,.T.);
#7340=ORIENTED_EDGE('',*,*,#7317,.F.);
#7341=EDGE_LOOP('',(#7336,#7338,#7339,#7340));
#7342=FACE_OUTER_BOUND('',#7341,.F.);
#7343=ADVANCED_FACE('',(#7342),#7335,.T.);
#7344=FILL_AREA_STYLE_COLOUR('',#26);
#7345=FILL_AREA_STYLE('',(#7344));
#7346=SURFACE_STYLE_FILL_AREA(#7345);
#7347=SURFACE_SIDE_STYLE('',(#7346));
#7348=SURFACE_STYLE_USAGE(.POSITIVE.,#7347);
#7349=PRESENTATION_STYLE_ASSIGNMENT((#7348));
#7350=STYLED_ITEM('',(#7349),#7343);
#7351=CARTESIAN_POINT('',(-9.380749850810E-1,-1.019744538009E-1,0.E0));
#7352=DIRECTION('',(-1.E0,0.E0,0.E0));
#7353=DIRECTION('',(0.E0,1.E0,0.E0));
#7354=AXIS2_PLACEMENT_3D('',#7351,#7352,#7353);
#7355=PLANE('',#7354);
#7356=ORIENTED_EDGE('',*,*,#3705,.F.);
#7358=ORIENTED_EDGE('',*,*,#7357,.T.);
#7359=ORIENTED_EDGE('',*,*,#6916,.T.);
#7360=ORIENTED_EDGE('',*,*,#7337,.F.);
#7361=EDGE_LOOP('',(#7356,#7358,#7359,#7360));
#7362=FACE_OUTER_BOUND('',#7361,.F.);
#7363=ADVANCED_FACE('',(#7362),#7355,.T.);
#7364=FILL_AREA_STYLE_COLOUR('',#26);
#7365=FILL_AREA_STYLE('',(#7364));
#7366=SURFACE_STYLE_FILL_AREA(#7365);
#7367=SURFACE_SIDE_STYLE('',(#7366));
#7368=SURFACE_STYLE_USAGE(.POSITIVE.,#7367);
#7369=PRESENTATION_STYLE_ASSIGNMENT((#7368));
#7370=STYLED_ITEM('',(#7369),#7363);
#7371=CARTESIAN_POINT('',(-9.2243125E-1,-1.818574677587E-1,0.E0));
#7372=DIRECTION('',(-9.813591893677E-1,-1.921825732045E-1,0.E0));
#7373=DIRECTION('',(-1.921825732045E-1,9.813591893677E-1,0.E0));
#7374=AXIS2_PLACEMENT_3D('',#7371,#7372,#7373);
#7375=PLANE('',#7374);
#7376=ORIENTED_EDGE('',*,*,#3703,.F.);
#7378=ORIENTED_EDGE('',*,*,#7377,.T.);
#7379=ORIENTED_EDGE('',*,*,#6918,.T.);
#7380=ORIENTED_EDGE('',*,*,#7357,.F.);
#7381=EDGE_LOOP('',(#7376,#7378,#7379,#7380));
#7382=FACE_OUTER_BOUND('',#7381,.F.);
#7383=ADVANCED_FACE('',(#7382),#7375,.T.);
#7384=FILL_AREA_STYLE_COLOUR('',#26);
#7385=FILL_AREA_STYLE('',(#7384));
#7386=SURFACE_STYLE_FILL_AREA(#7385);
#7387=SURFACE_SIDE_STYLE('',(#7386));
#7388=SURFACE_STYLE_USAGE(.POSITIVE.,#7387);
#7389=PRESENTATION_STYLE_ASSIGNMENT((#7388));
#7390=STYLED_ITEM('',(#7389),#7383);
#7391=CARTESIAN_POINT('',(-8.911437350810E-1,-2.457638431191E-1,0.E0));
#7392=DIRECTION('',(-8.981380143666E-1,-4.397136649566E-1,0.E0));
#7393=DIRECTION('',(-4.397136649566E-1,8.981380143666E-1,0.E0));
#7394=AXIS2_PLACEMENT_3D('',#7391,#7392,#7393);
#7395=PLANE('',#7394);
#7396=ORIENTED_EDGE('',*,*,#3701,.F.);
#7398=ORIENTED_EDGE('',*,*,#7397,.T.);
#7399=ORIENTED_EDGE('',*,*,#6920,.T.);
#7400=ORIENTED_EDGE('',*,*,#7377,.F.);
#7401=EDGE_LOOP('',(#7396,#7398,#7399,#7400));
#7402=FACE_OUTER_BOUND('',#7401,.F.);
#7403=ADVANCED_FACE('',(#7402),#7395,.T.);
#7404=FILL_AREA_STYLE_COLOUR('',#26);
#7405=FILL_AREA_STYLE('',(#7404));
#7406=SURFACE_STYLE_FILL_AREA(#7405);
#7407=SURFACE_SIDE_STYLE('',(#7406));
#7408=SURFACE_STYLE_USAGE(.POSITIVE.,#7407);
#7409=PRESENTATION_STYLE_ASSIGNMENT((#7408));
#7410=STYLED_ITEM('',(#7409),#7403);
#7411=CARTESIAN_POINT('',(-8.2856875E-1,-3.096702184796E-1,0.E0));
#7412=DIRECTION('',(-7.145104681851E-1,-6.996247500295E-1,0.E0));
#7413=DIRECTION('',(-6.996247500295E-1,7.145104681851E-1,0.E0));
#7414=AXIS2_PLACEMENT_3D('',#7411,#7412,#7413);
#7415=PLANE('',#7414);
#7416=ORIENTED_EDGE('',*,*,#3699,.F.);
#7418=ORIENTED_EDGE('',*,*,#7417,.T.);
#7419=ORIENTED_EDGE('',*,*,#6922,.T.);
#7420=ORIENTED_EDGE('',*,*,#7397,.F.);
#7421=EDGE_LOOP('',(#7416,#7418,#7419,#7420));
#7422=FACE_OUTER_BOUND('',#7421,.F.);
#7423=ADVANCED_FACE('',(#7422),#7415,.T.);
#7424=FILL_AREA_STYLE_COLOUR('',#26);
#7425=FILL_AREA_STYLE('',(#7424));
#7426=SURFACE_STYLE_FILL_AREA(#7425);
#7427=SURFACE_SIDE_STYLE('',(#7426));
#7428=SURFACE_STYLE_USAGE(.POSITIVE.,#7427);
#7429=PRESENTATION_STYLE_ASSIGNMENT((#7428));
#7430=STYLED_ITEM('',(#7429),#7423);
#7431=CARTESIAN_POINT('',(-7.659937201619E-1,-3.416234061599E-1,0.E0));
#7432=DIRECTION('',(-4.547769415434E-1,-8.906053746977E-1,0.E0));
#7433=DIRECTION('',(-8.906053746977E-1,4.547769415434E-1,0.E0));
#7434=AXIS2_PLACEMENT_3D('',#7431,#7432,#7433);
#7435=PLANE('',#7434);
#7436=ORIENTED_EDGE('',*,*,#3697,.F.);
#7438=ORIENTED_EDGE('',*,*,#7437,.T.);
#7439=ORIENTED_EDGE('',*,*,#6924,.T.);
#7440=ORIENTED_EDGE('',*,*,#7417,.F.);
#7441=EDGE_LOOP('',(#7436,#7438,#7439,#7440));
#7442=FACE_OUTER_BOUND('',#7441,.F.);
#7443=ADVANCED_FACE('',(#7442),#7435,.T.);
#7444=FILL_AREA_STYLE_COLOUR('',#26);
#7445=FILL_AREA_STYLE('',(#7444));
#7446=SURFACE_STYLE_FILL_AREA(#7445);
#7447=SURFACE_SIDE_STYLE('',(#7446));
#7448=SURFACE_STYLE_USAGE(.POSITIVE.,#7447);
#7449=PRESENTATION_STYLE_ASSIGNMENT((#7448));
#7450=STYLED_ITEM('',(#7449),#7443);
#7451=CARTESIAN_POINT('',(-6.87775E-1,-3.576E-1,0.E0));
#7452=DIRECTION('',(-2.001234283435E-1,-9.797706943097E-1,0.E0));
#7453=DIRECTION('',(-9.797706943097E-1,2.001234283435E-1,0.E0));
#7454=AXIS2_PLACEMENT_3D('',#7451,#7452,#7453);
#7455=PLANE('',#7454);
#7456=ORIENTED_EDGE('',*,*,#3695,.F.);
#7458=ORIENTED_EDGE('',*,*,#7457,.T.);
#7459=ORIENTED_EDGE('',*,*,#6926,.T.);
#7460=ORIENTED_EDGE('',*,*,#7437,.F.);
#7461=EDGE_LOOP('',(#7456,#7458,#7459,#7460));
#7462=FACE_OUTER_BOUND('',#7461,.F.);
#7463=ADVANCED_FACE('',(#7462),#7455,.T.);
#7464=FILL_AREA_STYLE_COLOUR('',#26);
#7465=FILL_AREA_STYLE('',(#7464));
#7466=SURFACE_STYLE_FILL_AREA(#7465);
#7467=SURFACE_SIDE_STYLE('',(#7466));
#7468=SURFACE_STYLE_USAGE(.POSITIVE.,#7467);
#7469=PRESENTATION_STYLE_ASSIGNMENT((#7468));
#7470=STYLED_ITEM('',(#7469),#7463);
#7471=CARTESIAN_POINT('',(-5.4698125E-1,-3.576E-1,0.E0));
#7472=DIRECTION('',(0.E0,-1.E0,0.E0));
#7473=DIRECTION('',(-1.E0,0.E0,0.E0));
#7474=AXIS2_PLACEMENT_3D('',#7471,#7472,#7473);
#7475=PLANE('',#7474);
#7476=ORIENTED_EDGE('',*,*,#3693,.F.);
#7478=ORIENTED_EDGE('',*,*,#7477,.T.);
#7479=ORIENTED_EDGE('',*,*,#6928,.T.);
#7480=ORIENTED_EDGE('',*,*,#7457,.F.);
#7481=EDGE_LOOP('',(#7476,#7478,#7479,#7480));
#7482=FACE_OUTER_BOUND('',#7481,.F.);
#7483=ADVANCED_FACE('',(#7482),#7475,.T.);
#7484=FILL_AREA_STYLE_COLOUR('',#26);
#7485=FILL_AREA_STYLE('',(#7484));
#7486=SURFACE_STYLE_FILL_AREA(#7485);
#7487=SURFACE_SIDE_STYLE('',(#7486));
#7488=SURFACE_STYLE_USAGE(.POSITIVE.,#7487);
#7489=PRESENTATION_STYLE_ASSIGNMENT((#7488));
#7490=STYLED_ITEM('',(#7489),#7483);
#7491=CARTESIAN_POINT('',(-4.687625298381E-1,-3.416234061599E-1,0.E0));
#7492=DIRECTION('',(2.001234283435E-1,-9.797706943097E-1,0.E0));
#7493=DIRECTION('',(-9.797706943097E-1,-2.001234283435E-1,0.E0));
#7494=AXIS2_PLACEMENT_3D('',#7491,#7492,#7493);
#7495=PLANE('',#7494);
#7496=ORIENTED_EDGE('',*,*,#3691,.F.);
#7497=ORIENTED_EDGE('',*,*,#3459,.T.);
#7498=ORIENTED_EDGE('',*,*,#6930,.T.);
#7499=ORIENTED_EDGE('',*,*,#7477,.F.);
#7500=EDGE_LOOP('',(#7496,#7497,#7498,#7499));
#7501=FACE_OUTER_BOUND('',#7500,.F.);
#7502=ADVANCED_FACE('',(#7501),#7495,.T.);
#7503=FILL_AREA_STYLE_COLOUR('',#26);
#7504=FILL_AREA_STYLE('',(#7503));
#7505=SURFACE_STYLE_FILL_AREA(#7504);
#7506=SURFACE_SIDE_STYLE('',(#7505));
#7507=SURFACE_STYLE_USAGE(.POSITIVE.,#7506);
#7508=PRESENTATION_STYLE_ASSIGNMENT((#7507));
#7509=STYLED_ITEM('',(#7508),#7502);
#7510=CARTESIAN_POINT('',(-4.218312798381E-1,2.015808515400E-1,0.E0));
#7511=DIRECTION('',(-9.506455412394E-1,-3.102789952956E-1,0.E0));
#7512=DIRECTION('',(-3.102789952956E-1,9.506455412394E-1,0.E0));
#7513=AXIS2_PLACEMENT_3D('',#7510,#7511,#7512);
#7514=PLANE('',#7513);
#7515=ORIENTED_EDGE('',*,*,#3650,.F.);
#7516=ORIENTED_EDGE('',*,*,#7139,.T.);
#7517=ORIENTED_EDGE('',*,*,#6971,.T.);
#7519=ORIENTED_EDGE('',*,*,#7518,.F.);
#7520=EDGE_LOOP('',(#7515,#7516,#7517,#7519));
#7521=FACE_OUTER_BOUND('',#7520,.F.);
#7522=ADVANCED_FACE('',(#7521),#7514,.T.);
#7523=FILL_AREA_STYLE_COLOUR('',#26);
#7524=FILL_AREA_STYLE('',(#7523));
#7525=SURFACE_STYLE_FILL_AREA(#7524);
#7526=SURFACE_SIDE_STYLE('',(#7525));
#7527=SURFACE_STYLE_USAGE(.POSITIVE.,#7526);
#7528=PRESENTATION_STYLE_ASSIGNMENT((#7527));
#7529=STYLED_ITEM('',(#7528),#7522);
#7530=CARTESIAN_POINT('',(-4.374749701619E-1,2.495106330603E-1,0.E0));
#7531=DIRECTION('',(-5.627910658975E-1,-8.265991871191E-1,0.E0));
#7532=DIRECTION('',(-8.265991871191E-1,5.627910658975E-1,0.E0));
#7533=AXIS2_PLACEMENT_3D('',#7530,#7531,#7532);
#7534=PLANE('',#7533);
#7535=ORIENTED_EDGE('',*,*,#3652,.F.);
#7536=ORIENTED_EDGE('',*,*,#7518,.T.);
#7537=ORIENTED_EDGE('',*,*,#6969,.T.);
#7539=ORIENTED_EDGE('',*,*,#7538,.F.);
#7540=EDGE_LOOP('',(#7535,#7536,#7537,#7539));
#7541=FACE_OUTER_BOUND('',#7540,.F.);
#7542=ADVANCED_FACE('',(#7541),#7534,.T.);
#7543=FILL_AREA_STYLE_COLOUR('',#26);
#7544=FILL_AREA_STYLE('',(#7543));
#7545=SURFACE_STYLE_FILL_AREA(#7544);
#7546=SURFACE_SIDE_STYLE('',(#7545));
#7547=SURFACE_STYLE_USAGE(.POSITIVE.,#7546);
#7548=PRESENTATION_STYLE_ASSIGNMENT((#7547));
#7549=STYLED_ITEM('',(#7548),#7542);
#7550=CARTESIAN_POINT('',(-4.844062201619E-1,2.814638319299E-1,0.E0));
#7551=DIRECTION('',(-2.473831068378E-1,-9.689177459678E-1,0.E0));
#7552=DIRECTION('',(-9.689177459678E-1,2.473831068378E-1,0.E0));
#7553=AXIS2_PLACEMENT_3D('',#7550,#7551,#7552);
#7554=PLANE('',#7553);
#7555=ORIENTED_EDGE('',*,*,#3654,.F.);
#7556=ORIENTED_EDGE('',*,*,#7538,.T.);
#7557=ORIENTED_EDGE('',*,*,#6967,.T.);
#7559=ORIENTED_EDGE('',*,*,#7558,.F.);
#7560=EDGE_LOOP('',(#7555,#7556,#7557,#7559));
#7561=FACE_OUTER_BOUND('',#7560,.F.);
#7562=ADVANCED_FACE('',(#7561),#7554,.T.);
#7563=FILL_AREA_STYLE_COLOUR('',#26);
#7564=FILL_AREA_STYLE('',(#7563));
#7565=SURFACE_STYLE_FILL_AREA(#7564);
#7566=SURFACE_SIDE_STYLE('',(#7565));
#7567=SURFACE_STYLE_USAGE(.POSITIVE.,#7566);
#7568=PRESENTATION_STYLE_ASSIGNMENT((#7567));
#7569=STYLED_ITEM('',(#7568),#7562);
#7570=CARTESIAN_POINT('',(-5.4698125E-1,2.974404257700E-1,0.E0));
#7571=DIRECTION('',(0.E0,-1.E0,0.E0));
#7572=DIRECTION('',(-1.E0,0.E0,0.E0));
#7573=AXIS2_PLACEMENT_3D('',#7570,#7571,#7572);
#7574=PLANE('',#7573);
#7575=ORIENTED_EDGE('',*,*,#3656,.F.);
#7576=ORIENTED_EDGE('',*,*,#7558,.T.);
#7577=ORIENTED_EDGE('',*,*,#6965,.T.);
#7579=ORIENTED_EDGE('',*,*,#7578,.F.);
#7580=EDGE_LOOP('',(#7575,#7576,#7577,#7579));
#7581=FACE_OUTER_BOUND('',#7580,.F.);
#7582=ADVANCED_FACE('',(#7581),#7574,.T.);
#7583=FILL_AREA_STYLE_COLOUR('',#26);
#7584=FILL_AREA_STYLE('',(#7583));
#7585=SURFACE_STYLE_FILL_AREA(#7584);
#7586=SURFACE_SIDE_STYLE('',(#7585));
#7587=SURFACE_STYLE_USAGE(.POSITIVE.,#7586);
#7588=PRESENTATION_STYLE_ASSIGNMENT((#7587));
#7589=STYLED_ITEM('',(#7588),#7582);
#7590=CARTESIAN_POINT('',(-6.87775E-1,2.974404257700E-1,0.E0));
#7591=DIRECTION('',(2.473831068378E-1,-9.689177459678E-1,0.E0));
#7592=DIRECTION('',(-9.689177459678E-1,-2.473831068378E-1,0.E0));
#7593=AXIS2_PLACEMENT_3D('',#7590,#7591,#7592);
#7594=PLANE('',#7593);
#7595=ORIENTED_EDGE('',*,*,#3658,.F.);
#7596=ORIENTED_EDGE('',*,*,#7578,.T.);
#7597=ORIENTED_EDGE('',*,*,#6963,.T.);
#7599=ORIENTED_EDGE('',*,*,#7598,.F.);
#7600=EDGE_LOOP('',(#7595,#7596,#7597,#7599));
#7601=FACE_OUTER_BOUND('',#7600,.F.);
#7602=ADVANCED_FACE('',(#7601),#7594,.T.);
#7603=FILL_AREA_STYLE_COLOUR('',#26);
#7604=FILL_AREA_STYLE('',(#7603));
#7605=SURFACE_STYLE_FILL_AREA(#7604);
#7606=SURFACE_SIDE_STYLE('',(#7605));
#7607=SURFACE_STYLE_USAGE(.POSITIVE.,#7606);
#7608=PRESENTATION_STYLE_ASSIGNMENT((#7607));
#7609=STYLED_ITEM('',(#7608),#7602);
#7610=CARTESIAN_POINT('',(-7.503500298381E-1,2.814638319299E-1,0.E0));
#7611=DIRECTION('',(5.627910658975E-1,-8.265991871191E-1,0.E0));
#7612=DIRECTION('',(-8.265991871191E-1,-5.627910658975E-1,0.E0));
#7613=AXIS2_PLACEMENT_3D('',#7610,#7611,#7612);
#7614=PLANE('',#7613);
#7615=ORIENTED_EDGE('',*,*,#3660,.F.);
#7616=ORIENTED_EDGE('',*,*,#7598,.T.);
#7617=ORIENTED_EDGE('',*,*,#6961,.T.);
#7619=ORIENTED_EDGE('',*,*,#7618,.F.);
#7620=EDGE_LOOP('',(#7615,#7616,#7617,#7619));
#7621=FACE_OUTER_BOUND('',#7620,.F.);
#7622=ADVANCED_FACE('',(#7621),#7614,.T.);
#7623=FILL_AREA_STYLE_COLOUR('',#26);
#7624=FILL_AREA_STYLE('',(#7623));
#7625=SURFACE_STYLE_FILL_AREA(#7624);
#7626=SURFACE_SIDE_STYLE('',(#7625));
#7627=SURFACE_STYLE_USAGE(.POSITIVE.,#7626);
#7628=PRESENTATION_STYLE_ASSIGNMENT((#7627));
#7629=STYLED_ITEM('',(#7628),#7622);
#7630=CARTESIAN_POINT('',(-7.972812798381E-1,2.495106330603E-1,0.E0));
#7631=DIRECTION('',(8.373793591563E-1,-5.466221810895E-1,0.E0));
#7632=DIRECTION('',(-5.466221810895E-1,-8.373793591563E-1,0.E0));
#7633=AXIS2_PLACEMENT_3D('',#7630,#7631,#7632);
#7634=PLANE('',#7633);
#7635=ORIENTED_EDGE('',*,*,#3662,.F.);
#7636=ORIENTED_EDGE('',*,*,#7618,.T.);
#7637=ORIENTED_EDGE('',*,*,#6959,.T.);
#7639=ORIENTED_EDGE('',*,*,#7638,.F.);
#7640=EDGE_LOOP('',(#7635,#7636,#7637,#7639));
#7641=FACE_OUTER_BOUND('',#7640,.F.);
#7642=ADVANCED_FACE('',(#7641),#7634,.T.);
#7643=FILL_AREA_STYLE_COLOUR('',#26);
#7644=FILL_AREA_STYLE('',(#7643));
#7645=SURFACE_STYLE_FILL_AREA(#7644);
#7646=SURFACE_SIDE_STYLE('',(#7645));
#7647=SURFACE_STYLE_USAGE(.POSITIVE.,#7646);
#7648=PRESENTATION_STYLE_ASSIGNMENT((#7647));
#7649=STYLED_ITEM('',(#7648),#7642);
#7650=CARTESIAN_POINT('',(-8.2856875E-1,2.015808515400E-1,0.E0));
#7651=DIRECTION('',(9.713210491251E-1,-2.377717803411E-1,0.E0));
#7652=DIRECTION('',(-2.377717803411E-1,-9.713210491251E-1,0.E0));
#7653=AXIS2_PLACEMENT_3D('',#7650,#7651,#7652);
#7654=PLANE('',#7653);
#7655=ORIENTED_EDGE('',*,*,#3664,.F.);
#7656=ORIENTED_EDGE('',*,*,#7638,.T.);
#7657=ORIENTED_EDGE('',*,*,#6957,.T.);
#7659=ORIENTED_EDGE('',*,*,#7658,.F.);
#7660=EDGE_LOOP('',(#7655,#7656,#7657,#7659));
#7661=FACE_OUTER_BOUND('',#7660,.F.);
#7662=ADVANCED_FACE('',(#7661),#7654,.T.);
#7663=FILL_AREA_STYLE_COLOUR('',#26);
#7664=FILL_AREA_STYLE('',(#7663));
#7665=SURFACE_STYLE_FILL_AREA(#7664);
#7666=SURFACE_SIDE_STYLE('',(#7665));
#7667=SURFACE_STYLE_USAGE(.POSITIVE.,#7666);
#7668=PRESENTATION_STYLE_ASSIGNMENT((#7667));
#7669=STYLED_ITEM('',(#7668),#7662);
#7670=CARTESIAN_POINT('',(-8.442125298381E-1,1.376744761795E-1,0.E0));
#7671=DIRECTION('',(1.E0,0.E0,0.E0));
#7672=DIRECTION('',(0.E0,-1.E0,0.E0));
#7673=AXIS2_PLACEMENT_3D('',#7670,#7671,#7672);
#7674=PLANE('',#7673);
#7675=ORIENTED_EDGE('',*,*,#3666,.F.);
#7676=ORIENTED_EDGE('',*,*,#7658,.T.);
#7677=ORIENTED_EDGE('',*,*,#6955,.T.);
#7679=ORIENTED_EDGE('',*,*,#7678,.F.);
#7680=EDGE_LOOP('',(#7675,#7676,#7677,#7679));
#7681=FACE_OUTER_BOUND('',#7680,.F.);
#7682=ADVANCED_FACE('',(#7681),#7674,.T.);
#7683=FILL_AREA_STYLE_COLOUR('',#26);
#7684=FILL_AREA_STYLE('',(#7683));
#7685=SURFACE_STYLE_FILL_AREA(#7684);
#7686=SURFACE_SIDE_STYLE('',(#7685));
#7687=SURFACE_STYLE_USAGE(.POSITIVE.,#7686);
#7688=PRESENTATION_STYLE_ASSIGNMENT((#7687));
#7689=STYLED_ITEM('',(#7688),#7682);
#7690=CARTESIAN_POINT('',(-8.442125298381E-1,-1.019744538009E-1,0.E0));
#7691=DIRECTION('',(9.713210491251E-1,2.377717803411E-1,0.E0));
#7692=DIRECTION('',(2.377717803411E-1,-9.713210491251E-1,0.E0));
#7693=AXIS2_PLACEMENT_3D('',#7690,#7691,#7692);
#7694=PLANE('',#7693);
#7695=ORIENTED_EDGE('',*,*,#3668,.F.);
#7696=ORIENTED_EDGE('',*,*,#7678,.T.);
#7697=ORIENTED_EDGE('',*,*,#6953,.T.);
#7699=ORIENTED_EDGE('',*,*,#7698,.F.);
#7700=EDGE_LOOP('',(#7695,#7696,#7697,#7699));
#7701=FACE_OUTER_BOUND('',#7700,.F.);
#7702=ADVANCED_FACE('',(#7701),#7694,.T.);
#7703=FILL_AREA_STYLE_COLOUR('',#26);
#7704=FILL_AREA_STYLE('',(#7703));
#7705=SURFACE_STYLE_FILL_AREA(#7704);
#7706=SURFACE_SIDE_STYLE('',(#7705));
#7707=SURFACE_STYLE_USAGE(.POSITIVE.,#7706);
#7708=PRESENTATION_STYLE_ASSIGNMENT((#7707));
#7709=STYLED_ITEM('',(#7708),#7702);
#7710=CARTESIAN_POINT('',(-8.2856875E-1,-1.658808291614E-1,0.E0));
#7711=DIRECTION('',(8.373795927994E-1,5.466218231676E-1,0.E0));
#7712=DIRECTION('',(5.466218231676E-1,-8.373795927994E-1,0.E0));
#7713=AXIS2_PLACEMENT_3D('',#7710,#7711,#7712);
#7714=PLANE('',#7713);
#7715=ORIENTED_EDGE('',*,*,#3670,.F.);
#7716=ORIENTED_EDGE('',*,*,#7698,.T.);
#7717=ORIENTED_EDGE('',*,*,#6951,.T.);
#7719=ORIENTED_EDGE('',*,*,#7718,.F.);
#7720=EDGE_LOOP('',(#7715,#7716,#7717,#7719));
#7721=FACE_OUTER_BOUND('',#7720,.F.);
#7722=ADVANCED_FACE('',(#7721),#7714,.T.);
#7723=FILL_AREA_STYLE_COLOUR('',#26);
#7724=FILL_AREA_STYLE('',(#7723));
#7725=SURFACE_STYLE_FILL_AREA(#7724);
#7726=SURFACE_SIDE_STYLE('',(#7725));
#7727=SURFACE_STYLE_USAGE(.POSITIVE.,#7726);
#7728=PRESENTATION_STYLE_ASSIGNMENT((#7727));
#7729=STYLED_ITEM('',(#7728),#7722);
#7730=CARTESIAN_POINT('',(-7.972812798381E-1,-2.138106554389E-1,0.E0));
#7731=DIRECTION('',(5.627909312417E-1,8.265992787996E-1,0.E0));
#7732=DIRECTION('',(8.265992787996E-1,-5.627909312417E-1,0.E0));
#7733=AXIS2_PLACEMENT_3D('',#7730,#7731,#7732);
#7734=PLANE('',#7733);
#7735=ORIENTED_EDGE('',*,*,#3672,.F.);
#7736=ORIENTED_EDGE('',*,*,#7718,.T.);
#7737=ORIENTED_EDGE('',*,*,#6949,.T.);
#7739=ORIENTED_EDGE('',*,*,#7738,.F.);
#7740=EDGE_LOOP('',(#7735,#7736,#7737,#7739));
#7741=FACE_OUTER_BOUND('',#7740,.F.);
#7742=ADVANCED_FACE('',(#7741),#7734,.T.);
#7743=FILL_AREA_STYLE_COLOUR('',#26);
#7744=FILL_AREA_STYLE('',(#7743));
#7745=SURFACE_STYLE_FILL_AREA(#7744);
#7746=SURFACE_SIDE_STYLE('',(#7745));
#7747=SURFACE_STYLE_USAGE(.POSITIVE.,#7746);
#7748=PRESENTATION_STYLE_ASSIGNMENT((#7747));
#7749=STYLED_ITEM('',(#7748),#7742);
#7750=CARTESIAN_POINT('',(-7.503500298381E-1,-2.457638431191E-1,0.E0));
#7751=DIRECTION('',(2.473831068378E-1,9.689177459678E-1,0.E0));
#7752=DIRECTION('',(9.689177459678E-1,-2.473831068378E-1,0.E0));
#7753=AXIS2_PLACEMENT_3D('',#7750,#7751,#7752);
#7754=PLANE('',#7753);
#7755=ORIENTED_EDGE('',*,*,#3674,.F.);
#7756=ORIENTED_EDGE('',*,*,#7738,.T.);
#7757=ORIENTED_EDGE('',*,*,#6947,.T.);
#7759=ORIENTED_EDGE('',*,*,#7758,.F.);
#7760=EDGE_LOOP('',(#7755,#7756,#7757,#7759));
#7761=FACE_OUTER_BOUND('',#7760,.F.);
#7762=ADVANCED_FACE('',(#7761),#7754,.T.);
#7763=FILL_AREA_STYLE_COLOUR('',#26);
#7764=FILL_AREA_STYLE('',(#7763));
#7765=SURFACE_STYLE_FILL_AREA(#7764);
#7766=SURFACE_SIDE_STYLE('',(#7765));
#7767=SURFACE_STYLE_USAGE(.POSITIVE.,#7766);
#7768=PRESENTATION_STYLE_ASSIGNMENT((#7767));
#7769=STYLED_ITEM('',(#7768),#7762);
#7770=CARTESIAN_POINT('',(-6.87775E-1,-2.617404369593E-1,0.E0));
#7771=DIRECTION('',(0.E0,1.E0,0.E0));
#7772=DIRECTION('',(1.E0,0.E0,0.E0));
#7773=AXIS2_PLACEMENT_3D('',#7770,#7771,#7772);
#7774=PLANE('',#7773);
#7775=ORIENTED_EDGE('',*,*,#3676,.F.);
#7776=ORIENTED_EDGE('',*,*,#7758,.T.);
#7777=ORIENTED_EDGE('',*,*,#6945,.T.);
#7779=ORIENTED_EDGE('',*,*,#7778,.F.);
#7780=EDGE_LOOP('',(#7775,#7776,#7777,#7779));
#7781=FACE_OUTER_BOUND('',#7780,.F.);
#7782=ADVANCED_FACE('',(#7781),#7774,.T.);
#7783=FILL_AREA_STYLE_COLOUR('',#26);
#7784=FILL_AREA_STYLE('',(#7783));
#7785=SURFACE_STYLE_FILL_AREA(#7784);
#7786=SURFACE_SIDE_STYLE('',(#7785));
#7787=SURFACE_STYLE_USAGE(.POSITIVE.,#7786);
#7788=PRESENTATION_STYLE_ASSIGNMENT((#7787));
#7789=STYLED_ITEM('',(#7788),#7782);
#7790=CARTESIAN_POINT('',(-5.4698125E-1,-2.617404369593E-1,0.E0));
#7791=DIRECTION('',(-2.473831068378E-1,9.689177459678E-1,0.E0));
#7792=DIRECTION('',(9.689177459678E-1,2.473831068378E-1,0.E0));
#7793=AXIS2_PLACEMENT_3D('',#7790,#7791,#7792);
#7794=PLANE('',#7793);
#7795=ORIENTED_EDGE('',*,*,#3678,.F.);
#7796=ORIENTED_EDGE('',*,*,#7778,.T.);
#7797=ORIENTED_EDGE('',*,*,#6943,.T.);
#7799=ORIENTED_EDGE('',*,*,#7798,.F.);
#7800=EDGE_LOOP('',(#7795,#7796,#7797,#7799));
#7801=FACE_OUTER_BOUND('',#7800,.F.);
#7802=ADVANCED_FACE('',(#7801),#7794,.T.);
#7803=FILL_AREA_STYLE_COLOUR('',#26);
#7804=FILL_AREA_STYLE('',(#7803));
#7805=SURFACE_STYLE_FILL_AREA(#7804);
#7806=SURFACE_SIDE_STYLE('',(#7805));
#7807=SURFACE_STYLE_USAGE(.POSITIVE.,#7806);
#7808=PRESENTATION_STYLE_ASSIGNMENT((#7807));
#7809=STYLED_ITEM('',(#7808),#7802);
#7810=CARTESIAN_POINT('',(-4.844062201619E-1,-2.457638431191E-1,0.E0));
#7811=DIRECTION('',(-5.627909312417E-1,8.265992787996E-1,0.E0));
#7812=DIRECTION('',(8.265992787996E-1,5.627909312417E-1,0.E0));
#7813=AXIS2_PLACEMENT_3D('',#7810,#7811,#7812);
#7814=PLANE('',#7813);
#7815=ORIENTED_EDGE('',*,*,#3680,.F.);
#7816=ORIENTED_EDGE('',*,*,#7798,.T.);
#7817=ORIENTED_EDGE('',*,*,#6941,.T.);
#7819=ORIENTED_EDGE('',*,*,#7818,.F.);
#7820=EDGE_LOOP('',(#7815,#7816,#7817,#7819));
#7821=FACE_OUTER_BOUND('',#7820,.F.);
#7822=ADVANCED_FACE('',(#7821),#7814,.T.);
#7823=FILL_AREA_STYLE_COLOUR('',#26);
#7824=FILL_AREA_STYLE('',(#7823));
#7825=SURFACE_STYLE_FILL_AREA(#7824);
#7826=SURFACE_SIDE_STYLE('',(#7825));
#7827=SURFACE_STYLE_USAGE(.POSITIVE.,#7826);
#7828=PRESENTATION_STYLE_ASSIGNMENT((#7827));
#7829=STYLED_ITEM('',(#7828),#7822);
#7830=CARTESIAN_POINT('',(-4.374749701619E-1,-2.138106554389E-1,0.E0));
#7831=DIRECTION('',(-9.506456267027E-1,3.102787334496E-1,0.E0));
#7832=DIRECTION('',(3.102787334496E-1,9.506456267027E-1,0.E0));
#7833=AXIS2_PLACEMENT_3D('',#7830,#7831,#7832);
#7834=PLANE('',#7833);
#7835=ORIENTED_EDGE('',*,*,#3682,.F.);
#7836=ORIENTED_EDGE('',*,*,#7818,.T.);
#7837=ORIENTED_EDGE('',*,*,#6939,.T.);
#7839=ORIENTED_EDGE('',*,*,#7838,.F.);
#7840=EDGE_LOOP('',(#7835,#7836,#7837,#7839));
#7841=FACE_OUTER_BOUND('',#7840,.F.);
#7842=ADVANCED_FACE('',(#7841),#7834,.T.);
#7843=FILL_AREA_STYLE_COLOUR('',#26);
#7844=FILL_AREA_STYLE('',(#7843));
#7845=SURFACE_STYLE_FILL_AREA(#7844);
#7846=SURFACE_SIDE_STYLE('',(#7845));
#7847=SURFACE_STYLE_USAGE(.POSITIVE.,#7846);
#7848=PRESENTATION_STYLE_ASSIGNMENT((#7847));
#7849=STYLED_ITEM('',(#7848),#7842);
#7850=CARTESIAN_POINT('',(-4.218312798381E-1,-1.658808291614E-1,0.E0));
#7851=DIRECTION('',(0.E0,1.E0,0.E0));
#7852=DIRECTION('',(1.E0,0.E0,0.E0));
#7853=AXIS2_PLACEMENT_3D('',#7850,#7851,#7852);
#7854=PLANE('',#7853);
#7855=ORIENTED_EDGE('',*,*,#3684,.F.);
#7856=ORIENTED_EDGE('',*,*,#7838,.T.);
#7857=ORIENTED_EDGE('',*,*,#6937,.T.);
#7859=ORIENTED_EDGE('',*,*,#7858,.F.);
#7860=EDGE_LOOP('',(#7855,#7856,#7857,#7859));
#7861=FACE_OUTER_BOUND('',#7860,.F.);
#7862=ADVANCED_FACE('',(#7861),#7854,.T.);
#7863=FILL_AREA_STYLE_COLOUR('',#26);
#7864=FILL_AREA_STYLE('',(#7863));
#7865=SURFACE_STYLE_FILL_AREA(#7864);
#7866=SURFACE_SIDE_STYLE('',(#7865));
#7867=SURFACE_STYLE_USAGE(.POSITIVE.,#7866);
#7868=PRESENTATION_STYLE_ASSIGNMENT((#7867));
#7869=STYLED_ITEM('',(#7868),#7862);
#7870=CARTESIAN_POINT('',(-3.279687798381E-1,-1.658808291614E-1,0.E0));
#7871=DIRECTION('',(9.813592930674E-1,-1.921820436730E-1,0.E0));
#7872=DIRECTION('',(-1.921820436730E-1,-9.813592930674E-1,0.E0));
#7873=AXIS2_PLACEMENT_3D('',#7870,#7871,#7872);
#7874=PLANE('',#7873);
#7875=ORIENTED_EDGE('',*,*,#3686,.F.);
#7876=ORIENTED_EDGE('',*,*,#7858,.T.);
#7877=ORIENTED_EDGE('',*,*,#6935,.T.);
#7879=ORIENTED_EDGE('',*,*,#7878,.F.);
#7880=EDGE_LOOP('',(#7875,#7876,#7877,#7879));
#7881=FACE_OUTER_BOUND('',#7880,.F.);
#7882=ADVANCED_FACE('',(#7881),#7874,.T.);
#7883=FILL_AREA_STYLE_COLOUR('',#26);
#7884=FILL_AREA_STYLE('',(#7883));
#7885=SURFACE_STYLE_FILL_AREA(#7884);
#7886=SURFACE_SIDE_STYLE('',(#7885));
#7887=SURFACE_STYLE_USAGE(.POSITIVE.,#7886);
#7888=PRESENTATION_STYLE_ASSIGNMENT((#7887));
#7889=STYLED_ITEM('',(#7888),#7882);
#7890=CARTESIAN_POINT('',(-3.436124701619E-1,-2.457638431191E-1,0.E0));
#7891=DIRECTION('',(7.145102180353E-1,-6.996250055017E-1,0.E0));
#7892=DIRECTION('',(-6.996250055017E-1,-7.145102180353E-1,0.E0));
#7893=AXIS2_PLACEMENT_3D('',#7890,#7891,#7892);
#7894=PLANE('',#7893);
#7895=ORIENTED_EDGE('',*,*,#3688,.F.);
#7896=ORIENTED_EDGE('',*,*,#7878,.T.);
#7897=ORIENTED_EDGE('',*,*,#6933,.T.);
#7898=ORIENTED_EDGE('',*,*,#3455,.F.);
#7899=EDGE_LOOP('',(#7895,#7896,#7897,#7898));
#7900=FACE_OUTER_BOUND('',#7899,.F.);
#7901=ADVANCED_FACE('',(#7900),#7894,.T.);
#7902=FILL_AREA_STYLE_COLOUR('',#26);
#7903=FILL_AREA_STYLE('',(#7902));
#7904=SURFACE_STYLE_FILL_AREA(#7903);
#7905=SURFACE_SIDE_STYLE('',(#7904));
#7906=SURFACE_STYLE_USAGE(.POSITIVE.,#7905);
#7907=PRESENTATION_STYLE_ASSIGNMENT((#7906));
#7908=STYLED_ITEM('',(#7907),#7901);
#7909=CARTESIAN_POINT('',(3.603561903238E-1,2.974404257700E-1,0.E0));
#7910=DIRECTION('',(0.E0,-1.E0,0.E0));
#7911=DIRECTION('',(-1.E0,0.E0,0.E0));
#7912=AXIS2_PLACEMENT_3D('',#7909,#7910,#7911);
#7913=PLANE('',#7912);
#7914=ORIENTED_EDGE('',*,*,#3729,.F.);
#7916=ORIENTED_EDGE('',*,*,#7915,.T.);
#7917=ORIENTED_EDGE('',*,*,#6988,.T.);
#7919=ORIENTED_EDGE('',*,*,#7918,.F.);
#7920=EDGE_LOOP('',(#7914,#7916,#7917,#7919));
#7921=FACE_OUTER_BOUND('',#7920,.F.);
#7922=ADVANCED_FACE('',(#7921),#7913,.T.);
#7923=FILL_AREA_STYLE_COLOUR('',#26);
#7924=FILL_AREA_STYLE('',(#7923));
#7925=SURFACE_STYLE_FILL_AREA(#7924);
#7926=SURFACE_SIDE_STYLE('',(#7925));
#7927=SURFACE_STYLE_USAGE(.POSITIVE.,#7926);
#7928=PRESENTATION_STYLE_ASSIGNMENT((#7927));
#7929=STYLED_ITEM('',(#7928),#7922);
#7930=CARTESIAN_POINT('',(3.603561903238E-1,3.933E-1,0.E0));
#7931=DIRECTION('',(1.E0,0.E0,0.E0));
#7932=DIRECTION('',(0.E0,-1.E0,0.E0));
#7933=AXIS2_PLACEMENT_3D('',#7930,#7931,#7932);
#7934=PLANE('',#7933);
#7935=ORIENTED_EDGE('',*,*,#3751,.F.);
#7937=ORIENTED_EDGE('',*,*,#7936,.T.);
#7938=ORIENTED_EDGE('',*,*,#6990,.T.);
#7939=ORIENTED_EDGE('',*,*,#7915,.F.);
#7940=EDGE_LOOP('',(#7935,#7937,#7938,#7939));
#7941=FACE_OUTER_BOUND('',#7940,.F.);
#7942=ADVANCED_FACE('',(#7941),#7934,.T.);
#7943=FILL_AREA_STYLE_COLOUR('',#26);
#7944=FILL_AREA_STYLE('',(#7943));
#7945=SURFACE_STYLE_FILL_AREA(#7944);
#7946=SURFACE_SIDE_STYLE('',(#7945));
#7947=SURFACE_STYLE_USAGE(.POSITIVE.,#7946);
#7948=PRESENTATION_STYLE_ASSIGNMENT((#7947));
#7949=STYLED_ITEM('',(#7948),#7942);
#7950=CARTESIAN_POINT('',(-2.028187201619E-1,3.933E-1,0.E0));
#7951=DIRECTION('',(0.E0,1.E0,0.E0));
#7952=DIRECTION('',(1.E0,0.E0,0.E0));
#7953=AXIS2_PLACEMENT_3D('',#7950,#7951,#7952);
#7954=PLANE('',#7953);
#7955=ORIENTED_EDGE('',*,*,#3749,.F.);
#7957=ORIENTED_EDGE('',*,*,#7956,.T.);
#7958=ORIENTED_EDGE('',*,*,#6992,.T.);
#7959=ORIENTED_EDGE('',*,*,#7936,.F.);
#7960=EDGE_LOOP('',(#7955,#7957,#7958,#7959));
#7961=FACE_OUTER_BOUND('',#7960,.F.);
#7962=ADVANCED_FACE('',(#7961),#7954,.T.);
#7963=FILL_AREA_STYLE_COLOUR('',#26);
#7964=FILL_AREA_STYLE('',(#7963));
#7965=SURFACE_STYLE_FILL_AREA(#7964);
#7966=SURFACE_SIDE_STYLE('',(#7965));
#7967=SURFACE_STYLE_USAGE(.POSITIVE.,#7966);
#7968=PRESENTATION_STYLE_ASSIGNMENT((#7967));
#7969=STYLED_ITEM('',(#7968),#7962);
#7970=CARTESIAN_POINT('',(-2.028187201619E-1,-3.576E-1,0.E0));
#7971=DIRECTION('',(-1.E0,0.E0,0.E0));
#7972=DIRECTION('',(0.E0,1.E0,0.E0));
#7973=AXIS2_PLACEMENT_3D('',#7970,#7971,#7972);
#7974=PLANE('',#7973);
#7975=ORIENTED_EDGE('',*,*,#3747,.F.);
#7977=ORIENTED_EDGE('',*,*,#7976,.T.);
#7978=ORIENTED_EDGE('',*,*,#6994,.T.);
#7979=ORIENTED_EDGE('',*,*,#7956,.F.);
#7980=EDGE_LOOP('',(#7975,#7977,#7978,#7979));
#7981=FACE_OUTER_BOUND('',#7980,.F.);
#7982=ADVANCED_FACE('',(#7981),#7974,.T.);
#7983=FILL_AREA_STYLE_COLOUR('',#26);
#7984=FILL_AREA_STYLE('',(#7983));
#7985=SURFACE_STYLE_FILL_AREA(#7984);
#7986=SURFACE_SIDE_STYLE('',(#7985));
#7987=SURFACE_STYLE_USAGE(.POSITIVE.,#7986);
#7988=PRESENTATION_STYLE_ASSIGNMENT((#7987));
#7989=STYLED_ITEM('',(#7988),#7982);
#7990=CARTESIAN_POINT('',(3.603561903238E-1,-3.576E-1,0.E0));
#7991=DIRECTION('',(0.E0,-1.E0,0.E0));
#7992=DIRECTION('',(-1.E0,0.E0,0.E0));
#7993=AXIS2_PLACEMENT_3D('',#7990,#7991,#7992);
#7994=PLANE('',#7993);
#7995=ORIENTED_EDGE('',*,*,#3745,.F.);
#7997=ORIENTED_EDGE('',*,*,#7996,.T.);
#7998=ORIENTED_EDGE('',*,*,#6996,.T.);
#7999=ORIENTED_EDGE('',*,*,#7976,.F.);
#8000=EDGE_LOOP('',(#7995,#7997,#7998,#7999));
#8001=FACE_OUTER_BOUND('',#8000,.F.);
#8002=ADVANCED_FACE('',(#8001),#7994,.T.);
#8003=FILL_AREA_STYLE_COLOUR('',#26);
#8004=FILL_AREA_STYLE('',(#8003));
#8005=SURFACE_STYLE_FILL_AREA(#8004);
#8006=SURFACE_SIDE_STYLE('',(#8005));
#8007=SURFACE_STYLE_USAGE(.POSITIVE.,#8006);
#8008=PRESENTATION_STYLE_ASSIGNMENT((#8007));
#8009=STYLED_ITEM('',(#8008),#8002);
#8010=CARTESIAN_POINT('',(3.603561903238E-1,-2.617404369593E-1,0.E0));
#8011=DIRECTION('',(1.E0,0.E0,0.E0));
#8012=DIRECTION('',(0.E0,-1.E0,0.E0));
#8013=AXIS2_PLACEMENT_3D('',#8010,#8011,#8012);
#8014=PLANE('',#8013);
#8015=ORIENTED_EDGE('',*,*,#3743,.F.);
#8017=ORIENTED_EDGE('',*,*,#8016,.T.);
#8018=ORIENTED_EDGE('',*,*,#6998,.T.);
#8019=ORIENTED_EDGE('',*,*,#7996,.F.);
#8020=EDGE_LOOP('',(#8015,#8017,#8018,#8019));
#8021=FACE_OUTER_BOUND('',#8020,.F.);
#8022=ADVANCED_FACE('',(#8021),#8014,.T.);
#8023=FILL_AREA_STYLE_COLOUR('',#26);
#8024=FILL_AREA_STYLE('',(#8023));
#8025=SURFACE_STYLE_FILL_AREA(#8024);
#8026=SURFACE_SIDE_STYLE('',(#8025));
#8027=SURFACE_STYLE_USAGE(.POSITIVE.,#8026);
#8028=PRESENTATION_STYLE_ASSIGNMENT((#8027));
#8029=STYLED_ITEM('',(#8028),#8022);
#8030=CARTESIAN_POINT('',(-1.089563096762E-1,-2.617404369593E-1,0.E0));
#8031=DIRECTION('',(0.E0,1.E0,0.E0));
#8032=DIRECTION('',(1.E0,0.E0,0.E0));
#8033=AXIS2_PLACEMENT_3D('',#8030,#8031,#8032);
#8034=PLANE('',#8033);
#8035=ORIENTED_EDGE('',*,*,#3741,.F.);
#8037=ORIENTED_EDGE('',*,*,#8036,.T.);
#8038=ORIENTED_EDGE('',*,*,#7000,.T.);
#8039=ORIENTED_EDGE('',*,*,#8016,.F.);
#8040=EDGE_LOOP('',(#8035,#8037,#8038,#8039));
#8041=FACE_OUTER_BOUND('',#8040,.F.);
#8042=ADVANCED_FACE('',(#8041),#8034,.T.);
#8043=FILL_AREA_STYLE_COLOUR('',#26);
#8044=FILL_AREA_STYLE('',(#8043));
#8045=SURFACE_STYLE_FILL_AREA(#8044);
#8046=SURFACE_SIDE_STYLE('',(#8045));
#8047=SURFACE_STYLE_USAGE(.POSITIVE.,#8046);
#8048=PRESENTATION_STYLE_ASSIGNMENT((#8047));
#8049=STYLED_ITEM('',(#8048),#8042);
#8050=CARTESIAN_POINT('',(-1.089563096762E-1,-5.404467228055E-2,0.E0));
#8051=DIRECTION('',(1.E0,0.E0,0.E0));
#8052=DIRECTION('',(0.E0,-1.E0,0.E0));
#8053=AXIS2_PLACEMENT_3D('',#8050,#8051,#8052);
#8054=PLANE('',#8053);
#8055=ORIENTED_EDGE('',*,*,#3739,.F.);
#8057=ORIENTED_EDGE('',*,*,#8056,.T.);
#8058=ORIENTED_EDGE('',*,*,#7002,.T.);
#8059=ORIENTED_EDGE('',*,*,#8036,.F.);
#8060=EDGE_LOOP('',(#8055,#8057,#8058,#8059));
#8061=FACE_OUTER_BOUND('',#8060,.F.);
#8062=ADVANCED_FACE('',(#8061),#8054,.T.);
#8063=FILL_AREA_STYLE_COLOUR('',#26);
#8064=FILL_AREA_STYLE('',(#8063));
#8065=SURFACE_STYLE_FILL_AREA(#8064);
#8066=SURFACE_SIDE_STYLE('',(#8065));
#8067=SURFACE_STYLE_USAGE(.POSITIVE.,#8066);
#8068=PRESENTATION_STYLE_ASSIGNMENT((#8067));
#8069=STYLED_ITEM('',(#8068),#8062);
#8070=CARTESIAN_POINT('',(2.9778125E-1,-5.404467228055E-2,0.E0));
#8071=DIRECTION('',(0.E0,-1.E0,0.E0));
#8072=DIRECTION('',(-1.E0,0.E0,0.E0));
#8073=AXIS2_PLACEMENT_3D('',#8070,#8071,#8072);
#8074=PLANE('',#8073);
#8075=ORIENTED_EDGE('',*,*,#3737,.F.);
#8077=ORIENTED_EDGE('',*,*,#8076,.T.);
#8078=ORIENTED_EDGE('',*,*,#7004,.T.);
#8079=ORIENTED_EDGE('',*,*,#8056,.F.);
#8080=EDGE_LOOP('',(#8075,#8077,#8078,#8079));
#8081=FACE_OUTER_BOUND('',#8080,.F.);
#8082=ADVANCED_FACE('',(#8081),#8074,.T.);
#8083=FILL_AREA_STYLE_COLOUR('',#26);
#8084=FILL_AREA_STYLE('',(#8083));
#8085=SURFACE_STYLE_FILL_AREA(#8084);
#8086=SURFACE_SIDE_STYLE('',(#8085));
#8087=SURFACE_STYLE_USAGE(.POSITIVE.,#8086);
#8088=PRESENTATION_STYLE_ASSIGNMENT((#8087));
#8089=STYLED_ITEM('',(#8088),#8082);
#8090=CARTESIAN_POINT('',(2.9778125E-1,4.181489076018E-2,0.E0));
#8091=DIRECTION('',(1.E0,0.E0,0.E0));
#8092=DIRECTION('',(0.E0,-1.E0,0.E0));
#8093=AXIS2_PLACEMENT_3D('',#8090,#8091,#8092);
#8094=PLANE('',#8093);
#8095=ORIENTED_EDGE('',*,*,#3735,.F.);
#8097=ORIENTED_EDGE('',*,*,#8096,.T.);
#8098=ORIENTED_EDGE('',*,*,#7006,.T.);
#8099=ORIENTED_EDGE('',*,*,#8076,.F.);
#8100=EDGE_LOOP('',(#8095,#8097,#8098,#8099));
#8101=FACE_OUTER_BOUND('',#8100,.F.);
#8102=ADVANCED_FACE('',(#8101),#8094,.T.);
#8103=FILL_AREA_STYLE_COLOUR('',#26);
#8104=FILL_AREA_STYLE('',(#8103));
#8105=SURFACE_STYLE_FILL_AREA(#8104);
#8106=SURFACE_SIDE_STYLE('',(#8105));
#8107=SURFACE_STYLE_USAGE(.POSITIVE.,#8106);
#8108=PRESENTATION_STYLE_ASSIGNMENT((#8107));
#8109=STYLED_ITEM('',(#8108),#8102);
#8110=CARTESIAN_POINT('',(-1.089563096762E-1,4.181489076018E-2,0.E0));
#8111=DIRECTION('',(0.E0,1.E0,0.E0));
#8112=DIRECTION('',(1.E0,0.E0,0.E0));
#8113=AXIS2_PLACEMENT_3D('',#8110,#8111,#8112);
#8114=PLANE('',#8113);
#8115=ORIENTED_EDGE('',*,*,#3733,.F.);
#8117=ORIENTED_EDGE('',*,*,#8116,.T.);
#8118=ORIENTED_EDGE('',*,*,#7008,.T.);
#8119=ORIENTED_EDGE('',*,*,#8096,.F.);
#8120=EDGE_LOOP('',(#8115,#8117,#8118,#8119));
#8121=FACE_OUTER_BOUND('',#8120,.F.);
#8122=ADVANCED_FACE('',(#8121),#8114,.T.);
#8123=FILL_AREA_STYLE_COLOUR('',#26);
#8124=FILL_AREA_STYLE('',(#8123));
#8125=SURFACE_STYLE_FILL_AREA(#8124);
#8126=SURFACE_SIDE_STYLE('',(#8125));
#8127=SURFACE_STYLE_USAGE(.POSITIVE.,#8126);
#8128=PRESENTATION_STYLE_ASSIGNMENT((#8127));
#8129=STYLED_ITEM('',(#8128),#8122);
#8130=CARTESIAN_POINT('',(-1.089563096762E-1,2.974404257700E-1,0.E0));
#8131=DIRECTION('',(1.E0,0.E0,0.E0));
#8132=DIRECTION('',(0.E0,-1.E0,0.E0));
#8133=AXIS2_PLACEMENT_3D('',#8130,#8131,#8132);
#8134=PLANE('',#8133);
#8135=ORIENTED_EDGE('',*,*,#3731,.F.);
#8136=ORIENTED_EDGE('',*,*,#7918,.T.);
#8137=ORIENTED_EDGE('',*,*,#7010,.T.);
#8138=ORIENTED_EDGE('',*,*,#8116,.F.);
#8139=EDGE_LOOP('',(#8135,#8136,#8137,#8138));
#8140=FACE_OUTER_BOUND('',#8139,.F.);
#8141=ADVANCED_FACE('',(#8140),#8134,.T.);
#8142=FILL_AREA_STYLE_COLOUR('',#26);
#8143=FILL_AREA_STYLE('',(#8142));
#8144=SURFACE_STYLE_FILL_AREA(#8143);
#8145=SURFACE_SIDE_STYLE('',(#8144));
#8146=SURFACE_STYLE_USAGE(.POSITIVE.,#8145);
#8147=PRESENTATION_STYLE_ASSIGNMENT((#8146));
#8148=STYLED_ITEM('',(#8147),#8141);
#8149=CARTESIAN_POINT('',(8.6095625E-1,-3.576E-1,0.E0));
#8150=DIRECTION('',(0.E0,-1.E0,0.E0));
#8151=DIRECTION('',(-1.E0,0.E0,0.E0));
#8152=AXIS2_PLACEMENT_3D('',#8149,#8150,#8151);
#8153=PLANE('',#8152);
#8154=ORIENTED_EDGE('',*,*,#3755,.F.);
#8156=ORIENTED_EDGE('',*,*,#8155,.T.);
#8157=ORIENTED_EDGE('',*,*,#7027,.T.);
#8159=ORIENTED_EDGE('',*,*,#8158,.F.);
#8160=EDGE_LOOP('',(#8154,#8156,#8157,#8159));
#8161=FACE_OUTER_BOUND('',#8160,.F.);
#8162=ADVANCED_FACE('',(#8161),#8153,.T.);
#8163=FILL_AREA_STYLE_COLOUR('',#26);
#8164=FILL_AREA_STYLE('',(#8163));
#8165=SURFACE_STYLE_FILL_AREA(#8164);
#8166=SURFACE_SIDE_STYLE('',(#8165));
#8167=SURFACE_STYLE_USAGE(.POSITIVE.,#8166);
#8168=PRESENTATION_STYLE_ASSIGNMENT((#8167));
#8169=STYLED_ITEM('',(#8168),#8162);
#8170=CARTESIAN_POINT('',(9.391750596762E-1,-3.416234061599E-1,0.E0));
#8171=DIRECTION('',(2.001232084928E-1,-9.797707392153E-1,0.E0));
#8172=DIRECTION('',(-9.797707392153E-1,-2.001232084928E-1,0.E0));
#8173=AXIS2_PLACEMENT_3D('',#8170,#8171,#8172);
#8174=PLANE('',#8173);
#8175=ORIENTED_EDGE('',*,*,#3781,.F.);
#8177=ORIENTED_EDGE('',*,*,#8176,.T.);
#8178=ORIENTED_EDGE('',*,*,#7029,.T.);
#8179=ORIENTED_EDGE('',*,*,#8155,.F.);
#8180=EDGE_LOOP('',(#8175,#8177,#8178,#8179));
#8181=FACE_OUTER_BOUND('',#8180,.F.);
#8182=ADVANCED_FACE('',(#8181),#8174,.T.);
#8183=FILL_AREA_STYLE_COLOUR('',#26);
#8184=FILL_AREA_STYLE('',(#8183));
#8185=SURFACE_STYLE_FILL_AREA(#8184);
#8186=SURFACE_SIDE_STYLE('',(#8185));
#8187=SURFACE_STYLE_USAGE(.POSITIVE.,#8186);
#8188=PRESENTATION_STYLE_ASSIGNMENT((#8187));
#8189=STYLED_ITEM('',(#8188),#8182);
#8190=CARTESIAN_POINT('',(1.00175E0,-3.096702184796E-1,0.E0));
#8191=DIRECTION('',(4.547774575564E-1,-8.906051112017E-1,0.E0));
#8192=DIRECTION('',(-8.906051112017E-1,-4.547774575564E-1,0.E0));
#8193=AXIS2_PLACEMENT_3D('',#8190,#8191,#8192);
#8194=PLANE('',#8193);
#8195=ORIENTED_EDGE('',*,*,#3779,.F.);
#8197=ORIENTED_EDGE('',*,*,#8196,.T.);
#8198=ORIENTED_EDGE('',*,*,#7031,.T.);
#8199=ORIENTED_EDGE('',*,*,#8176,.F.);
#8200=EDGE_LOOP('',(#8195,#8197,#8198,#8199));
#8201=FACE_OUTER_BOUND('',#8200,.F.);
#8202=ADVANCED_FACE('',(#8201),#8194,.T.);
#8203=FILL_AREA_STYLE_COLOUR('',#26);
#8204=FILL_AREA_STYLE('',(#8203));
#8205=SURFACE_STYLE_FILL_AREA(#8204);
#8206=SURFACE_SIDE_STYLE('',(#8205));
#8207=SURFACE_STYLE_USAGE(.POSITIVE.,#8206);
#8208=PRESENTATION_STYLE_ASSIGNMENT((#8207));
#8209=STYLED_ITEM('',(#8208),#8202);
#8210=CARTESIAN_POINT('',(1.064324940324E0,-2.457638431191E-1,0.E0));
#8211=DIRECTION('',(7.145107183351E-1,-6.996244945571E-1,0.E0));
#8212=DIRECTION('',(-6.996244945571E-1,-7.145107183351E-1,0.E0));
#8213=AXIS2_PLACEMENT_3D('',#8210,#8211,#8212);
#8214=PLANE('',#8213);
#8215=ORIENTED_EDGE('',*,*,#3777,.F.);
#8217=ORIENTED_EDGE('',*,*,#8216,.T.);
#8218=ORIENTED_EDGE('',*,*,#7033,.T.);
#8219=ORIENTED_EDGE('',*,*,#8196,.F.);
#8220=EDGE_LOOP('',(#8215,#8217,#8218,#8219));
#8221=FACE_OUTER_BOUND('',#8220,.F.);
#8222=ADVANCED_FACE('',(#8221),#8214,.T.);
#8223=FILL_AREA_STYLE_COLOUR('',#26);
#8224=FILL_AREA_STYLE('',(#8223));
#8225=SURFACE_STYLE_FILL_AREA(#8224);
#8226=SURFACE_SIDE_STYLE('',(#8225));
#8227=SURFACE_STYLE_USAGE(.POSITIVE.,#8226);
#8228=PRESENTATION_STYLE_ASSIGNMENT((#8227));
#8229=STYLED_ITEM('',(#8228),#8222);
#8230=CARTESIAN_POINT('',(1.0956125E0,-1.818574677587E-1,0.E0));
#8231=DIRECTION('',(8.981377659536E-1,-4.397141723527E-1,0.E0));
#8232=DIRECTION('',(-4.397141723527E-1,-8.981377659536E-1,0.E0));
#8233=AXIS2_PLACEMENT_3D('',#8230,#8231,#8232);
#8234=PLANE('',#8233);
#8235=ORIENTED_EDGE('',*,*,#3775,.F.);
#8237=ORIENTED_EDGE('',*,*,#8236,.T.);
#8238=ORIENTED_EDGE('',*,*,#7035,.T.);
#8239=ORIENTED_EDGE('',*,*,#8216,.F.);
#8240=EDGE_LOOP('',(#8235,#8237,#8238,#8239));
#8241=FACE_OUTER_BOUND('',#8240,.F.);
#8242=ADVANCED_FACE('',(#8241),#8234,.T.);
#8243=FILL_AREA_STYLE_COLOUR('',#26);
#8244=FILL_AREA_STYLE('',(#8243));
#8245=SURFACE_STYLE_FILL_AREA(#8244);
#8246=SURFACE_SIDE_STYLE('',(#8245));
#8247=SURFACE_STYLE_USAGE(.POSITIVE.,#8246);
#8248=PRESENTATION_STYLE_ASSIGNMENT((#8247));
#8249=STYLED_ITEM('',(#8248),#8242);
#8250=CARTESIAN_POINT('',(1.111256190324E0,-1.019744538009E-1,0.E0));
#8251=DIRECTION('',(9.813592930674E-1,-1.921820436730E-1,0.E0));
#8252=DIRECTION('',(-1.921820436730E-1,-9.813592930674E-1,0.E0));
#8253=AXIS2_PLACEMENT_3D('',#8250,#8251,#8252);
#8254=PLANE('',#8253);
#8255=ORIENTED_EDGE('',*,*,#3773,.F.);
#8257=ORIENTED_EDGE('',*,*,#8256,.T.);
#8258=ORIENTED_EDGE('',*,*,#7037,.T.);
#8259=ORIENTED_EDGE('',*,*,#8236,.F.);
#8260=EDGE_LOOP('',(#8255,#8257,#8258,#8259));
#8261=FACE_OUTER_BOUND('',#8260,.F.);
#8262=ADVANCED_FACE('',(#8261),#8254,.T.);
#8263=FILL_AREA_STYLE_COLOUR('',#26);
#8264=FILL_AREA_STYLE('',(#8263));
#8265=SURFACE_STYLE_FILL_AREA(#8264);
#8266=SURFACE_SIDE_STYLE('',(#8265));
#8267=SURFACE_STYLE_USAGE(.POSITIVE.,#8266);
#8268=PRESENTATION_STYLE_ASSIGNMENT((#8267));
#8269=STYLED_ITEM('',(#8268),#8262);
#8270=CARTESIAN_POINT('',(1.111256190324E0,1.376744761795E-1,0.E0));
#8271=DIRECTION('',(1.E0,0.E0,0.E0));
#8272=DIRECTION('',(0.E0,-1.E0,0.E0));
#8273=AXIS2_PLACEMENT_3D('',#8270,#8271,#8272);
#8274=PLANE('',#8273);
#8275=ORIENTED_EDGE('',*,*,#3771,.F.);
#8277=ORIENTED_EDGE('',*,*,#8276,.T.);
#8278=ORIENTED_EDGE('',*,*,#7039,.T.);
#8279=ORIENTED_EDGE('',*,*,#8256,.F.);
#8280=EDGE_LOOP('',(#8275,#8277,#8278,#8279));
#8281=FACE_OUTER_BOUND('',#8280,.F.);
#8282=ADVANCED_FACE('',(#8281),#8274,.T.);
#8283=FILL_AREA_STYLE_COLOUR('',#26);
#8284=FILL_AREA_STYLE('',(#8283));
#8285=SURFACE_STYLE_FILL_AREA(#8284);
#8286=SURFACE_SIDE_STYLE('',(#8285));
#8287=SURFACE_STYLE_USAGE(.POSITIVE.,#8286);
#8288=PRESENTATION_STYLE_ASSIGNMENT((#8287));
#8289=STYLED_ITEM('',(#8288),#8282);
#8290=CARTESIAN_POINT('',(1.0956125E0,2.175574453801E-1,0.E0));
#8291=DIRECTION('',(9.813592727596E-1,1.921821473726E-1,0.E0));
#8292=DIRECTION('',(1.921821473726E-1,-9.813592727596E-1,0.E0));
#8293=AXIS2_PLACEMENT_3D('',#8290,#8291,#8292);
#8294=PLANE('',#8293);
#8295=ORIENTED_EDGE('',*,*,#3769,.F.);
#8297=ORIENTED_EDGE('',*,*,#8296,.T.);
#8298=ORIENTED_EDGE('',*,*,#7041,.T.);
#8299=ORIENTED_EDGE('',*,*,#8276,.F.);
#8300=EDGE_LOOP('',(#8295,#8297,#8298,#8299));
#8301=FACE_OUTER_BOUND('',#8300,.F.);
#8302=ADVANCED_FACE('',(#8301),#8294,.T.);
#8303=FILL_AREA_STYLE_COLOUR('',#26);
#8304=FILL_AREA_STYLE('',(#8303));
#8305=SURFACE_STYLE_FILL_AREA(#8304);
#8306=SURFACE_SIDE_STYLE('',(#8305));
#8307=SURFACE_STYLE_USAGE(.POSITIVE.,#8306);
#8308=PRESENTATION_STYLE_ASSIGNMENT((#8307));
#8309=STYLED_ITEM('',(#8308),#8302);
#8310=CARTESIAN_POINT('',(1.064324940324E0,2.814638319299E-1,0.E0));
#8311=DIRECTION('',(8.981377963584E-1,4.397141102494E-1,0.E0));
#8312=DIRECTION('',(4.397141102494E-1,-8.981377963584E-1,0.E0));
#8313=AXIS2_PLACEMENT_3D('',#8310,#8311,#8312);
#8314=PLANE('',#8313);
#8315=ORIENTED_EDGE('',*,*,#3767,.F.);
#8317=ORIENTED_EDGE('',*,*,#8316,.T.);
#8318=ORIENTED_EDGE('',*,*,#7043,.T.);
#8319=ORIENTED_EDGE('',*,*,#8296,.F.);
#8320=EDGE_LOOP('',(#8315,#8317,#8318,#8319));
#8321=FACE_OUTER_BOUND('',#8320,.F.);
#8322=ADVANCED_FACE('',(#8321),#8314,.T.);
#8323=FILL_AREA_STYLE_COLOUR('',#26);
#8324=FILL_AREA_STYLE('',(#8323));
#8325=SURFACE_STYLE_FILL_AREA(#8324);
#8326=SURFACE_SIDE_STYLE('',(#8325));
#8327=SURFACE_STYLE_USAGE(.POSITIVE.,#8326);
#8328=PRESENTATION_STYLE_ASSIGNMENT((#8327));
#8329=STYLED_ITEM('',(#8328),#8322);
#8330=CARTESIAN_POINT('',(1.00175E0,3.453702128850E-1,0.E0));
#8331=DIRECTION('',(7.145107489524E-1,6.996244632883E-1,0.E0));
#8332=DIRECTION('',(6.996244632883E-1,-7.145107489524E-1,0.E0));
#8333=AXIS2_PLACEMENT_3D('',#8330,#8331,#8332);
#8334=PLANE('',#8333);
#8335=ORIENTED_EDGE('',*,*,#3765,.F.);
#8337=ORIENTED_EDGE('',*,*,#8336,.T.);
#8338=ORIENTED_EDGE('',*,*,#7045,.T.);
#8339=ORIENTED_EDGE('',*,*,#8316,.F.);
#8340=EDGE_LOOP('',(#8335,#8337,#8338,#8339));
#8341=FACE_OUTER_BOUND('',#8340,.F.);
#8342=ADVANCED_FACE('',(#8341),#8334,.T.);
#8343=FILL_AREA_STYLE_COLOUR('',#26);
#8344=FILL_AREA_STYLE('',(#8343));
#8345=SURFACE_STYLE_FILL_AREA(#8344);
#8346=SURFACE_SIDE_STYLE('',(#8345));
#8347=SURFACE_STYLE_USAGE(.POSITIVE.,#8346);
#8348=PRESENTATION_STYLE_ASSIGNMENT((#8347));
#8349=STYLED_ITEM('',(#8348),#8342);
#8350=CARTESIAN_POINT('',(9.391750596762E-1,3.773234047612E-1,0.E0));
#8351=DIRECTION('',(4.547775049247E-1,8.906050870136E-1,0.E0));
#8352=DIRECTION('',(8.906050870136E-1,-4.547775049247E-1,0.E0));
#8353=AXIS2_PLACEMENT_3D('',#8350,#8351,#8352);
#8354=PLANE('',#8353);
#8355=ORIENTED_EDGE('',*,*,#3763,.F.);
#8357=ORIENTED_EDGE('',*,*,#8356,.T.);
#8358=ORIENTED_EDGE('',*,*,#7047,.T.);
#8359=ORIENTED_EDGE('',*,*,#8336,.F.);
#8360=EDGE_LOOP('',(#8355,#8357,#8358,#8359));
#8361=FACE_OUTER_BOUND('',#8360,.F.);
#8362=ADVANCED_FACE('',(#8361),#8354,.T.);
#8363=FILL_AREA_STYLE_COLOUR('',#26);
#8364=FILL_AREA_STYLE('',(#8363));
#8365=SURFACE_STYLE_FILL_AREA(#8364);
#8366=SURFACE_SIDE_STYLE('',(#8365));
#8367=SURFACE_STYLE_USAGE(.POSITIVE.,#8366);
#8368=PRESENTATION_STYLE_ASSIGNMENT((#8367));
#8369=STYLED_ITEM('',(#8368),#8362);
#8370=CARTESIAN_POINT('',(8.6095625E-1,3.933E-1,0.E0));
#8371=DIRECTION('',(2.001232253108E-1,9.797707357802E-1,0.E0));
#8372=DIRECTION('',(9.797707357802E-1,-2.001232253108E-1,0.E0));
#8373=AXIS2_PLACEMENT_3D('',#8370,#8371,#8372);
#8374=PLANE('',#8373);
#8375=ORIENTED_EDGE('',*,*,#3761,.F.);
#8377=ORIENTED_EDGE('',*,*,#8376,.T.);
#8378=ORIENTED_EDGE('',*,*,#7049,.T.);
#8379=ORIENTED_EDGE('',*,*,#8356,.F.);
#8380=EDGE_LOOP('',(#8375,#8377,#8378,#8379));
#8381=FACE_OUTER_BOUND('',#8380,.F.);
#8382=ADVANCED_FACE('',(#8381),#8374,.T.);
#8383=FILL_AREA_STYLE_COLOUR('',#26);
#8384=FILL_AREA_STYLE('',(#8383));
#8385=SURFACE_STYLE_FILL_AREA(#8384);
#8386=SURFACE_SIDE_STYLE('',(#8385));
#8387=SURFACE_STYLE_USAGE(.POSITIVE.,#8386);
#8388=PRESENTATION_STYLE_ASSIGNMENT((#8387));
#8389=STYLED_ITEM('',(#8388),#8382);
#8390=CARTESIAN_POINT('',(4.8550625E-1,3.933E-1,0.E0));
#8391=DIRECTION('',(0.E0,1.E0,0.E0));
#8392=DIRECTION('',(1.E0,0.E0,0.E0));
#8393=AXIS2_PLACEMENT_3D('',#8390,#8391,#8392);
#8394=PLANE('',#8393);
#8395=ORIENTED_EDGE('',*,*,#3759,.F.);
#8397=ORIENTED_EDGE('',*,*,#8396,.T.);
#8398=ORIENTED_EDGE('',*,*,#7051,.T.);
#8399=ORIENTED_EDGE('',*,*,#8376,.F.);
#8400=EDGE_LOOP('',(#8395,#8397,#8398,#8399));
#8401=FACE_OUTER_BOUND('',#8400,.F.);
#8402=ADVANCED_FACE('',(#8401),#8394,.T.);
#8403=FILL_AREA_STYLE_COLOUR('',#26);
#8404=FILL_AREA_STYLE('',(#8403));
#8405=SURFACE_STYLE_FILL_AREA(#8404);
#8406=SURFACE_SIDE_STYLE('',(#8405));
#8407=SURFACE_STYLE_USAGE(.POSITIVE.,#8406);
#8408=PRESENTATION_STYLE_ASSIGNMENT((#8407));
#8409=STYLED_ITEM('',(#8408),#8402);
#8410=CARTESIAN_POINT('',(4.8550625E-1,-3.576E-1,0.E0));
#8411=DIRECTION('',(-1.E0,0.E0,0.E0));
#8412=DIRECTION('',(0.E0,1.E0,0.E0));
#8413=AXIS2_PLACEMENT_3D('',#8410,#8411,#8412);
#8414=PLANE('',#8413);
#8415=ORIENTED_EDGE('',*,*,#3757,.F.);
#8416=ORIENTED_EDGE('',*,*,#8158,.T.);
#8417=ORIENTED_EDGE('',*,*,#7053,.T.);
#8418=ORIENTED_EDGE('',*,*,#8396,.F.);
#8419=EDGE_LOOP('',(#8415,#8416,#8417,#8418));
#8420=FACE_OUTER_BOUND('',#8419,.F.);
#8421=ADVANCED_FACE('',(#8420),#8414,.T.);
#8422=FILL_AREA_STYLE_COLOUR('',#26);
#8423=FILL_AREA_STYLE('',(#8422));
#8424=SURFACE_STYLE_FILL_AREA(#8423);
#8425=SURFACE_SIDE_STYLE('',(#8424));
#8426=SURFACE_STYLE_USAGE(.POSITIVE.,#8425);
#8427=PRESENTATION_STYLE_ASSIGNMENT((#8426));
#8428=STYLED_ITEM('',(#8427),#8421);
#8429=CARTESIAN_POINT('',(5.7936875E-1,-2.617404369593E-1,0.E0));
#8430=DIRECTION('',(0.E0,1.E0,0.E0));
#8431=DIRECTION('',(1.E0,0.E0,0.E0));
#8432=AXIS2_PLACEMENT_3D('',#8429,#8430,#8431);
#8433=PLANE('',#8432);
#8434=ORIENTED_EDGE('',*,*,#3816,.F.);
#8436=ORIENTED_EDGE('',*,*,#8435,.T.);
#8437=ORIENTED_EDGE('',*,*,#7057,.T.);
#8439=ORIENTED_EDGE('',*,*,#8438,.F.);
#8440=EDGE_LOOP('',(#8434,#8436,#8437,#8439));
#8441=FACE_OUTER_BOUND('',#8440,.F.);
#8442=ADVANCED_FACE('',(#8441),#8433,.T.);
#8443=FILL_AREA_STYLE_COLOUR('',#26);
#8444=FILL_AREA_STYLE('',(#8443));
#8445=SURFACE_STYLE_FILL_AREA(#8444);
#8446=SURFACE_SIDE_STYLE('',(#8445));
#8447=SURFACE_STYLE_USAGE(.POSITIVE.,#8446);
#8448=PRESENTATION_STYLE_ASSIGNMENT((#8447));
#8449=STYLED_ITEM('',(#8448),#8442);
#8450=CARTESIAN_POINT('',(5.7936875E-1,2.974404257700E-1,0.E0));
#8451=DIRECTION('',(1.E0,0.E0,0.E0));
#8452=DIRECTION('',(0.E0,-1.E0,0.E0));
#8453=AXIS2_PLACEMENT_3D('',#8450,#8451,#8452);
#8454=PLANE('',#8453);
#8455=ORIENTED_EDGE('',*,*,#3838,.F.);
#8457=ORIENTED_EDGE('',*,*,#8456,.T.);
#8458=ORIENTED_EDGE('',*,*,#7059,.T.);
#8459=ORIENTED_EDGE('',*,*,#8435,.F.);
#8460=EDGE_LOOP('',(#8455,#8457,#8458,#8459));
#8461=FACE_OUTER_BOUND('',#8460,.F.);
#8462=ADVANCED_FACE('',(#8461),#8454,.T.);
#8463=FILL_AREA_STYLE_COLOUR('',#26);
#8464=FILL_AREA_STYLE('',(#8463));
#8465=SURFACE_STYLE_FILL_AREA(#8464);
#8466=SURFACE_SIDE_STYLE('',(#8465));
#8467=SURFACE_STYLE_USAGE(.POSITIVE.,#8466);
#8468=PRESENTATION_STYLE_ASSIGNMENT((#8467));
#8469=STYLED_ITEM('',(#8468),#8462);
#8470=CARTESIAN_POINT('',(8.6095625E-1,2.974404257700E-1,0.E0));
#8471=DIRECTION('',(0.E0,-1.E0,0.E0));
#8472=DIRECTION('',(-1.E0,0.E0,0.E0));
#8473=AXIS2_PLACEMENT_3D('',#8470,#8471,#8472);
#8474=PLANE('',#8473);
#8475=ORIENTED_EDGE('',*,*,#3836,.F.);
#8477=ORIENTED_EDGE('',*,*,#8476,.T.);
#8478=ORIENTED_EDGE('',*,*,#7061,.T.);
#8479=ORIENTED_EDGE('',*,*,#8456,.F.);
#8480=EDGE_LOOP('',(#8475,#8477,#8478,#8479));
#8481=FACE_OUTER_BOUND('',#8480,.F.);
#8482=ADVANCED_FACE('',(#8481),#8474,.T.);
#8483=FILL_AREA_STYLE_COLOUR('',#26);
#8484=FILL_AREA_STYLE('',(#8483));
#8485=SURFACE_STYLE_FILL_AREA(#8484);
#8486=SURFACE_SIDE_STYLE('',(#8485));
#8487=SURFACE_STYLE_USAGE(.POSITIVE.,#8486);
#8488=PRESENTATION_STYLE_ASSIGNMENT((#8487));
#8489=STYLED_ITEM('',(#8488),#8482);
#8490=CARTESIAN_POINT('',(9.235311903238E-1,2.814638319299E-1,0.E0));
#8491=DIRECTION('',(-2.473834390653E-1,-9.689176611437E-1,0.E0));
#8492=DIRECTION('',(-9.689176611437E-1,2.473834390653E-1,0.E0));
#8493=AXIS2_PLACEMENT_3D('',#8490,#8491,#8492);
#8494=PLANE('',#8493);
#8495=ORIENTED_EDGE('',*,*,#3834,.F.);
#8497=ORIENTED_EDGE('',*,*,#8496,.T.);
#8498=ORIENTED_EDGE('',*,*,#7063,.T.);
#8499=ORIENTED_EDGE('',*,*,#8476,.F.);
#8500=EDGE_LOOP('',(#8495,#8497,#8498,#8499));
#8501=FACE_OUTER_BOUND('',#8500,.F.);
#8502=ADVANCED_FACE('',(#8501),#8494,.T.);
#8503=FILL_AREA_STYLE_COLOUR('',#26);
#8504=FILL_AREA_STYLE('',(#8503));
#8505=SURFACE_STYLE_FILL_AREA(#8504);
#8506=SURFACE_SIDE_STYLE('',(#8505));
#8507=SURFACE_STYLE_USAGE(.POSITIVE.,#8506);
#8508=PRESENTATION_STYLE_ASSIGNMENT((#8507));
#8509=STYLED_ITEM('',(#8508),#8502);
#8510=CARTESIAN_POINT('',(9.704624403238E-1,2.495106330603E-1,0.E0));
#8511=DIRECTION('',(-5.627910658975E-1,-8.265991871191E-1,0.E0));
#8512=DIRECTION('',(-8.265991871191E-1,5.627910658975E-1,0.E0));
#8513=AXIS2_PLACEMENT_3D('',#8510,#8511,#8512);
#8514=PLANE('',#8513);
#8515=ORIENTED_EDGE('',*,*,#3832,.F.);
#8517=ORIENTED_EDGE('',*,*,#8516,.T.);
#8518=ORIENTED_EDGE('',*,*,#7065,.T.);
#8519=ORIENTED_EDGE('',*,*,#8496,.F.);
#8520=EDGE_LOOP('',(#8515,#8517,#8518,#8519));
#8521=FACE_OUTER_BOUND('',#8520,.F.);
#8522=ADVANCED_FACE('',(#8521),#8514,.T.);
#8523=FILL_AREA_STYLE_COLOUR('',#26);
#8524=FILL_AREA_STYLE('',(#8523));
#8525=SURFACE_STYLE_FILL_AREA(#8524);
#8526=SURFACE_SIDE_STYLE('',(#8525));
#8527=SURFACE_STYLE_USAGE(.POSITIVE.,#8526);
#8528=PRESENTATION_STYLE_ASSIGNMENT((#8527));
#8529=STYLED_ITEM('',(#8528),#8522);
#8530=CARTESIAN_POINT('',(1.00175E0,2.015808515400E-1,0.E0));
#8531=DIRECTION('',(-8.373786433120E-1,-5.466232777014E-1,0.E0));
#8532=DIRECTION('',(-5.466232777014E-1,8.373786433120E-1,0.E0));
#8533=AXIS2_PLACEMENT_3D('',#8530,#8531,#8532);
#8534=PLANE('',#8533);
#8535=ORIENTED_EDGE('',*,*,#3830,.F.);
#8537=ORIENTED_EDGE('',*,*,#8536,.T.);
#8538=ORIENTED_EDGE('',*,*,#7067,.T.);
#8539=ORIENTED_EDGE('',*,*,#8516,.F.);
#8540=EDGE_LOOP('',(#8535,#8537,#8538,#8539));
#8541=FACE_OUTER_BOUND('',#8540,.F.);
#8542=ADVANCED_FACE('',(#8541),#8534,.T.);
#8543=FILL_AREA_STYLE_COLOUR('',#26);
#8544=FILL_AREA_STYLE('',(#8543));
#8545=SURFACE_STYLE_FILL_AREA(#8544);
#8546=SURFACE_SIDE_STYLE('',(#8545));
#8547=SURFACE_STYLE_USAGE(.POSITIVE.,#8546);
#8548=PRESENTATION_STYLE_ASSIGNMENT((#8547));
#8549=STYLED_ITEM('',(#8548),#8542);
#8550=CARTESIAN_POINT('',(1.017393690324E0,1.376744761795E-1,0.E0));
#8551=DIRECTION('',(-9.713213633444E-1,-2.377704967206E-1,0.E0));
#8552=DIRECTION('',(-2.377704967206E-1,9.713213633444E-1,0.E0));
#8553=AXIS2_PLACEMENT_3D('',#8550,#8551,#8552);
#8554=PLANE('',#8553);
#8555=ORIENTED_EDGE('',*,*,#3828,.F.);
#8557=ORIENTED_EDGE('',*,*,#8556,.T.);
#8558=ORIENTED_EDGE('',*,*,#7069,.T.);
#8559=ORIENTED_EDGE('',*,*,#8536,.F.);
#8560=EDGE_LOOP('',(#8555,#8557,#8558,#8559));
#8561=FACE_OUTER_BOUND('',#8560,.F.);
#8562=ADVANCED_FACE('',(#8561),#8554,.T.);
#8563=FILL_AREA_STYLE_COLOUR('',#26);
#8564=FILL_AREA_STYLE('',(#8563));
#8565=SURFACE_STYLE_FILL_AREA(#8564);
#8566=SURFACE_SIDE_STYLE('',(#8565));
#8567=SURFACE_STYLE_USAGE(.POSITIVE.,#8566);
#8568=PRESENTATION_STYLE_ASSIGNMENT((#8567));
#8569=STYLED_ITEM('',(#8568),#8562);
#8570=CARTESIAN_POINT('',(1.017393690324E0,-1.019744538009E-1,0.E0));
#8571=DIRECTION('',(-1.E0,0.E0,0.E0));
#8572=DIRECTION('',(0.E0,1.E0,0.E0));
#8573=AXIS2_PLACEMENT_3D('',#8570,#8571,#8572);
#8574=PLANE('',#8573);
#8575=ORIENTED_EDGE('',*,*,#3826,.F.);
#8577=ORIENTED_EDGE('',*,*,#8576,.T.);
#8578=ORIENTED_EDGE('',*,*,#7071,.T.);
#8579=ORIENTED_EDGE('',*,*,#8556,.F.);
#8580=EDGE_LOOP('',(#8575,#8577,#8578,#8579));
#8581=FACE_OUTER_BOUND('',#8580,.F.);
#8582=ADVANCED_FACE('',(#8581),#8574,.T.);
#8583=FILL_AREA_STYLE_COLOUR('',#26);
#8584=FILL_AREA_STYLE('',(#8583));
#8585=SURFACE_STYLE_FILL_AREA(#8584);
#8586=SURFACE_SIDE_STYLE('',(#8585));
#8587=SURFACE_STYLE_USAGE(.POSITIVE.,#8586);
#8588=PRESENTATION_STYLE_ASSIGNMENT((#8587));
#8589=STYLED_ITEM('',(#8588),#8582);
#8590=CARTESIAN_POINT('',(1.00175E0,-1.658808291614E-1,0.E0));
#8591=DIRECTION('',(-9.713213633444E-1,2.377704967206E-1,0.E0));
#8592=DIRECTION('',(2.377704967206E-1,9.713213633444E-1,0.E0));
#8593=AXIS2_PLACEMENT_3D('',#8590,#8591,#8592);
#8594=PLANE('',#8593);
#8595=ORIENTED_EDGE('',*,*,#3824,.F.);
#8597=ORIENTED_EDGE('',*,*,#8596,.T.);
#8598=ORIENTED_EDGE('',*,*,#7073,.T.);
#8599=ORIENTED_EDGE('',*,*,#8576,.F.);
#8600=EDGE_LOOP('',(#8595,#8597,#8598,#8599));
#8601=FACE_OUTER_BOUND('',#8600,.F.);
#8602=ADVANCED_FACE('',(#8601),#8594,.T.);
#8603=FILL_AREA_STYLE_COLOUR('',#26);
#8604=FILL_AREA_STYLE('',(#8603));
#8605=SURFACE_STYLE_FILL_AREA(#8604);
#8606=SURFACE_SIDE_STYLE('',(#8605));
#8607=SURFACE_STYLE_USAGE(.POSITIVE.,#8606);
#8608=PRESENTATION_STYLE_ASSIGNMENT((#8607));
#8609=STYLED_ITEM('',(#8608),#8602);
#8610=CARTESIAN_POINT('',(9.704624403238E-1,-2.138106554389E-1,0.E0));
#8611=DIRECTION('',(-8.373788769559E-1,5.466229197794E-1,0.E0));
#8612=DIRECTION('',(5.466229197794E-1,8.373788769559E-1,0.E0));
#8613=AXIS2_PLACEMENT_3D('',#8610,#8611,#8612);
#8614=PLANE('',#8613);
#8615=ORIENTED_EDGE('',*,*,#3822,.F.);
#8617=ORIENTED_EDGE('',*,*,#8616,.T.);
#8618=ORIENTED_EDGE('',*,*,#7075,.T.);
#8619=ORIENTED_EDGE('',*,*,#8596,.F.);
#8620=EDGE_LOOP('',(#8615,#8617,#8618,#8619));
#8621=FACE_OUTER_BOUND('',#8620,.F.);
#8622=ADVANCED_FACE('',(#8621),#8614,.T.);
#8623=FILL_AREA_STYLE_COLOUR('',#26);
#8624=FILL_AREA_STYLE('',(#8623));
#8625=SURFACE_STYLE_FILL_AREA(#8624);
#8626=SURFACE_SIDE_STYLE('',(#8625));
#8627=SURFACE_STYLE_USAGE(.POSITIVE.,#8626);
#8628=PRESENTATION_STYLE_ASSIGNMENT((#8627));
#8629=STYLED_ITEM('',(#8628),#8622);
#8630=CARTESIAN_POINT('',(9.235311903238E-1,-2.457638431191E-1,0.E0));
#8631=DIRECTION('',(-5.627909312417E-1,8.265992787996E-1,0.E0));
#8632=DIRECTION('',(8.265992787996E-1,5.627909312417E-1,0.E0));
#8633=AXIS2_PLACEMENT_3D('',#8630,#8631,#8632);
#8634=PLANE('',#8633);
#8635=ORIENTED_EDGE('',*,*,#3820,.F.);
#8637=ORIENTED_EDGE('',*,*,#8636,.T.);
#8638=ORIENTED_EDGE('',*,*,#7077,.T.);
#8639=ORIENTED_EDGE('',*,*,#8616,.F.);
#8640=EDGE_LOOP('',(#8635,#8637,#8638,#8639));
#8641=FACE_OUTER_BOUND('',#8640,.F.);
#8642=ADVANCED_FACE('',(#8641),#8634,.T.);
#8643=FILL_AREA_STYLE_COLOUR('',#26);
#8644=FILL_AREA_STYLE('',(#8643));
#8645=SURFACE_STYLE_FILL_AREA(#8644);
#8646=SURFACE_SIDE_STYLE('',(#8645));
#8647=SURFACE_STYLE_USAGE(.POSITIVE.,#8646);
#8648=PRESENTATION_STYLE_ASSIGNMENT((#8647));
#8649=STYLED_ITEM('',(#8648),#8642);
#8650=CARTESIAN_POINT('',(8.6095625E-1,-2.617404369593E-1,0.E0));
#8651=DIRECTION('',(-2.473834390653E-1,9.689176611437E-1,0.E0));
#8652=DIRECTION('',(9.689176611437E-1,2.473834390653E-1,0.E0));
#8653=AXIS2_PLACEMENT_3D('',#8650,#8651,#8652);
#8654=PLANE('',#8653);
#8655=ORIENTED_EDGE('',*,*,#3818,.F.);
#8656=ORIENTED_EDGE('',*,*,#8438,.T.);
#8657=ORIENTED_EDGE('',*,*,#7079,.T.);
#8658=ORIENTED_EDGE('',*,*,#8636,.F.);
#8659=EDGE_LOOP('',(#8655,#8656,#8657,#8658));
#8660=FACE_OUTER_BOUND('',#8659,.F.);
#8661=ADVANCED_FACE('',(#8660),#8654,.T.);
#8662=FILL_AREA_STYLE_COLOUR('',#26);
#8663=FILL_AREA_STYLE('',(#8662));
#8664=SURFACE_STYLE_FILL_AREA(#8663);
#8665=SURFACE_SIDE_STYLE('',(#8664));
#8666=SURFACE_STYLE_USAGE(.POSITIVE.,#8665);
#8667=PRESENTATION_STYLE_ASSIGNMENT((#8666));
#8668=STYLED_ITEM('',(#8667),#8661);
#8669=CARTESIAN_POINT('',(1.61185625E0,-3.576E-1,0.E0));
#8670=DIRECTION('',(0.E0,-1.E0,0.E0));
#8671=DIRECTION('',(-1.E0,0.E0,0.E0));
#8672=AXIS2_PLACEMENT_3D('',#8669,#8670,#8671);
#8673=PLANE('',#8672);
#8674=ORIENTED_EDGE('',*,*,#3785,.F.);
#8676=ORIENTED_EDGE('',*,*,#8675,.T.);
#8677=ORIENTED_EDGE('',*,*,#7096,.T.);
#8679=ORIENTED_EDGE('',*,*,#8678,.F.);
#8680=EDGE_LOOP('',(#8674,#8676,#8677,#8679));
#8681=FACE_OUTER_BOUND('',#8680,.F.);
#8682=ADVANCED_FACE('',(#8681),#8673,.T.);
#8683=FILL_AREA_STYLE_COLOUR('',#26);
#8684=FILL_AREA_STYLE('',(#8683));
#8685=SURFACE_STYLE_FILL_AREA(#8684);
#8686=SURFACE_SIDE_STYLE('',(#8685));
#8687=SURFACE_STYLE_USAGE(.POSITIVE.,#8686);
#8688=PRESENTATION_STYLE_ASSIGNMENT((#8687));
#8689=STYLED_ITEM('',(#8688),#8682);
#8690=CARTESIAN_POINT('',(1.862156369352E0,3.933E-1,0.E0));
#8691=DIRECTION('',(9.486832528138E-1,-3.162279017271E-1,0.E0));
#8692=DIRECTION('',(-3.162279017271E-1,-9.486832528138E-1,0.E0));
#8693=AXIS2_PLACEMENT_3D('',#8690,#8691,#8692);
#8694=PLANE('',#8693);
#8695=ORIENTED_EDGE('',*,*,#3799,.F.);
#8697=ORIENTED_EDGE('',*,*,#8696,.T.);
#8698=ORIENTED_EDGE('',*,*,#7098,.T.);
#8699=ORIENTED_EDGE('',*,*,#8675,.F.);
#8700=EDGE_LOOP('',(#8695,#8697,#8698,#8699));
#8701=FACE_OUTER_BOUND('',#8700,.F.);
#8702=ADVANCED_FACE('',(#8701),#8694,.T.);
#8703=FILL_AREA_STYLE_COLOUR('',#26);
#8704=FILL_AREA_STYLE('',(#8703));
#8705=SURFACE_STYLE_FILL_AREA(#8704);
#8706=SURFACE_SIDE_STYLE('',(#8705));
#8707=SURFACE_STYLE_USAGE(.POSITIVE.,#8706);
#8708=PRESENTATION_STYLE_ASSIGNMENT((#8707));
#8709=STYLED_ITEM('',(#8708),#8702);
#8710=CARTESIAN_POINT('',(1.768293869352E0,3.933E-1,0.E0));
#8711=DIRECTION('',(0.E0,1.E0,0.E0));
#8712=DIRECTION('',(1.E0,0.E0,0.E0));
#8713=AXIS2_PLACEMENT_3D('',#8710,#8711,#8712);
#8714=PLANE('',#8713);
#8715=ORIENTED_EDGE('',*,*,#3797,.F.);
#8717=ORIENTED_EDGE('',*,*,#8716,.T.);
#8718=ORIENTED_EDGE('',*,*,#7100,.T.);
#8719=ORIENTED_EDGE('',*,*,#8696,.F.);
#8720=EDGE_LOOP('',(#8715,#8717,#8718,#8719));
#8721=FACE_OUTER_BOUND('',#8720,.F.);
#8722=ADVANCED_FACE('',(#8721),#8714,.T.);
#8723=FILL_AREA_STYLE_COLOUR('',#26);
#8724=FILL_AREA_STYLE('',(#8723));
#8725=SURFACE_STYLE_FILL_AREA(#8724);
#8726=SURFACE_SIDE_STYLE('',(#8725));
#8727=SURFACE_STYLE_USAGE(.POSITIVE.,#8726);
#8728=PRESENTATION_STYLE_ASSIGNMENT((#8727));
#8729=STYLED_ITEM('',(#8728),#8722);
#8730=CARTESIAN_POINT('',(1.70571875E0,2.015808515400E-1,0.E0));
#8731=DIRECTION('',(-9.506450282288E-1,3.102805670740E-1,0.E0));
#8732=DIRECTION('',(3.102805670740E-1,9.506450282288E-1,0.E0));
#8733=AXIS2_PLACEMENT_3D('',#8730,#8731,#8732);
#8734=PLANE('',#8733);
#8735=ORIENTED_EDGE('',*,*,#3795,.F.);
#8737=ORIENTED_EDGE('',*,*,#8736,.T.);
#8738=ORIENTED_EDGE('',*,*,#7102,.T.);
#8739=ORIENTED_EDGE('',*,*,#8716,.F.);
#8740=EDGE_LOOP('',(#8735,#8737,#8738,#8739));
#8741=FACE_OUTER_BOUND('',#8740,.F.);
#8742=ADVANCED_FACE('',(#8741),#8734,.T.);
#8743=FILL_AREA_STYLE_COLOUR('',#26);
#8744=FILL_AREA_STYLE('',(#8743));
#8745=SURFACE_STYLE_FILL_AREA(#8744);
#8746=SURFACE_SIDE_STYLE('',(#8745));
#8747=SURFACE_STYLE_USAGE(.POSITIVE.,#8746);
#8748=PRESENTATION_STYLE_ASSIGNMENT((#8747));
#8749=STYLED_ITEM('',(#8748),#8742);
#8750=CARTESIAN_POINT('',(1.392843869352E0,2.015808515400E-1,0.E0));
#8751=DIRECTION('',(0.E0,1.E0,0.E0));
#8752=DIRECTION('',(1.E0,0.E0,0.E0));
#8753=AXIS2_PLACEMENT_3D('',#8750,#8751,#8752);
#8754=PLANE('',#8753);
#8755=ORIENTED_EDGE('',*,*,#3793,.F.);
#8757=ORIENTED_EDGE('',*,*,#8756,.T.);
#8758=ORIENTED_EDGE('',*,*,#7104,.T.);
#8759=ORIENTED_EDGE('',*,*,#8736,.F.);
#8760=EDGE_LOOP('',(#8755,#8757,#8758,#8759));
#8761=FACE_OUTER_BOUND('',#8760,.F.);
#8762=ADVANCED_FACE('',(#8761),#8754,.T.);
#8763=FILL_AREA_STYLE_COLOUR('',#26);
#8764=FILL_AREA_STYLE('',(#8763));
#8765=SURFACE_STYLE_FILL_AREA(#8764);
#8766=SURFACE_SIDE_STYLE('',(#8765));
#8767=SURFACE_STYLE_USAGE(.POSITIVE.,#8766);
#8768=PRESENTATION_STYLE_ASSIGNMENT((#8767));
#8769=STYLED_ITEM('',(#8768),#8762);
#8770=CARTESIAN_POINT('',(1.33026875E0,3.933E-1,0.E0));
#8771=DIRECTION('',(9.506450282288E-1,3.102805670740E-1,0.E0));
#8772=DIRECTION('',(3.102805670740E-1,-9.506450282288E-1,0.E0));
#8773=AXIS2_PLACEMENT_3D('',#8770,#8771,#8772);
#8774=PLANE('',#8773);
#8775=ORIENTED_EDGE('',*,*,#3791,.F.);
#8777=ORIENTED_EDGE('',*,*,#8776,.T.);
#8778=ORIENTED_EDGE('',*,*,#7106,.T.);
#8779=ORIENTED_EDGE('',*,*,#8756,.F.);
#8780=EDGE_LOOP('',(#8775,#8777,#8778,#8779));
#8781=FACE_OUTER_BOUND('',#8780,.F.);
#8782=ADVANCED_FACE('',(#8781),#8774,.T.);
#8783=FILL_AREA_STYLE_COLOUR('',#26);
#8784=FILL_AREA_STYLE('',(#8783));
#8785=SURFACE_STYLE_FILL_AREA(#8784);
#8786=SURFACE_SIDE_STYLE('',(#8785));
#8787=SURFACE_STYLE_USAGE(.POSITIVE.,#8786);
#8788=PRESENTATION_STYLE_ASSIGNMENT((#8787));
#8789=STYLED_ITEM('',(#8788),#8782);
#8790=CARTESIAN_POINT('',(1.23640625E0,3.933E-1,0.E0));
#8791=DIRECTION('',(0.E0,1.E0,0.E0));
#8792=DIRECTION('',(1.E0,0.E0,0.E0));
#8793=AXIS2_PLACEMENT_3D('',#8790,#8791,#8792);
#8794=PLANE('',#8793);
#8795=ORIENTED_EDGE('',*,*,#3789,.F.);
#8797=ORIENTED_EDGE('',*,*,#8796,.T.);
#8798=ORIENTED_EDGE('',*,*,#7108,.T.);
#8799=ORIENTED_EDGE('',*,*,#8776,.F.);
#8800=EDGE_LOOP('',(#8795,#8797,#8798,#8799));
#8801=FACE_OUTER_BOUND('',#8800,.F.);
#8802=ADVANCED_FACE('',(#8801),#8794,.T.);
#8803=FILL_AREA_STYLE_COLOUR('',#26);
#8804=FILL_AREA_STYLE('',(#8803));
#8805=SURFACE_STYLE_FILL_AREA(#8804);
#8806=SURFACE_SIDE_STYLE('',(#8805));
#8807=SURFACE_STYLE_USAGE(.POSITIVE.,#8806);
#8808=PRESENTATION_STYLE_ASSIGNMENT((#8807));
#8809=STYLED_ITEM('',(#8808),#8802);
#8810=CARTESIAN_POINT('',(1.486706369352E0,-3.576E-1,0.E0));
#8811=DIRECTION('',(-9.486832528138E-1,-3.162279017271E-1,0.E0));
#8812=DIRECTION('',(-3.162279017271E-1,9.486832528138E-1,0.E0));
#8813=AXIS2_PLACEMENT_3D('',#8810,#8811,#8812);
#8814=PLANE('',#8813);
#8815=ORIENTED_EDGE('',*,*,#3787,.F.);
#8816=ORIENTED_EDGE('',*,*,#8678,.T.);
#8817=ORIENTED_EDGE('',*,*,#7110,.T.);
#8818=ORIENTED_EDGE('',*,*,#8796,.F.);
#8819=EDGE_LOOP('',(#8815,#8816,#8817,#8818));
#8820=FACE_OUTER_BOUND('',#8819,.F.);
#8821=ADVANCED_FACE('',(#8820),#8814,.T.);
#8822=FILL_AREA_STYLE_COLOUR('',#26);
#8823=FILL_AREA_STYLE('',(#8822));
#8824=SURFACE_STYLE_FILL_AREA(#8823);
#8825=SURFACE_SIDE_STYLE('',(#8824));
#8826=SURFACE_STYLE_USAGE(.POSITIVE.,#8825);
#8827=PRESENTATION_STYLE_ASSIGNMENT((#8826));
#8828=STYLED_ITEM('',(#8827),#8821);
#8829=CARTESIAN_POINT('',(1.549281130648E0,-2.936936246395E-1,0.E0));
#8830=DIRECTION('',(-9.506452063546E-1,3.102800213276E-1,0.E0));
#8831=DIRECTION('',(3.102800213276E-1,9.506452063546E-1,0.E0));
#8832=AXIS2_PLACEMENT_3D('',#8829,#8830,#8831);
#8833=PLANE('',#8832);
#8834=ORIENTED_EDGE('',*,*,#3855,.F.);
#8836=ORIENTED_EDGE('',*,*,#8835,.T.);
#8837=ORIENTED_EDGE('',*,*,#7114,.T.);
#8839=ORIENTED_EDGE('',*,*,#8838,.F.);
#8840=EDGE_LOOP('',(#8834,#8836,#8837,#8839));
#8841=FACE_OUTER_BOUND('',#8840,.F.);
#8842=ADVANCED_FACE('',(#8841),#8833,.T.);
#8843=FILL_AREA_STYLE_COLOUR('',#26);
#8844=FILL_AREA_STYLE('',(#8843));
#8845=SURFACE_STYLE_FILL_AREA(#8844);
#8846=SURFACE_SIDE_STYLE('',(#8845));
#8847=SURFACE_STYLE_USAGE(.POSITIVE.,#8846);
#8848=PRESENTATION_STYLE_ASSIGNMENT((#8847));
#8849=STYLED_ITEM('',(#8848),#8842);
#8850=CARTESIAN_POINT('',(1.408487380648E0,1.376744761795E-1,0.E0));
#8851=DIRECTION('',(9.506452063546E-1,3.102800213276E-1,0.E0));
#8852=DIRECTION('',(3.102800213276E-1,-9.506452063546E-1,0.E0));
#8853=AXIS2_PLACEMENT_3D('',#8850,#8851,#8852);
#8854=PLANE('',#8853);
#8855=ORIENTED_EDGE('',*,*,#3859,.F.);
#8857=ORIENTED_EDGE('',*,*,#8856,.T.);
#8858=ORIENTED_EDGE('',*,*,#7116,.T.);
#8859=ORIENTED_EDGE('',*,*,#8835,.F.);
#8860=EDGE_LOOP('',(#8855,#8857,#8858,#8859));
#8861=FACE_OUTER_BOUND('',#8860,.F.);
#8862=ADVANCED_FACE('',(#8861),#8854,.T.);
#8863=FILL_AREA_STYLE_COLOUR('',#26);
#8864=FILL_AREA_STYLE('',(#8863));
#8865=SURFACE_STYLE_FILL_AREA(#8864);
#8866=SURFACE_SIDE_STYLE('',(#8865));
#8867=SURFACE_STYLE_USAGE(.POSITIVE.,#8866);
#8868=PRESENTATION_STYLE_ASSIGNMENT((#8867));
#8869=STYLED_ITEM('',(#8868),#8862);
#8870=CARTESIAN_POINT('',(1.690074880648E0,1.376744761795E-1,0.E0));
#8871=DIRECTION('',(0.E0,-1.E0,0.E0));
#8872=DIRECTION('',(-1.E0,0.E0,0.E0));
#8873=AXIS2_PLACEMENT_3D('',#8870,#8871,#8872);
#8874=PLANE('',#8873);
#8875=ORIENTED_EDGE('',*,*,#3857,.F.);
#8876=ORIENTED_EDGE('',*,*,#8838,.T.);
#8877=ORIENTED_EDGE('',*,*,#7118,.T.);
#8878=ORIENTED_EDGE('',*,*,#8856,.F.);
#8879=EDGE_LOOP('',(#8875,#8876,#8877,#8878));
#8880=FACE_OUTER_BOUND('',#8879,.F.);
#8881=ADVANCED_FACE('',(#8880),#8874,.T.);
#8882=FILL_AREA_STYLE_COLOUR('',#26);
#8883=FILL_AREA_STYLE('',(#8882));
#8884=SURFACE_STYLE_FILL_AREA(#8883);
#8885=SURFACE_SIDE_STYLE('',(#8884));
#8886=SURFACE_STYLE_USAGE(.POSITIVE.,#8885);
#8887=PRESENTATION_STYLE_ASSIGNMENT((#8886));
#8888=STYLED_ITEM('',(#8887),#8881);
#8889=CLOSED_SHELL('',(#3463,#3803,#3842,#3863,#3885,#3906,#3927,#3948,#3969,
#3991,#4066,#4086,#4106,#4126,#4146,#4166,#4186,#4207,#4228,#4248,#4268,#4287,
#4307,#4327,#4346,#4366,#4386,#4406,#4426,#4445,#4465,#4485,#4504,#4526,#4547,
#4568,#4588,#4617,#4639,#4661,#4699,#4721,#4758,#4778,#4798,#4818,#4838,#4857,
#4877,#4897,#4917,#4936,#4966,#4988,#5017,#5037,#5058,#5078,#5097,#5116,#5135,
#5165,#5187,#5216,#5236,#5256,#5277,#5296,#5315,#5334,#5364,#5386,#5415,#5435,
#5455,#5476,#5495,#5514,#5533,#5555,#5578,#5600,#5621,#5641,#5661,#5680,#5700,
#5720,#5739,#5769,#5791,#5820,#5840,#5860,#5881,#5900,#5919,#5938,#5968,#5990,
#6019,#6039,#6059,#6080,#6099,#6118,#6137,#6167,#6189,#6218,#6238,#6258,#6279,
#6298,#6317,#6336,#6366,#6388,#6417,#6437,#6457,#6478,#6497,#6516,#6535,#6565,
#6587,#6616,#6636,#6656,#6677,#6696,#6715,#6734,#6756,#6777,#6798,#6819,#6840,
#6860,#6881,#6975,#7014,#7083,#7122,#7143,#7163,#7183,#7203,#7223,#7243,#7263,
#7283,#7303,#7323,#7343,#7363,#7383,#7403,#7423,#7443,#7463,#7483,#7502,#7522,
#7542,#7562,#7582,#7602,#7622,#7642,#7662,#7682,#7702,#7722,#7742,#7762,#7782,
#7802,#7822,#7842,#7862,#7882,#7901,#7922,#7942,#7962,#7982,#8002,#8022,#8042,
#8062,#8082,#8102,#8122,#8141,#8162,#8182,#8202,#8222,#8242,#8262,#8282,#8302,
#8322,#8342,#8362,#8382,#8402,#8421,#8442,#8462,#8482,#8502,#8522,#8542,#8562,
#8582,#8602,#8622,#8642,#8661,#8682,#8702,#8722,#8742,#8762,#8782,#8802,#8821,
#8842,#8862,#8881));
#8890=MANIFOLD_SOLID_BREP('',#8889);
#8891=DIRECTION('',(1.E0,0.E0,0.E0));
#8892=VECTOR('',#8891,1.E0);
#8893=CARTESIAN_POINT('',(3.5E0,3.35E0,-1.02E-2));
#8894=LINE('',#8893,#8892);
#8895=DIRECTION('',(0.E0,-1.E0,0.E0));
#8896=VECTOR('',#8895,5.E-1);
#8897=CARTESIAN_POINT('',(3.5E0,3.35E0,8.462526058330E-2));
#8898=LINE('',#8897,#8896);
#8899=DIRECTION('',(0.E0,0.E0,1.E0));
#8900=VECTOR('',#8899,9.482526058330E-2);
#8901=CARTESIAN_POINT('',(3.5E0,2.85E0,-1.02E-2));
#8902=LINE('',#8901,#8900);
#8903=CARTESIAN_POINT('',(3.5E0,2.823E0,-1.02E-2));
#8904=DIRECTION('',(1.E0,0.E0,0.E0));
#8905=DIRECTION('',(0.E0,7.524861815493E-1,-6.586080371339E-1));
#8906=AXIS2_PLACEMENT_3D('',#8903,#8904,#8905);
#8908=DIRECTION('',(0.E0,6.586080371339E-1,7.524861815493E-1));
#8909=VECTOR('',#8908,1.579703077219E-1);
#8910=CARTESIAN_POINT('',(3.5E0,2.739276612608E0,-1.468528906584E-1));
#8911=LINE('',#8910,#8909);
#8912=DIRECTION('',(0.E0,7.524861815493E-1,-6.586080371339E-1));
#8913=VECTOR('',#8912,5.E-1);
#8914=CARTESIAN_POINT('',(3.5E0,2.739276612608E0,-1.468528906584E-1));
#8915=LINE('',#8914,#8913);
#8916=DIRECTION('',(0.E0,-6.586080371339E-1,-7.524861815493E-1));
#8917=VECTOR('',#8916,1.579703077219E-1);
#8918=CARTESIAN_POINT('',(3.5E0,3.219560217676E0,-3.572864355696E-1));
#8919=LINE('',#8918,#8917);
#8920=CARTESIAN_POINT('',(3.5E0,2.823E0,-1.02E-2));
#8921=DIRECTION('',(-1.E0,0.E0,0.E0));
#8922=DIRECTION('',(0.E0,1.E0,0.E0));
#8923=AXIS2_PLACEMENT_3D('',#8920,#8921,#8922);
#8925=DIRECTION('',(0.E0,0.E0,-1.E0));
#8926=VECTOR('',#8925,9.482526058330E-2);
#8927=CARTESIAN_POINT('',(3.5E0,3.35E0,8.462526058330E-2));
#8928=LINE('',#8927,#8926);
#8929=DIRECTION('',(1.E0,0.E0,0.E0));
#8930=VECTOR('',#8929,5.481363571646E0);
#8931=CARTESIAN_POINT('',(-2.740681785823E0,3.35E0,1.1E0));
#8932=LINE('',#8931,#8930);
#8933=DIRECTION('',(0.E0,0.E0,1.E0));
#8934=VECTOR('',#8933,1.015374739417E0);
#8935=CARTESIAN_POINT('',(2.740681785823E0,3.35E0,8.462526058330E-2));
#8936=LINE('',#8935,#8934);
#8937=DIRECTION('',(-1.E0,0.E0,0.E0));
#8938=VECTOR('',#8937,7.593182141769E-1);
#8939=CARTESIAN_POINT('',(3.5E0,3.35E0,8.462526058330E-2));
#8940=LINE('',#8939,#8938);
#8941=DIRECTION('',(1.E0,0.E0,0.E0));
#8942=VECTOR('',#8941,1.5E0);
#8943=CARTESIAN_POINT('',(4.5E0,3.35E0,1.1E0));
#8944=LINE('',#8943,#8942);
#8945=DIRECTION('',(0.E0,0.E0,-1.E0));
#8946=VECTOR('',#8945,2.4E0);
#8947=CARTESIAN_POINT('',(6.E0,3.35E0,1.1E0));
#8948=LINE('',#8947,#8946);
#8949=DIRECTION('',(1.E0,0.E0,0.E0));
#8950=VECTOR('',#8949,1.002506281447E0);
#8951=CARTESIAN_POINT('',(6.E0,3.35E0,-1.3E0));
#8952=LINE('',#8951,#8950);
#8953=DIRECTION('',(0.E0,0.E0,-1.E0));
#8954=VECTOR('',#8953,2.45E0);
#8955=CARTESIAN_POINT('',(7.002506281447E0,3.35E0,-1.3E0));
#8956=LINE('',#8955,#8954);
#8957=CARTESIAN_POINT('',(7.5E0,3.35E0,-3.8E0));
#8958=DIRECTION('',(0.E0,-1.E0,0.E0));
#8959=DIRECTION('',(-9.949874371066E-1,0.E0,1.E-1));
#8960=AXIS2_PLACEMENT_3D('',#8957,#8958,#8959);
#8962=CARTESIAN_POINT('',(-7.5E0,3.35E0,-3.8E0));
#8963=DIRECTION('',(0.E0,-1.E0,0.E0));
#8964=DIRECTION('',(-1.E0,0.E0,0.E0));
#8965=AXIS2_PLACEMENT_3D('',#8962,#8963,#8964);
#8967=DIRECTION('',(0.E0,0.E0,1.E0));
#8968=VECTOR('',#8967,2.45E0);
#8969=CARTESIAN_POINT('',(-7.002506281447E0,3.35E0,-3.75E0));
#8970=LINE('',#8969,#8968);
#8971=DIRECTION('',(1.E0,0.E0,0.E0));
#8972=VECTOR('',#8971,1.002506281447E0);
#8973=CARTESIAN_POINT('',(-7.002506281447E0,3.35E0,-1.3E0));
#8974=LINE('',#8973,#8972);
#8975=DIRECTION('',(0.E0,0.E0,1.E0));
#8976=VECTOR('',#8975,2.4E0);
#8977=CARTESIAN_POINT('',(-6.E0,3.35E0,-1.3E0));
#8978=LINE('',#8977,#8976);
#8979=DIRECTION('',(1.E0,0.E0,0.E0));
#8980=VECTOR('',#8979,1.5E0);
#8981=CARTESIAN_POINT('',(-6.E0,3.35E0,1.1E0));
#8982=LINE('',#8981,#8980);
#8983=DIRECTION('',(1.E0,0.E0,0.E0));
#8984=VECTOR('',#8983,7.593182141769E-1);
#8985=CARTESIAN_POINT('',(-3.5E0,3.35E0,8.462526058330E-2));
#8986=LINE('',#8985,#8984);
#8987=DIRECTION('',(0.E0,0.E0,1.E0));
#8988=VECTOR('',#8987,1.015374739417E0);
#8989=CARTESIAN_POINT('',(-2.740681785823E0,3.35E0,8.462526058330E-2));
#8990=LINE('',#8989,#8988);
#8991=DIRECTION('',(0.E0,0.E0,-1.E0));
#8992=VECTOR('',#8991,2.0335E0);
#8993=CARTESIAN_POINT('',(6.7006E0,3.35E0,4.7745E0));
#8994=LINE('',#8993,#8992);
#8995=DIRECTION('',(-1.E0,0.E0,0.E0));
#8996=VECTOR('',#8995,8.E-1);
#8997=CARTESIAN_POINT('',(6.7006E0,3.35E0,2.741E0));
#8998=LINE('',#8997,#8996);
#8999=DIRECTION('',(0.E0,0.E0,1.E0));
#9000=VECTOR('',#8999,2.0335E0);
#9001=CARTESIAN_POINT('',(5.9006E0,3.35E0,2.741E0));
#9002=LINE('',#9001,#9000);
#9003=DIRECTION('',(1.E0,0.E0,0.E0));
#9004=VECTOR('',#9003,8.E-1);
#9005=CARTESIAN_POINT('',(5.9006E0,3.35E0,4.7745E0));
#9006=LINE('',#9005,#9004);
#9007=DIRECTION('',(0.E0,0.E0,-1.E0));
#9008=VECTOR('',#9007,2.0538E0);
#9009=CARTESIAN_POINT('',(5.1492E0,3.35E0,4.8015E0));
#9010=LINE('',#9009,#9008);
#9011=DIRECTION('',(-1.E0,0.E0,0.E0));
#9012=VECTOR('',#9011,1.2135E0);
#9013=CARTESIAN_POINT('',(5.1492E0,3.35E0,2.7477E0));
#9014=LINE('',#9013,#9012);
#9015=DIRECTION('',(0.E0,0.E0,1.E0));
#9016=VECTOR('',#9015,2.0538E0);
#9017=CARTESIAN_POINT('',(3.9357E0,3.35E0,2.7477E0));
#9018=LINE('',#9017,#9016);
#9019=DIRECTION('',(1.E0,0.E0,0.E0));
#9020=VECTOR('',#9019,1.2135E0);
#9021=CARTESIAN_POINT('',(3.9357E0,3.35E0,4.8015E0));
#9022=LINE('',#9021,#9020);
#9023=DIRECTION('',(0.E0,0.E0,-1.E0));
#9024=VECTOR('',#9023,2.0335E0);
#9025=CARTESIAN_POINT('',(3.2888E0,3.35E0,4.7745E0));
#9026=LINE('',#9025,#9024);
#9027=DIRECTION('',(-1.E0,0.E0,0.E0));
#9028=VECTOR('',#9027,8.E-1);
#9029=CARTESIAN_POINT('',(3.2888E0,3.35E0,2.741E0));
#9030=LINE('',#9029,#9028);
#9031=DIRECTION('',(0.E0,0.E0,1.E0));
#9032=VECTOR('',#9031,2.0335E0);
#9033=CARTESIAN_POINT('',(2.4888E0,3.35E0,2.741E0));
#9034=LINE('',#9033,#9032);
#9035=DIRECTION('',(1.E0,0.E0,0.E0));
#9036=VECTOR('',#9035,8.E-1);
#9037=CARTESIAN_POINT('',(2.4888E0,3.35E0,4.7745E0));
#9038=LINE('',#9037,#9036);
#9039=DIRECTION('',(0.E0,1.E0,0.E0));
#9040=VECTOR('',#9039,5.E-1);
#9041=CARTESIAN_POINT('',(-4.5E0,2.85E0,1.1E0));
#9042=LINE('',#9041,#9040);
#9043=DIRECTION('',(0.E0,1.E0,0.E0));
#9044=VECTOR('',#9043,5.E-1);
#9045=CARTESIAN_POINT('',(-6.E0,2.85E0,1.1E0));
#9046=LINE('',#9045,#9044);
#9047=DIRECTION('',(1.E0,0.E0,0.E0));
#9048=VECTOR('',#9047,1.5E0);
#9049=CARTESIAN_POINT('',(-6.E0,2.85E0,1.1E0));
#9050=LINE('',#9049,#9048);
#9051=DIRECTION('',(0.E0,1.E0,0.E0));
#9052=VECTOR('',#9051,5.E-1);
#9053=CARTESIAN_POINT('',(4.5E0,2.85E0,1.1E0));
#9054=LINE('',#9053,#9052);
#9055=DIRECTION('',(1.E0,0.E0,0.E0));
#9056=VECTOR('',#9055,1.5E0);
#9057=CARTESIAN_POINT('',(4.5E0,2.85E0,1.1E0));
#9058=LINE('',#9057,#9056);
#9059=DIRECTION('',(0.E0,1.E0,0.E0));
#9060=VECTOR('',#9059,5.E-1);
#9061=CARTESIAN_POINT('',(6.E0,2.85E0,1.1E0));
#9062=LINE('',#9061,#9060);
#9063=DIRECTION('',(0.E0,1.E0,0.E0));
#9064=VECTOR('',#9063,5.E-1);
#9065=CARTESIAN_POINT('',(2.740681785823E0,2.85E0,1.1E0));
#9066=LINE('',#9065,#9064);
#9067=DIRECTION('',(0.E0,1.E0,0.E0));
#9068=VECTOR('',#9067,5.E-1);
#9069=CARTESIAN_POINT('',(-2.740681785823E0,2.85E0,1.1E0));
#9070=LINE('',#9069,#9068);
#9071=DIRECTION('',(1.E0,0.E0,0.E0));
#9072=VECTOR('',#9071,5.481363571646E0);
#9073=CARTESIAN_POINT('',(-2.740681785823E0,2.85E0,1.1E0));
#9074=LINE('',#9073,#9072);
#9075=DIRECTION('',(0.E0,-7.524861815493E-1,6.586080371339E-1));
#9076=VECTOR('',#9075,5.E-1);
#9077=CARTESIAN_POINT('',(-4.5E0,3.115519703382E0,-4.761569092253E-1));
#9078=LINE('',#9077,#9076);
#9079=DIRECTION('',(0.E0,-6.586080371339E-1,-7.524861815493E-1));
#9080=VECTOR('',#9079,1.579703077219E-1);
#9081=CARTESIAN_POINT('',(-4.5E0,3.219560217676E0,-3.572864355696E-1));
#9082=LINE('',#9081,#9080);
#9083=CARTESIAN_POINT('',(-4.5E0,2.823E0,-1.02E-2));
#9084=DIRECTION('',(-1.E0,0.E0,0.E0));
#9085=DIRECTION('',(0.E0,1.E0,0.E0));
#9086=AXIS2_PLACEMENT_3D('',#9083,#9084,#9085);
#9088=DIRECTION('',(0.E0,0.E0,-1.E0));
#9089=VECTOR('',#9088,1.1102E0);
#9090=CARTESIAN_POINT('',(-4.5E0,3.35E0,1.1E0));
#9091=LINE('',#9090,#9089);
#9092=DIRECTION('',(0.E0,0.E0,1.E0));
#9093=VECTOR('',#9092,1.1102E0);
#9094=CARTESIAN_POINT('',(-4.5E0,2.85E0,-1.02E-2));
#9095=LINE('',#9094,#9093);
#9096=CARTESIAN_POINT('',(-4.5E0,2.823E0,-1.02E-2));
#9097=DIRECTION('',(1.E0,0.E0,0.E0));
#9098=DIRECTION('',(0.E0,7.524861815493E-1,-6.586080371339E-1));
#9099=AXIS2_PLACEMENT_3D('',#9096,#9097,#9098);
#9101=DIRECTION('',(0.E0,6.586080371339E-1,7.524861815493E-1));
#9102=VECTOR('',#9101,1.579703077219E-1);
#9103=CARTESIAN_POINT('',(-4.5E0,2.739276612608E0,-1.468528906584E-1));
#9104=LINE('',#9103,#9102);
#9105=CARTESIAN_POINT('',(-4.E0,2.739276612608E0,-1.468528906584E-1));
#9106=DIRECTION('',(0.E0,-7.524861815493E-1,6.586080371339E-1));
#9107=DIRECTION('',(-1.E0,0.E0,0.E0));
#9108=AXIS2_PLACEMENT_3D('',#9105,#9106,#9107);
#9110=DIRECTION('',(-1.E0,0.E0,0.E0));
#9111=VECTOR('',#9110,1.E0);
#9112=CARTESIAN_POINT('',(-3.5E0,2.843317126902E0,-2.798241700261E-2));
#9113=LINE('',#9112,#9111);
#9114=DIRECTION('',(0.E0,-1.E0,0.E0));
#9115=VECTOR('',#9114,5.E-1);
#9116=CARTESIAN_POINT('',(-3.5E0,3.35E0,8.462526058330E-2));
#9117=LINE('',#9116,#9115);
#9118=DIRECTION('',(0.E0,0.E0,-1.E0));
#9119=VECTOR('',#9118,9.482526058330E-2);
#9120=CARTESIAN_POINT('',(-3.5E0,3.35E0,8.462526058330E-2));
#9121=LINE('',#9120,#9119);
#9122=CARTESIAN_POINT('',(-3.5E0,2.823E0,-1.02E-2));
#9123=DIRECTION('',(-1.E0,0.E0,0.E0));
#9124=DIRECTION('',(0.E0,1.E0,0.E0));
#9125=AXIS2_PLACEMENT_3D('',#9122,#9123,#9124);
#9127=DIRECTION('',(0.E0,-6.586080371339E-1,-7.524861815493E-1));
#9128=VECTOR('',#9127,1.579703077219E-1);
#9129=CARTESIAN_POINT('',(-3.5E0,3.219560217676E0,-3.572864355696E-1));
#9130=LINE('',#9129,#9128);
#9131=DIRECTION('',(0.E0,-7.524861815493E-1,6.586080371339E-1));
#9132=VECTOR('',#9131,5.E-1);
#9133=CARTESIAN_POINT('',(-3.5E0,3.115519703382E0,-4.761569092253E-1));
#9134=LINE('',#9133,#9132);
#9135=DIRECTION('',(0.E0,6.586080371339E-1,7.524861815493E-1));
#9136=VECTOR('',#9135,1.579703077219E-1);
#9137=CARTESIAN_POINT('',(-3.5E0,2.739276612608E0,-1.468528906584E-1));
#9138=LINE('',#9137,#9136);
#9139=CARTESIAN_POINT('',(-3.5E0,2.823E0,-1.02E-2));
#9140=DIRECTION('',(1.E0,0.E0,0.E0));
#9141=DIRECTION('',(0.E0,7.524861815493E-1,-6.586080371339E-1));
#9142=AXIS2_PLACEMENT_3D('',#9139,#9140,#9141);
#9144=DIRECTION('',(0.E0,0.E0,1.E0));
#9145=VECTOR('',#9144,9.482526058330E-2);
#9146=CARTESIAN_POINT('',(-3.5E0,2.85E0,-1.02E-2));
#9147=LINE('',#9146,#9145);
#9148=DIRECTION('',(-1.E0,0.E0,0.E0));
#9149=VECTOR('',#9148,7.593182141769E-1);
#9150=CARTESIAN_POINT('',(3.5E0,2.85E0,8.462526058330E-2));
#9151=LINE('',#9150,#9149);
#9152=DIRECTION('',(0.E0,0.E0,1.E0));
#9153=VECTOR('',#9152,1.015374739417E0);
#9154=CARTESIAN_POINT('',(2.740681785823E0,2.85E0,8.462526058330E-2));
#9155=LINE('',#9154,#9153);
#9156=DIRECTION('',(0.E0,0.E0,1.E0));
#9157=VECTOR('',#9156,1.015374739417E0);
#9158=CARTESIAN_POINT('',(-2.740681785823E0,2.85E0,8.462526058330E-2));
#9159=LINE('',#9158,#9157);
#9160=DIRECTION('',(1.E0,0.E0,0.E0));
#9161=VECTOR('',#9160,7.593182141769E-1);
#9162=CARTESIAN_POINT('',(-3.5E0,2.85E0,8.462526058330E-2));
#9163=LINE('',#9162,#9161);
#9164=DIRECTION('',(-1.E0,0.E0,0.E0));
#9165=VECTOR('',#9164,1.E0);
#9166=CARTESIAN_POINT('',(-3.5E0,2.85E0,-1.02E-2));
#9167=LINE('',#9166,#9165);
#9168=DIRECTION('',(0.E0,0.E0,1.E0));
#9169=VECTOR('',#9168,2.4E0);
#9170=CARTESIAN_POINT('',(-6.E0,2.85E0,-1.3E0));
#9171=LINE('',#9170,#9169);
#9172=DIRECTION('',(1.E0,0.E0,0.E0));
#9173=VECTOR('',#9172,1.002506281447E0);
#9174=CARTESIAN_POINT('',(-7.002506281447E0,2.85E0,-1.3E0));
#9175=LINE('',#9174,#9173);
#9176=DIRECTION('',(0.E0,0.E0,1.E0));
#9177=VECTOR('',#9176,2.45E0);
#9178=CARTESIAN_POINT('',(-7.002506281447E0,2.85E0,-3.75E0));
#9179=LINE('',#9178,#9177);
#9180=CARTESIAN_POINT('',(-7.5E0,2.85E0,-3.8E0));
#9181=DIRECTION('',(0.E0,-1.E0,0.E0));
#9182=DIRECTION('',(-1.E0,0.E0,0.E0));
#9183=AXIS2_PLACEMENT_3D('',#9180,#9181,#9182);
#9185=DIRECTION('',(1.E0,0.E0,0.E0));
#9186=VECTOR('',#9185,1.6E1);
#9187=CARTESIAN_POINT('',(-8.E0,2.85E0,6.05E0));
#9188=LINE('',#9187,#9186);
#9189=CARTESIAN_POINT('',(7.5E0,2.85E0,-3.8E0));
#9190=DIRECTION('',(0.E0,-1.E0,0.E0));
#9191=DIRECTION('',(-9.949874371066E-1,0.E0,1.E-1));
#9192=AXIS2_PLACEMENT_3D('',#9189,#9190,#9191);
#9194=DIRECTION('',(0.E0,0.E0,-1.E0));
#9195=VECTOR('',#9194,2.45E0);
#9196=CARTESIAN_POINT('',(7.002506281447E0,2.85E0,-1.3E0));
#9197=LINE('',#9196,#9195);
#9198=DIRECTION('',(1.E0,0.E0,0.E0));
#9199=VECTOR('',#9198,1.002506281447E0);
#9200=CARTESIAN_POINT('',(6.E0,2.85E0,-1.3E0));
#9201=LINE('',#9200,#9199);
#9202=DIRECTION('',(0.E0,0.E0,-1.E0));
#9203=VECTOR('',#9202,2.4E0);
#9204=CARTESIAN_POINT('',(6.E0,2.85E0,1.1E0));
#9205=LINE('',#9204,#9203);
#9206=DIRECTION('',(1.E0,0.E0,0.E0));
#9207=VECTOR('',#9206,1.E0);
#9208=CARTESIAN_POINT('',(3.5E0,2.85E0,-1.02E-2));
#9209=LINE('',#9208,#9207);
#9210=DIRECTION('',(0.E0,0.E0,-1.E0));
#9211=VECTOR('',#9210,2.0335E0);
#9212=CARTESIAN_POINT('',(6.7006E0,2.85E0,4.7745E0));
#9213=LINE('',#9212,#9211);
#9214=DIRECTION('',(1.E0,0.E0,0.E0));
#9215=VECTOR('',#9214,8.E-1);
#9216=CARTESIAN_POINT('',(5.9006E0,2.85E0,4.7745E0));
#9217=LINE('',#9216,#9215);
#9218=DIRECTION('',(0.E0,0.E0,1.E0));
#9219=VECTOR('',#9218,2.0335E0);
#9220=CARTESIAN_POINT('',(5.9006E0,2.85E0,2.741E0));
#9221=LINE('',#9220,#9219);
#9222=DIRECTION('',(-1.E0,0.E0,0.E0));
#9223=VECTOR('',#9222,8.E-1);
#9224=CARTESIAN_POINT('',(6.7006E0,2.85E0,2.741E0));
#9225=LINE('',#9224,#9223);
#9226=DIRECTION('',(0.E0,0.E0,-1.E0));
#9227=VECTOR('',#9226,2.0538E0);
#9228=CARTESIAN_POINT('',(5.1492E0,2.85E0,4.8015E0));
#9229=LINE('',#9228,#9227);
#9230=DIRECTION('',(1.E0,0.E0,0.E0));
#9231=VECTOR('',#9230,1.2135E0);
#9232=CARTESIAN_POINT('',(3.9357E0,2.85E0,4.8015E0));
#9233=LINE('',#9232,#9231);
#9234=DIRECTION('',(0.E0,0.E0,1.E0));
#9235=VECTOR('',#9234,2.0538E0);
#9236=CARTESIAN_POINT('',(3.9357E0,2.85E0,2.7477E0));
#9237=LINE('',#9236,#9235);
#9238=DIRECTION('',(-1.E0,0.E0,0.E0));
#9239=VECTOR('',#9238,1.2135E0);
#9240=CARTESIAN_POINT('',(5.1492E0,2.85E0,2.7477E0));
#9241=LINE('',#9240,#9239);
#9242=DIRECTION('',(0.E0,0.E0,-1.E0));
#9243=VECTOR('',#9242,2.0335E0);
#9244=CARTESIAN_POINT('',(3.2888E0,2.85E0,4.7745E0));
#9245=LINE('',#9244,#9243);
#9246=DIRECTION('',(1.E0,0.E0,0.E0));
#9247=VECTOR('',#9246,8.E-1);
#9248=CARTESIAN_POINT('',(2.4888E0,2.85E0,4.7745E0));
#9249=LINE('',#9248,#9247);
#9250=DIRECTION('',(0.E0,0.E0,1.E0));
#9251=VECTOR('',#9250,2.0335E0);
#9252=CARTESIAN_POINT('',(2.4888E0,2.85E0,2.741E0));
#9253=LINE('',#9252,#9251);
#9254=DIRECTION('',(-1.E0,0.E0,0.E0));
#9255=VECTOR('',#9254,8.E-1);
#9256=CARTESIAN_POINT('',(3.2888E0,2.85E0,2.741E0));
#9257=LINE('',#9256,#9255);
#9258=DIRECTION('',(0.E0,-1.E0,0.E0));
#9259=VECTOR('',#9258,5.E-1);
#9260=CARTESIAN_POINT('',(2.740681785823E0,3.35E0,8.462526058330E-2));
#9261=LINE('',#9260,#9259);
#9262=DIRECTION('',(0.E0,-1.E0,0.E0));
#9263=VECTOR('',#9262,5.E-1);
#9264=CARTESIAN_POINT('',(-2.740681785823E0,3.35E0,8.462526058330E-2));
#9265=LINE('',#9264,#9263);
#9266=DIRECTION('',(0.E0,-1.E0,0.E0));
#9267=VECTOR('',#9266,5.E-1);
#9268=CARTESIAN_POINT('',(-6.E0,3.35E0,-1.3E0));
#9269=LINE('',#9268,#9267);
#9270=DIRECTION('',(0.E0,-1.E0,0.E0));
#9271=VECTOR('',#9270,5.E-1);
#9272=CARTESIAN_POINT('',(-7.002506281447E0,3.35E0,-1.3E0));
#9273=LINE('',#9272,#9271);
#9274=DIRECTION('',(0.E0,-1.E0,0.E0));
#9275=VECTOR('',#9274,5.E-1);
#9276=CARTESIAN_POINT('',(-7.002506281447E0,3.35E0,-3.75E0));
#9277=LINE('',#9276,#9275);
#9278=DIRECTION('',(0.E0,-1.E0,0.E0));
#9279=VECTOR('',#9278,5.E-1);
#9280=CARTESIAN_POINT('',(-8.E0,3.35E0,-3.8E0));
#9281=LINE('',#9280,#9279);
#9282=DIRECTION('',(0.E0,0.E0,-1.E0));
#9283=VECTOR('',#9282,9.85E0);
#9284=CARTESIAN_POINT('',(-8.E0,2.85E0,6.05E0));
#9285=LINE('',#9284,#9283);
#9286=DIRECTION('',(0.E0,0.E0,1.E0));
#9287=VECTOR('',#9286,9.85E0);
#9288=CARTESIAN_POINT('',(-8.E0,3.35E0,-3.8E0));
#9289=LINE('',#9288,#9287);
#9290=CARTESIAN_POINT('',(-8.E0,2.7E0,6.05E0));
#9291=DIRECTION('',(1.E0,0.E0,0.E0));
#9292=DIRECTION('',(0.E0,1.E0,0.E0));
#9293=AXIS2_PLACEMENT_3D('',#9290,#9291,#9292);
#9295=DIRECTION('',(0.E0,-1.E0,0.E0));
#9296=VECTOR('',#9295,5.4E0);
#9297=CARTESIAN_POINT('',(-8.E0,2.7E0,6.7E0));
#9298=LINE('',#9297,#9296);
#9299=CARTESIAN_POINT('',(-8.E0,-2.7E0,6.05E0));
#9300=DIRECTION('',(1.E0,0.E0,0.E0));
#9301=DIRECTION('',(0.E0,0.E0,1.E0));
#9302=AXIS2_PLACEMENT_3D('',#9299,#9300,#9301);
#9304=DIRECTION('',(0.E0,0.E0,-1.E0));
#9305=VECTOR('',#9304,9.85E0);
#9306=CARTESIAN_POINT('',(-8.E0,-3.35E0,6.05E0));
#9307=LINE('',#9306,#9305);
#9308=DIRECTION('',(0.E0,0.E0,1.E0));
#9309=VECTOR('',#9308,9.85E0);
#9310=CARTESIAN_POINT('',(-8.E0,-2.85E0,-3.8E0));
#9311=LINE('',#9310,#9309);
#9312=CARTESIAN_POINT('',(-8.E0,-2.7E0,6.05E0));
#9313=DIRECTION('',(-1.E0,0.E0,0.E0));
#9314=DIRECTION('',(0.E0,-1.E0,0.E0));
#9315=AXIS2_PLACEMENT_3D('',#9312,#9313,#9314);
#9317=DIRECTION('',(0.E0,1.E0,0.E0));
#9318=VECTOR('',#9317,5.4E0);
#9319=CARTESIAN_POINT('',(-8.E0,-2.7E0,6.2E0));
#9320=LINE('',#9319,#9318);
#9321=CARTESIAN_POINT('',(-8.E0,2.7E0,6.05E0));
#9322=DIRECTION('',(-1.E0,0.E0,0.E0));
#9323=DIRECTION('',(0.E0,0.E0,1.E0));
#9324=AXIS2_PLACEMENT_3D('',#9321,#9322,#9323);
#9326=DIRECTION('',(1.E0,0.E0,0.E0));
#9327=VECTOR('',#9326,1.6E1);
#9328=CARTESIAN_POINT('',(-8.E0,3.35E0,6.05E0));
#9329=LINE('',#9328,#9327);
#9330=DIRECTION('',(0.E0,0.E0,-1.E0));
#9331=VECTOR('',#9330,9.85E0);
#9332=CARTESIAN_POINT('',(8.E0,3.35E0,6.05E0));
#9333=LINE('',#9332,#9331);
#9334=DIRECTION('',(0.E0,-1.E0,0.E0));
#9335=VECTOR('',#9334,5.E-1);
#9336=CARTESIAN_POINT('',(8.E0,3.35E0,-3.8E0));
#9337=LINE('',#9336,#9335);
#9338=DIRECTION('',(0.E0,0.E0,1.E0));
#9339=VECTOR('',#9338,9.85E0);
#9340=CARTESIAN_POINT('',(8.E0,2.85E0,-3.8E0));
#9341=LINE('',#9340,#9339);
#9342=CARTESIAN_POINT('',(8.E0,2.7E0,6.05E0));
#9343=DIRECTION('',(-1.E0,0.E0,0.E0));
#9344=DIRECTION('',(0.E0,0.E0,1.E0));
#9345=AXIS2_PLACEMENT_3D('',#9342,#9343,#9344);
#9347=DIRECTION('',(0.E0,1.E0,0.E0));
#9348=VECTOR('',#9347,5.4E0);
#9349=CARTESIAN_POINT('',(8.E0,-2.7E0,6.2E0));
#9350=LINE('',#9349,#9348);
#9351=CARTESIAN_POINT('',(8.E0,-2.7E0,6.05E0));
#9352=DIRECTION('',(-1.E0,0.E0,0.E0));
#9353=DIRECTION('',(0.E0,-1.E0,0.E0));
#9354=AXIS2_PLACEMENT_3D('',#9351,#9352,#9353);
#9356=DIRECTION('',(0.E0,0.E0,-1.E0));
#9357=VECTOR('',#9356,9.85E0);
#9358=CARTESIAN_POINT('',(8.E0,-2.85E0,6.05E0));
#9359=LINE('',#9358,#9357);
#9360=DIRECTION('',(0.E0,1.E0,0.E0));
#9361=VECTOR('',#9360,5.E-1);
#9362=CARTESIAN_POINT('',(8.E0,-3.35E0,-3.8E0));
#9363=LINE('',#9362,#9361);
#9364=DIRECTION('',(0.E0,0.E0,1.E0));
#9365=VECTOR('',#9364,9.85E0);
#9366=CARTESIAN_POINT('',(8.E0,-3.35E0,-3.8E0));
#9367=LINE('',#9366,#9365);
#9368=CARTESIAN_POINT('',(8.E0,-2.7E0,6.05E0));
#9369=DIRECTION('',(1.E0,0.E0,0.E0));
#9370=DIRECTION('',(0.E0,0.E0,1.E0));
#9371=AXIS2_PLACEMENT_3D('',#9368,#9369,#9370);
#9373=DIRECTION('',(0.E0,-1.E0,0.E0));
#9374=VECTOR('',#9373,5.4E0);
#9375=CARTESIAN_POINT('',(8.E0,2.7E0,6.7E0));
#9376=LINE('',#9375,#9374);
#9377=CARTESIAN_POINT('',(8.E0,2.7E0,6.05E0));
#9378=DIRECTION('',(1.E0,0.E0,0.E0));
#9379=DIRECTION('',(0.E0,1.E0,0.E0));
#9380=AXIS2_PLACEMENT_3D('',#9377,#9378,#9379);
#9382=DIRECTION('',(0.E0,-1.E0,0.E0));
#9383=VECTOR('',#9382,5.E-1);
#9384=CARTESIAN_POINT('',(7.002506281447E0,3.35E0,-3.75E0));
#9385=LINE('',#9384,#9383);
#9386=DIRECTION('',(0.E0,-1.E0,0.E0));
#9387=VECTOR('',#9386,5.E-1);
#9388=CARTESIAN_POINT('',(7.002506281447E0,3.35E0,-1.3E0));
#9389=LINE('',#9388,#9387);
#9390=DIRECTION('',(0.E0,-1.E0,0.E0));
#9391=VECTOR('',#9390,5.E-1);
#9392=CARTESIAN_POINT('',(6.E0,3.35E0,-1.3E0));
#9393=LINE('',#9392,#9391);
#9394=DIRECTION('',(1.E0,0.E0,0.E0));
#9395=VECTOR('',#9394,1.6E1);
#9396=CARTESIAN_POINT('',(-8.E0,2.7E0,6.2E0));
#9397=LINE('',#9396,#9395);
#9398=DIRECTION('',(1.E0,0.E0,0.E0));
#9399=VECTOR('',#9398,1.6E1);
#9400=CARTESIAN_POINT('',(-8.E0,-2.7E0,6.2E0));
#9401=LINE('',#9400,#9399);
#9402=DIRECTION('',(-1.E0,0.E0,0.E0));
#9403=VECTOR('',#9402,7.2E0);
#9404=CARTESIAN_POINT('',(3.6E0,1.3E0,6.2E0));
#9405=LINE('',#9404,#9403);
#9406=DIRECTION('',(0.E0,1.E0,0.E0));
#9407=VECTOR('',#9406,2.6E0);
#9408=CARTESIAN_POINT('',(3.6E0,-1.3E0,6.2E0));
#9409=LINE('',#9408,#9407);
#9410=DIRECTION('',(1.E0,0.E0,0.E0));
#9411=VECTOR('',#9410,7.2E0);
#9412=CARTESIAN_POINT('',(-3.6E0,-1.3E0,6.2E0));
#9413=LINE('',#9412,#9411);
#9414=DIRECTION('',(0.E0,-1.E0,0.E0));
#9415=VECTOR('',#9414,2.6E0);
#9416=CARTESIAN_POINT('',(-3.6E0,1.3E0,6.2E0));
#9417=LINE('',#9416,#9415);
#9418=DIRECTION('',(1.E0,0.E0,0.E0));
#9419=VECTOR('',#9418,1.6E1);
#9420=CARTESIAN_POINT('',(-8.E0,-2.85E0,6.05E0));
#9421=LINE('',#9420,#9419);
#9422=DIRECTION('',(1.E0,0.E0,0.E0));
#9423=VECTOR('',#9422,5.481363571646E0);
#9424=CARTESIAN_POINT('',(-2.740681785823E0,-2.85E0,1.1E0));
#9425=LINE('',#9424,#9423);
#9426=DIRECTION('',(0.E0,0.E0,1.E0));
#9427=VECTOR('',#9426,1.015374739417E0);
#9428=CARTESIAN_POINT('',(2.740681785823E0,-2.85E0,8.462526058330E-2));
#9429=LINE('',#9428,#9427);
#9430=DIRECTION('',(-1.E0,0.E0,0.E0));
#9431=VECTOR('',#9430,7.593182141769E-1);
#9432=CARTESIAN_POINT('',(3.5E0,-2.85E0,8.462526058330E-2));
#9433=LINE('',#9432,#9431);
#9434=DIRECTION('',(1.E0,0.E0,0.E0));
#9435=VECTOR('',#9434,1.E0);
#9436=CARTESIAN_POINT('',(3.5E0,-2.85E0,-1.02E-2));
#9437=LINE('',#9436,#9435);
#9438=DIRECTION('',(1.E0,0.E0,0.E0));
#9439=VECTOR('',#9438,1.5E0);
#9440=CARTESIAN_POINT('',(4.5E0,-2.85E0,1.1E0));
#9441=LINE('',#9440,#9439);
#9442=DIRECTION('',(0.E0,0.E0,-1.E0));
#9443=VECTOR('',#9442,2.4E0);
#9444=CARTESIAN_POINT('',(6.E0,-2.85E0,1.1E0));
#9445=LINE('',#9444,#9443);
#9446=DIRECTION('',(1.E0,0.E0,0.E0));
#9447=VECTOR('',#9446,1.002506281447E0);
#9448=CARTESIAN_POINT('',(6.E0,-2.85E0,-1.3E0));
#9449=LINE('',#9448,#9447);
#9450=DIRECTION('',(0.E0,0.E0,-1.E0));
#9451=VECTOR('',#9450,2.45E0);
#9452=CARTESIAN_POINT('',(7.002506281447E0,-2.85E0,-1.3E0));
#9453=LINE('',#9452,#9451);
#9454=CARTESIAN_POINT('',(7.5E0,-2.85E0,-3.8E0));
#9455=DIRECTION('',(0.E0,-1.E0,0.E0));
#9456=DIRECTION('',(-9.949874371066E-1,0.E0,1.E-1));
#9457=AXIS2_PLACEMENT_3D('',#9454,#9455,#9456);
#9459=CARTESIAN_POINT('',(-7.5E0,-2.85E0,-3.8E0));
#9460=DIRECTION('',(0.E0,-1.E0,0.E0));
#9461=DIRECTION('',(-1.E0,0.E0,0.E0));
#9462=AXIS2_PLACEMENT_3D('',#9459,#9460,#9461);
#9464=DIRECTION('',(0.E0,0.E0,1.E0));
#9465=VECTOR('',#9464,2.45E0);
#9466=CARTESIAN_POINT('',(-7.002506281447E0,-2.85E0,-3.75E0));
#9467=LINE('',#9466,#9465);
#9468=DIRECTION('',(1.E0,0.E0,0.E0));
#9469=VECTOR('',#9468,1.002506281447E0);
#9470=CARTESIAN_POINT('',(-7.002506281447E0,-2.85E0,-1.3E0));
#9471=LINE('',#9470,#9469);
#9472=DIRECTION('',(0.E0,0.E0,1.E0));
#9473=VECTOR('',#9472,2.4E0);
#9474=CARTESIAN_POINT('',(-6.E0,-2.85E0,-1.3E0));
#9475=LINE('',#9474,#9473);
#9476=DIRECTION('',(1.E0,0.E0,0.E0));
#9477=VECTOR('',#9476,1.5E0);
#9478=CARTESIAN_POINT('',(-6.E0,-2.85E0,1.1E0));
#9479=LINE('',#9478,#9477);
#9480=DIRECTION('',(1.E0,0.E0,0.E0));
#9481=VECTOR('',#9480,1.E0);
#9482=CARTESIAN_POINT('',(-4.5E0,-2.85E0,-1.02E-2));
#9483=LINE('',#9482,#9481);
#9484=DIRECTION('',(1.E0,0.E0,0.E0));
#9485=VECTOR('',#9484,7.593182141769E-1);
#9486=CARTESIAN_POINT('',(-3.5E0,-2.85E0,8.462526058330E-2));
#9487=LINE('',#9486,#9485);
#9488=DIRECTION('',(0.E0,0.E0,1.E0));
#9489=VECTOR('',#9488,1.015374739417E0);
#9490=CARTESIAN_POINT('',(-2.740681785823E0,-2.85E0,8.462526058330E-2));
#9491=LINE('',#9490,#9489);
#9492=DIRECTION('',(-1.E0,0.E0,0.E0));
#9493=VECTOR('',#9492,8.E-1);
#9494=CARTESIAN_POINT('',(-5.845207919767E0,-2.85E0,4.695579749519E0));
#9495=LINE('',#9494,#9493);
#9496=DIRECTION('',(0.E0,0.E0,1.E0));
#9497=VECTOR('',#9496,2.0335E0);
#9498=CARTESIAN_POINT('',(-5.845207919767E0,-2.85E0,2.662079749519E0));
#9499=LINE('',#9498,#9497);
#9500=DIRECTION('',(1.E0,0.E0,0.E0));
#9501=VECTOR('',#9500,8.E-1);
#9502=CARTESIAN_POINT('',(-6.645207919767E0,-2.85E0,2.662079749519E0));
#9503=LINE('',#9502,#9501);
#9504=DIRECTION('',(0.E0,0.E0,-1.E0));
#9505=VECTOR('',#9504,2.0335E0);
#9506=CARTESIAN_POINT('',(-6.645207919767E0,-2.85E0,4.695579749519E0));
#9507=LINE('',#9506,#9505);
#9508=DIRECTION('',(-1.E0,0.E0,0.E0));
#9509=VECTOR('',#9508,1.2135E0);
#9510=CARTESIAN_POINT('',(-3.880307919767E0,-2.85E0,4.722579749519E0));
#9511=LINE('',#9510,#9509);
#9512=DIRECTION('',(0.E0,0.E0,1.E0));
#9513=VECTOR('',#9512,2.0538E0);
#9514=CARTESIAN_POINT('',(-3.880307919767E0,-2.85E0,2.668779749519E0));
#9515=LINE('',#9514,#9513);
#9516=DIRECTION('',(1.E0,0.E0,0.E0));
#9517=VECTOR('',#9516,1.2135E0);
#9518=CARTESIAN_POINT('',(-5.093807919767E0,-2.85E0,2.668779749519E0));
#9519=LINE('',#9518,#9517);
#9520=DIRECTION('',(0.E0,0.E0,-1.E0));
#9521=VECTOR('',#9520,2.0538E0);
#9522=CARTESIAN_POINT('',(-5.093807919767E0,-2.85E0,4.722579749519E0));
#9523=LINE('',#9522,#9521);
#9524=DIRECTION('',(-1.E0,0.E0,0.E0));
#9525=VECTOR('',#9524,8.E-1);
#9526=CARTESIAN_POINT('',(-2.433407919767E0,-2.85E0,4.695579749519E0));
#9527=LINE('',#9526,#9525);
#9528=DIRECTION('',(0.E0,0.E0,1.E0));
#9529=VECTOR('',#9528,2.0335E0);
#9530=CARTESIAN_POINT('',(-2.433407919767E0,-2.85E0,2.662079749519E0));
#9531=LINE('',#9530,#9529);
#9532=DIRECTION('',(1.E0,0.E0,0.E0));
#9533=VECTOR('',#9532,8.E-1);
#9534=CARTESIAN_POINT('',(-3.233407919767E0,-2.85E0,2.662079749519E0));
#9535=LINE('',#9534,#9533);
#9536=DIRECTION('',(0.E0,0.E0,-1.E0));
#9537=VECTOR('',#9536,2.0335E0);
#9538=CARTESIAN_POINT('',(-3.233407919767E0,-2.85E0,4.695579749519E0));
#9539=LINE('',#9538,#9537);
#9540=DIRECTION('',(0.E0,-1.E0,0.E0));
#9541=VECTOR('',#9540,5.E-1);
#9542=CARTESIAN_POINT('',(-4.5E0,-2.85E0,1.1E0));
#9543=LINE('',#9542,#9541);
#9544=DIRECTION('',(0.E0,1.E0,0.E0));
#9545=VECTOR('',#9544,5.E-1);
#9546=CARTESIAN_POINT('',(-6.E0,-3.35E0,1.1E0));
#9547=LINE('',#9546,#9545);
#9548=DIRECTION('',(1.E0,0.E0,0.E0));
#9549=VECTOR('',#9548,1.5E0);
#9550=CARTESIAN_POINT('',(-6.E0,-3.35E0,1.1E0));
#9551=LINE('',#9550,#9549);
#9552=DIRECTION('',(0.E0,1.E0,0.E0));
#9553=VECTOR('',#9552,5.E-1);
#9554=CARTESIAN_POINT('',(4.5E0,-3.35E0,1.1E0));
#9555=LINE('',#9554,#9553);
#9556=DIRECTION('',(1.E0,0.E0,0.E0));
#9557=VECTOR('',#9556,1.5E0);
#9558=CARTESIAN_POINT('',(4.5E0,-3.35E0,1.1E0));
#9559=LINE('',#9558,#9557);
#9560=DIRECTION('',(0.E0,1.E0,0.E0));
#9561=VECTOR('',#9560,5.E-1);
#9562=CARTESIAN_POINT('',(6.E0,-3.35E0,1.1E0));
#9563=LINE('',#9562,#9561);
#9564=DIRECTION('',(0.E0,1.E0,0.E0));
#9565=VECTOR('',#9564,5.E-1);
#9566=CARTESIAN_POINT('',(2.740681785823E0,-3.35E0,1.1E0));
#9567=LINE('',#9566,#9565);
#9568=DIRECTION('',(0.E0,1.E0,0.E0));
#9569=VECTOR('',#9568,5.E-1);
#9570=CARTESIAN_POINT('',(-2.740681785823E0,-3.35E0,1.1E0));
#9571=LINE('',#9570,#9569);
#9572=DIRECTION('',(1.E0,0.E0,0.E0));
#9573=VECTOR('',#9572,5.481363571646E0);
#9574=CARTESIAN_POINT('',(-2.740681785823E0,-3.35E0,1.1E0));
#9575=LINE('',#9574,#9573);
#9576=DIRECTION('',(0.E0,-7.524861815493E-1,-6.586080371339E-1));
#9577=VECTOR('',#9576,5.E-1);
#9578=CARTESIAN_POINT('',(-4.5E0,-2.739276612608E0,-1.468528906584E-1));
#9579=LINE('',#9578,#9577);
#9580=DIRECTION('',(0.E0,6.586080371339E-1,-7.524861815493E-1));
#9581=VECTOR('',#9580,1.579703077219E-1);
#9582=CARTESIAN_POINT('',(-4.5E0,-2.843317126902E0,-2.798241700261E-2));
#9583=LINE('',#9582,#9581);
#9584=CARTESIAN_POINT('',(-4.5E0,-2.823E0,-1.02E-2));
#9585=DIRECTION('',(1.E0,0.E0,0.E0));
#9586=DIRECTION('',(0.E0,-1.E0,0.E0));
#9587=AXIS2_PLACEMENT_3D('',#9584,#9585,#9586);
#9589=DIRECTION('',(0.E0,0.E0,-1.E0));
#9590=VECTOR('',#9589,1.1102E0);
#9591=CARTESIAN_POINT('',(-4.5E0,-2.85E0,1.1E0));
#9592=LINE('',#9591,#9590);
#9593=DIRECTION('',(0.E0,0.E0,1.E0));
#9594=VECTOR('',#9593,1.1102E0);
#9595=CARTESIAN_POINT('',(-4.5E0,-3.35E0,-1.02E-2));
#9596=LINE('',#9595,#9594);
#9597=CARTESIAN_POINT('',(-4.5E0,-2.823E0,-1.02E-2));
#9598=DIRECTION('',(-1.E0,0.E0,0.E0));
#9599=DIRECTION('',(0.E0,-7.524861815493E-1,-6.586080371339E-1));
#9600=AXIS2_PLACEMENT_3D('',#9597,#9598,#9599);
#9602=DIRECTION('',(0.E0,-6.586080371339E-1,7.524861815493E-1));
#9603=VECTOR('',#9602,1.579703077219E-1);
#9604=CARTESIAN_POINT('',(-4.5E0,-3.115519703382E0,-4.761569092253E-1));
#9605=LINE('',#9604,#9603);
#9606=CARTESIAN_POINT('',(-4.E0,-2.739276612608E0,-1.468528906584E-1));
#9607=DIRECTION('',(0.E0,7.524861815493E-1,6.586080371339E-1));
#9608=DIRECTION('',(1.E0,0.E0,0.E0));
#9609=AXIS2_PLACEMENT_3D('',#9606,#9607,#9608);
#9611=DIRECTION('',(0.E0,1.E0,0.E0));
#9612=VECTOR('',#9611,5.E-1);
#9613=CARTESIAN_POINT('',(-3.5E0,-3.35E0,8.462526058330E-2));
#9614=LINE('',#9613,#9612);
#9615=DIRECTION('',(0.E0,0.E0,-1.E0));
#9616=VECTOR('',#9615,9.482526058330E-2);
#9617=CARTESIAN_POINT('',(-3.5E0,-2.85E0,8.462526058330E-2));
#9618=LINE('',#9617,#9616);
#9619=CARTESIAN_POINT('',(-3.5E0,-2.823E0,-1.02E-2));
#9620=DIRECTION('',(1.E0,0.E0,0.E0));
#9621=DIRECTION('',(0.E0,-1.E0,0.E0));
#9622=AXIS2_PLACEMENT_3D('',#9619,#9620,#9621);
#9624=DIRECTION('',(0.E0,6.586080371339E-1,-7.524861815493E-1));
#9625=VECTOR('',#9624,1.579703077219E-1);
#9626=CARTESIAN_POINT('',(-3.5E0,-2.843317126902E0,-2.798241700261E-2));
#9627=LINE('',#9626,#9625);
#9628=DIRECTION('',(0.E0,-7.524861815493E-1,-6.586080371339E-1));
#9629=VECTOR('',#9628,5.E-1);
#9630=CARTESIAN_POINT('',(-3.5E0,-2.739276612608E0,-1.468528906584E-1));
#9631=LINE('',#9630,#9629);
#9632=DIRECTION('',(0.E0,-6.586080371339E-1,7.524861815493E-1));
#9633=VECTOR('',#9632,1.579703077219E-1);
#9634=CARTESIAN_POINT('',(-3.5E0,-3.115519703382E0,-4.761569092253E-1));
#9635=LINE('',#9634,#9633);
#9636=CARTESIAN_POINT('',(-3.5E0,-2.823E0,-1.02E-2));
#9637=DIRECTION('',(-1.E0,0.E0,0.E0));
#9638=DIRECTION('',(0.E0,-7.524861815493E-1,-6.586080371339E-1));
#9639=AXIS2_PLACEMENT_3D('',#9636,#9637,#9638);
#9641=DIRECTION('',(0.E0,0.E0,1.E0));
#9642=VECTOR('',#9641,9.482526058330E-2);
#9643=CARTESIAN_POINT('',(-3.5E0,-3.35E0,-1.02E-2));
#9644=LINE('',#9643,#9642);
#9645=DIRECTION('',(-1.E0,0.E0,0.E0));
#9646=VECTOR('',#9645,7.593182141769E-1);
#9647=CARTESIAN_POINT('',(3.5E0,-3.35E0,8.462526058330E-2));
#9648=LINE('',#9647,#9646);
#9649=DIRECTION('',(0.E0,0.E0,1.E0));
#9650=VECTOR('',#9649,1.015374739417E0);
#9651=CARTESIAN_POINT('',(2.740681785823E0,-3.35E0,8.462526058330E-2));
#9652=LINE('',#9651,#9650);
#9653=DIRECTION('',(0.E0,0.E0,1.E0));
#9654=VECTOR('',#9653,1.015374739417E0);
#9655=CARTESIAN_POINT('',(-2.740681785823E0,-3.35E0,8.462526058330E-2));
#9656=LINE('',#9655,#9654);
#9657=DIRECTION('',(1.E0,0.E0,0.E0));
#9658=VECTOR('',#9657,7.593182141769E-1);
#9659=CARTESIAN_POINT('',(-3.5E0,-3.35E0,8.462526058330E-2));
#9660=LINE('',#9659,#9658);
#9661=DIRECTION('',(0.E0,0.E0,1.E0));
#9662=VECTOR('',#9661,2.4E0);
#9663=CARTESIAN_POINT('',(-6.E0,-3.35E0,-1.3E0));
#9664=LINE('',#9663,#9662);
#9665=DIRECTION('',(1.E0,0.E0,0.E0));
#9666=VECTOR('',#9665,1.002506281447E0);
#9667=CARTESIAN_POINT('',(-7.002506281447E0,-3.35E0,-1.3E0));
#9668=LINE('',#9667,#9666);
#9669=DIRECTION('',(0.E0,0.E0,1.E0));
#9670=VECTOR('',#9669,2.45E0);
#9671=CARTESIAN_POINT('',(-7.002506281447E0,-3.35E0,-3.75E0));
#9672=LINE('',#9671,#9670);
#9673=CARTESIAN_POINT('',(-7.5E0,-3.35E0,-3.8E0));
#9674=DIRECTION('',(0.E0,-1.E0,0.E0));
#9675=DIRECTION('',(-1.E0,0.E0,0.E0));
#9676=AXIS2_PLACEMENT_3D('',#9673,#9674,#9675);
#9678=DIRECTION('',(1.E0,0.E0,0.E0));
#9679=VECTOR('',#9678,1.6E1);
#9680=CARTESIAN_POINT('',(-8.E0,-3.35E0,6.05E0));
#9681=LINE('',#9680,#9679);
#9682=CARTESIAN_POINT('',(7.5E0,-3.35E0,-3.8E0));
#9683=DIRECTION('',(0.E0,-1.E0,0.E0));
#9684=DIRECTION('',(-9.949874371066E-1,0.E0,1.E-1));
#9685=AXIS2_PLACEMENT_3D('',#9682,#9683,#9684);
#9687=DIRECTION('',(0.E0,0.E0,-1.E0));
#9688=VECTOR('',#9687,2.45E0);
#9689=CARTESIAN_POINT('',(7.002506281447E0,-3.35E0,-1.3E0));
#9690=LINE('',#9689,#9688);
#9691=DIRECTION('',(1.E0,0.E0,0.E0));
#9692=VECTOR('',#9691,1.002506281447E0);
#9693=CARTESIAN_POINT('',(6.E0,-3.35E0,-1.3E0));
#9694=LINE('',#9693,#9692);
#9695=DIRECTION('',(0.E0,0.E0,-1.E0));
#9696=VECTOR('',#9695,2.4E0);
#9697=CARTESIAN_POINT('',(6.E0,-3.35E0,1.1E0));
#9698=LINE('',#9697,#9696);
#9699=DIRECTION('',(-1.E0,0.E0,0.E0));
#9700=VECTOR('',#9699,8.E-1);
#9701=CARTESIAN_POINT('',(-5.845207919767E0,-3.35E0,4.695579749519E0));
#9702=LINE('',#9701,#9700);
#9703=DIRECTION('',(0.E0,0.E0,-1.E0));
#9704=VECTOR('',#9703,2.0335E0);
#9705=CARTESIAN_POINT('',(-6.645207919767E0,-3.35E0,4.695579749519E0));
#9706=LINE('',#9705,#9704);
#9707=DIRECTION('',(1.E0,0.E0,0.E0));
#9708=VECTOR('',#9707,8.E-1);
#9709=CARTESIAN_POINT('',(-6.645207919767E0,-3.35E0,2.662079749519E0));
#9710=LINE('',#9709,#9708);
#9711=DIRECTION('',(0.E0,0.E0,1.E0));
#9712=VECTOR('',#9711,2.0335E0);
#9713=CARTESIAN_POINT('',(-5.845207919767E0,-3.35E0,2.662079749519E0));
#9714=LINE('',#9713,#9712);
#9715=DIRECTION('',(-1.E0,0.E0,0.E0));
#9716=VECTOR('',#9715,1.2135E0);
#9717=CARTESIAN_POINT('',(-3.880307919767E0,-3.35E0,4.722579749519E0));
#9718=LINE('',#9717,#9716);
#9719=DIRECTION('',(0.E0,0.E0,-1.E0));
#9720=VECTOR('',#9719,2.0538E0);
#9721=CARTESIAN_POINT('',(-5.093807919767E0,-3.35E0,4.722579749519E0));
#9722=LINE('',#9721,#9720);
#9723=DIRECTION('',(1.E0,0.E0,0.E0));
#9724=VECTOR('',#9723,1.2135E0);
#9725=CARTESIAN_POINT('',(-5.093807919767E0,-3.35E0,2.668779749519E0));
#9726=LINE('',#9725,#9724);
#9727=DIRECTION('',(0.E0,0.E0,1.E0));
#9728=VECTOR('',#9727,2.0538E0);
#9729=CARTESIAN_POINT('',(-3.880307919767E0,-3.35E0,2.668779749519E0));
#9730=LINE('',#9729,#9728);
#9731=DIRECTION('',(-1.E0,0.E0,0.E0));
#9732=VECTOR('',#9731,8.E-1);
#9733=CARTESIAN_POINT('',(-2.433407919767E0,-3.35E0,4.695579749519E0));
#9734=LINE('',#9733,#9732);
#9735=DIRECTION('',(0.E0,0.E0,-1.E0));
#9736=VECTOR('',#9735,2.0335E0);
#9737=CARTESIAN_POINT('',(-3.233407919767E0,-3.35E0,4.695579749519E0));
#9738=LINE('',#9737,#9736);
#9739=DIRECTION('',(1.E0,0.E0,0.E0));
#9740=VECTOR('',#9739,8.E-1);
#9741=CARTESIAN_POINT('',(-3.233407919767E0,-3.35E0,2.662079749519E0));
#9742=LINE('',#9741,#9740);
#9743=DIRECTION('',(0.E0,0.E0,1.E0));
#9744=VECTOR('',#9743,2.0335E0);
#9745=CARTESIAN_POINT('',(-2.433407919767E0,-3.35E0,2.662079749519E0));
#9746=LINE('',#9745,#9744);
#9747=DIRECTION('',(0.E0,1.E0,0.E0));
#9748=VECTOR('',#9747,5.E-1);
#9749=CARTESIAN_POINT('',(3.5E0,-3.35E0,8.462526058330E-2));
#9750=LINE('',#9749,#9748);
#9751=DIRECTION('',(0.E0,0.E0,-1.E0));
#9752=VECTOR('',#9751,9.482526058330E-2);
#9753=CARTESIAN_POINT('',(3.5E0,-3.35E0,8.462526058330E-2));
#9754=LINE('',#9753,#9752);
#9755=CARTESIAN_POINT('',(3.5E0,-2.823E0,-1.02E-2));
#9756=DIRECTION('',(1.E0,0.E0,0.E0));
#9757=DIRECTION('',(0.E0,-1.E0,0.E0));
#9758=AXIS2_PLACEMENT_3D('',#9755,#9756,#9757);
#9760=DIRECTION('',(0.E0,6.586080371339E-1,-7.524861815493E-1));
#9761=VECTOR('',#9760,1.579703077219E-1);
#9762=CARTESIAN_POINT('',(3.5E0,-3.219560217676E0,-3.572864355696E-1));
#9763=LINE('',#9762,#9761);
#9764=DIRECTION('',(0.E0,7.524861815493E-1,6.586080371339E-1));
#9765=VECTOR('',#9764,5.E-1);
#9766=CARTESIAN_POINT('',(3.5E0,-3.115519703382E0,-4.761569092253E-1));
#9767=LINE('',#9766,#9765);
#9768=DIRECTION('',(0.E0,-6.586080371339E-1,7.524861815493E-1));
#9769=VECTOR('',#9768,1.579703077219E-1);
#9770=CARTESIAN_POINT('',(3.5E0,-2.739276612608E0,-1.468528906584E-1));
#9771=LINE('',#9770,#9769);
#9772=CARTESIAN_POINT('',(3.5E0,-2.823E0,-1.02E-2));
#9773=DIRECTION('',(-1.E0,0.E0,0.E0));
#9774=DIRECTION('',(0.E0,-7.524861815493E-1,-6.586080371339E-1));
#9775=AXIS2_PLACEMENT_3D('',#9772,#9773,#9774);
#9777=DIRECTION('',(0.E0,0.E0,1.E0));
#9778=VECTOR('',#9777,9.482526058330E-2);
#9779=CARTESIAN_POINT('',(3.5E0,-2.85E0,-1.02E-2));
#9780=LINE('',#9779,#9778);
#9781=DIRECTION('',(0.E0,1.E0,0.E0));
#9782=VECTOR('',#9781,5.E-1);
#9783=CARTESIAN_POINT('',(2.740681785823E0,-3.35E0,8.462526058330E-2));
#9784=LINE('',#9783,#9782);
#9785=DIRECTION('',(1.E0,0.E0,0.E0));
#9786=VECTOR('',#9785,1.E0);
#9787=CARTESIAN_POINT('',(3.5E0,-3.35E0,-1.02E-2));
#9788=LINE('',#9787,#9786);
#9789=DIRECTION('',(0.E0,7.524861815493E-1,6.586080371339E-1));
#9790=VECTOR('',#9789,5.E-1);
#9791=CARTESIAN_POINT('',(4.5E0,-3.115519703382E0,-4.761569092253E-1));
#9792=LINE('',#9791,#9790);
#9793=DIRECTION('',(0.E0,6.586080371339E-1,-7.524861815493E-1));
#9794=VECTOR('',#9793,1.579703077219E-1);
#9795=CARTESIAN_POINT('',(4.5E0,-3.219560217676E0,-3.572864355696E-1));
#9796=LINE('',#9795,#9794);
#9797=CARTESIAN_POINT('',(4.5E0,-2.823E0,-1.02E-2));
#9798=DIRECTION('',(1.E0,0.E0,0.E0));
#9799=DIRECTION('',(0.E0,-1.E0,0.E0));
#9800=AXIS2_PLACEMENT_3D('',#9797,#9798,#9799);
#9802=DIRECTION('',(0.E0,0.E0,-1.E0));
#9803=VECTOR('',#9802,1.1102E0);
#9804=CARTESIAN_POINT('',(4.5E0,-3.35E0,1.1E0));
#9805=LINE('',#9804,#9803);
#9806=DIRECTION('',(0.E0,0.E0,1.E0));
#9807=VECTOR('',#9806,1.1102E0);
#9808=CARTESIAN_POINT('',(4.5E0,-2.85E0,-1.02E-2));
#9809=LINE('',#9808,#9807);
#9810=CARTESIAN_POINT('',(4.5E0,-2.823E0,-1.02E-2));
#9811=DIRECTION('',(-1.E0,0.E0,0.E0));
#9812=DIRECTION('',(0.E0,-7.524861815493E-1,-6.586080371339E-1));
#9813=AXIS2_PLACEMENT_3D('',#9810,#9811,#9812);
#9815=DIRECTION('',(0.E0,-6.586080371339E-1,7.524861815493E-1));
#9816=VECTOR('',#9815,1.579703077219E-1);
#9817=CARTESIAN_POINT('',(4.5E0,-2.739276612608E0,-1.468528906584E-1));
#9818=LINE('',#9817,#9816);
#9819=CARTESIAN_POINT('',(4.E0,-2.739276612608E0,-1.468528906584E-1));
#9820=DIRECTION('',(0.E0,7.524861815493E-1,6.586080371339E-1));
#9821=DIRECTION('',(1.E0,0.E0,0.E0));
#9822=AXIS2_PLACEMENT_3D('',#9819,#9820,#9821);
#9824=DIRECTION('',(1.E0,0.E0,0.E0));
#9825=VECTOR('',#9824,1.E0);
#9826=CARTESIAN_POINT('',(3.5E0,-2.843317126902E0,-2.798241700261E-2));
#9827=LINE('',#9826,#9825);
#9828=CARTESIAN_POINT('',(4.E0,-3.115519703382E0,-4.761569092253E-1));
#9829=DIRECTION('',(0.E0,-7.524861815493E-1,-6.586080371339E-1));
#9830=DIRECTION('',(-1.E0,0.E0,0.E0));
#9831=AXIS2_PLACEMENT_3D('',#9828,#9829,#9830);
#9833=DIRECTION('',(1.E0,0.E0,0.E0));
#9834=VECTOR('',#9833,1.E0);
#9835=CARTESIAN_POINT('',(3.5E0,-3.219560217676E0,-3.572864355696E-1));
#9836=LINE('',#9835,#9834);
#9837=DIRECTION('',(0.E0,1.E0,0.E0));
#9838=VECTOR('',#9837,5.E-1);
#9839=CARTESIAN_POINT('',(-2.740681785823E0,-3.35E0,8.462526058330E-2));
#9840=LINE('',#9839,#9838);
#9841=DIRECTION('',(1.E0,0.E0,0.E0));
#9842=VECTOR('',#9841,1.E0);
#9843=CARTESIAN_POINT('',(-4.5E0,-3.35E0,-1.02E-2));
#9844=LINE('',#9843,#9842);
#9845=CARTESIAN_POINT('',(-4.E0,-3.115519703382E0,-4.761569092253E-1));
#9846=DIRECTION('',(0.E0,-7.524861815493E-1,-6.586080371339E-1));
#9847=DIRECTION('',(-1.E0,0.E0,0.E0));
#9848=AXIS2_PLACEMENT_3D('',#9845,#9846,#9847);
#9850=DIRECTION('',(1.E0,0.E0,0.E0));
#9851=VECTOR('',#9850,1.E0);
#9852=CARTESIAN_POINT('',(-4.5E0,-3.219560217676E0,-3.572864355696E-1));
#9853=LINE('',#9852,#9851);
#9854=DIRECTION('',(0.E0,1.E0,0.E0));
#9855=VECTOR('',#9854,5.E-1);
#9856=CARTESIAN_POINT('',(-6.E0,-3.35E0,-1.3E0));
#9857=LINE('',#9856,#9855);
#9858=DIRECTION('',(0.E0,1.E0,0.E0));
#9859=VECTOR('',#9858,5.E-1);
#9860=CARTESIAN_POINT('',(-7.002506281447E0,-3.35E0,-1.3E0));
#9861=LINE('',#9860,#9859);
#9862=DIRECTION('',(0.E0,1.E0,0.E0));
#9863=VECTOR('',#9862,5.E-1);
#9864=CARTESIAN_POINT('',(-7.002506281447E0,-3.35E0,-3.75E0));
#9865=LINE('',#9864,#9863);
#9866=DIRECTION('',(0.E0,1.E0,0.E0));
#9867=VECTOR('',#9866,5.E-1);
#9868=CARTESIAN_POINT('',(-8.E0,-3.35E0,-3.8E0));
#9869=LINE('',#9868,#9867);
#9870=DIRECTION('',(1.E0,0.E0,0.E0));
#9871=VECTOR('',#9870,1.6E1);
#9872=CARTESIAN_POINT('',(-8.E0,-2.7E0,6.7E0));
#9873=LINE('',#9872,#9871);
#9874=DIRECTION('',(1.E0,0.E0,0.E0));
#9875=VECTOR('',#9874,1.6E1);
#9876=CARTESIAN_POINT('',(-8.E0,2.7E0,6.7E0));
#9877=LINE('',#9876,#9875);
#9878=DIRECTION('',(-1.E0,0.E0,0.E0));
#9879=VECTOR('',#9878,7.2E0);
#9880=CARTESIAN_POINT('',(3.6E0,1.3E0,6.7E0));
#9881=LINE('',#9880,#9879);
#9882=DIRECTION('',(0.E0,-1.E0,0.E0));
#9883=VECTOR('',#9882,2.6E0);
#9884=CARTESIAN_POINT('',(-3.6E0,1.3E0,6.7E0));
#9885=LINE('',#9884,#9883);
#9886=DIRECTION('',(1.E0,0.E0,0.E0));
#9887=VECTOR('',#9886,7.2E0);
#9888=CARTESIAN_POINT('',(-3.6E0,-1.3E0,6.7E0));
#9889=LINE('',#9888,#9887);
#9890=DIRECTION('',(0.E0,1.E0,0.E0));
#9891=VECTOR('',#9890,2.6E0);
#9892=CARTESIAN_POINT('',(3.6E0,-1.3E0,6.7E0));
#9893=LINE('',#9892,#9891);
#9894=DIRECTION('',(0.E0,0.E0,-1.E0));
#9895=VECTOR('',#9894,5.E-1);
#9896=CARTESIAN_POINT('',(3.6E0,1.3E0,6.7E0));
#9897=LINE('',#9896,#9895);
#9898=DIRECTION('',(0.E0,0.E0,-1.E0));
#9899=VECTOR('',#9898,5.E-1);
#9900=CARTESIAN_POINT('',(-3.6E0,1.3E0,6.7E0));
#9901=LINE('',#9900,#9899);
#9902=DIRECTION('',(0.E0,0.E0,-1.E0));
#9903=VECTOR('',#9902,5.E-1);
#9904=CARTESIAN_POINT('',(-3.6E0,-1.3E0,6.7E0));
#9905=LINE('',#9904,#9903);
#9906=DIRECTION('',(0.E0,0.E0,-1.E0));
#9907=VECTOR('',#9906,5.E-1);
#9908=CARTESIAN_POINT('',(3.6E0,-1.3E0,6.7E0));
#9909=LINE('',#9908,#9907);
#9910=DIRECTION('',(0.E0,1.E0,0.E0));
#9911=VECTOR('',#9910,5.E-1);
#9912=CARTESIAN_POINT('',(7.002506281447E0,-3.35E0,-3.75E0));
#9913=LINE('',#9912,#9911);
#9914=DIRECTION('',(0.E0,1.E0,0.E0));
#9915=VECTOR('',#9914,5.E-1);
#9916=CARTESIAN_POINT('',(7.002506281447E0,-3.35E0,-1.3E0));
#9917=LINE('',#9916,#9915);
#9918=DIRECTION('',(0.E0,1.E0,0.E0));
#9919=VECTOR('',#9918,5.E-1);
#9920=CARTESIAN_POINT('',(6.E0,-3.35E0,-1.3E0));
#9921=LINE('',#9920,#9919);
#9922=DIRECTION('',(0.E0,1.E0,0.E0));
#9923=VECTOR('',#9922,5.E-1);
#9924=CARTESIAN_POINT('',(-5.845207919767E0,-3.35E0,4.695579749519E0));
#9925=LINE('',#9924,#9923);
#9926=DIRECTION('',(0.E0,1.E0,0.E0));
#9927=VECTOR('',#9926,5.E-1);
#9928=CARTESIAN_POINT('',(-6.645207919767E0,-3.35E0,4.695579749519E0));
#9929=LINE('',#9928,#9927);
#9930=DIRECTION('',(0.E0,1.E0,0.E0));
#9931=VECTOR('',#9930,5.E-1);
#9932=CARTESIAN_POINT('',(-6.645207919767E0,-3.35E0,2.662079749519E0));
#9933=LINE('',#9932,#9931);
#9934=DIRECTION('',(0.E0,1.E0,0.E0));
#9935=VECTOR('',#9934,5.E-1);
#9936=CARTESIAN_POINT('',(-5.845207919767E0,-3.35E0,2.662079749519E0));
#9937=LINE('',#9936,#9935);
#9938=DIRECTION('',(0.E0,1.E0,0.E0));
#9939=VECTOR('',#9938,5.E-1);
#9940=CARTESIAN_POINT('',(-3.880307919767E0,-3.35E0,4.722579749519E0));
#9941=LINE('',#9940,#9939);
#9942=DIRECTION('',(0.E0,1.E0,0.E0));
#9943=VECTOR('',#9942,5.E-1);
#9944=CARTESIAN_POINT('',(-5.093807919767E0,-3.35E0,4.722579749519E0));
#9945=LINE('',#9944,#9943);
#9946=DIRECTION('',(0.E0,1.E0,0.E0));
#9947=VECTOR('',#9946,5.E-1);
#9948=CARTESIAN_POINT('',(-5.093807919767E0,-3.35E0,2.668779749519E0));
#9949=LINE('',#9948,#9947);
#9950=DIRECTION('',(0.E0,1.E0,0.E0));
#9951=VECTOR('',#9950,5.E-1);
#9952=CARTESIAN_POINT('',(-3.880307919767E0,-3.35E0,2.668779749519E0));
#9953=LINE('',#9952,#9951);
#9954=DIRECTION('',(0.E0,1.E0,0.E0));
#9955=VECTOR('',#9954,5.E-1);
#9956=CARTESIAN_POINT('',(-2.433407919767E0,-3.35E0,4.695579749519E0));
#9957=LINE('',#9956,#9955);
#9958=DIRECTION('',(0.E0,1.E0,0.E0));
#9959=VECTOR('',#9958,5.E-1);
#9960=CARTESIAN_POINT('',(-3.233407919767E0,-3.35E0,4.695579749519E0));
#9961=LINE('',#9960,#9959);
#9962=DIRECTION('',(0.E0,1.E0,0.E0));
#9963=VECTOR('',#9962,5.E-1);
#9964=CARTESIAN_POINT('',(-3.233407919767E0,-3.35E0,2.662079749519E0));
#9965=LINE('',#9964,#9963);
#9966=DIRECTION('',(0.E0,1.E0,0.E0));
#9967=VECTOR('',#9966,5.E-1);
#9968=CARTESIAN_POINT('',(-2.433407919767E0,-3.35E0,2.662079749519E0));
#9969=LINE('',#9968,#9967);
#9970=DIRECTION('',(1.E0,0.E0,0.E0));
#9971=VECTOR('',#9970,1.E0);
#9972=CARTESIAN_POINT('',(-4.5E0,-2.843317126902E0,-2.798241700261E-2));
#9973=LINE('',#9972,#9971);
#9974=DIRECTION('',(0.E0,7.524861815493E-1,-6.586080371339E-1));
#9975=VECTOR('',#9974,5.E-1);
#9976=CARTESIAN_POINT('',(4.5E0,2.739276612608E0,-1.468528906584E-1));
#9977=LINE('',#9976,#9975);
#9978=DIRECTION('',(0.E0,6.586080371339E-1,7.524861815493E-1));
#9979=VECTOR('',#9978,1.579703077219E-1);
#9980=CARTESIAN_POINT('',(4.5E0,2.739276612608E0,-1.468528906584E-1));
#9981=LINE('',#9980,#9979);
#9982=CARTESIAN_POINT('',(4.5E0,2.823E0,-1.02E-2));
#9983=DIRECTION('',(1.E0,0.E0,0.E0));
#9984=DIRECTION('',(0.E0,7.524861815493E-1,-6.586080371339E-1));
#9985=AXIS2_PLACEMENT_3D('',#9982,#9983,#9984);
#9987=DIRECTION('',(0.E0,0.E0,1.E0));
#9988=VECTOR('',#9987,1.1102E0);
#9989=CARTESIAN_POINT('',(4.5E0,2.85E0,-1.02E-2));
#9990=LINE('',#9989,#9988);
#9991=DIRECTION('',(0.E0,0.E0,-1.E0));
#9992=VECTOR('',#9991,1.1102E0);
#9993=CARTESIAN_POINT('',(4.5E0,3.35E0,1.1E0));
#9994=LINE('',#9993,#9992);
#9995=CARTESIAN_POINT('',(4.5E0,2.823E0,-1.02E-2));
#9996=DIRECTION('',(-1.E0,0.E0,0.E0));
#9997=DIRECTION('',(0.E0,1.E0,0.E0));
#9998=AXIS2_PLACEMENT_3D('',#9995,#9996,#9997);
#10000=DIRECTION('',(0.E0,-6.586080371339E-1,-7.524861815493E-1));
#10001=VECTOR('',#10000,1.579703077219E-1);
#10002=CARTESIAN_POINT('',(4.5E0,3.219560217676E0,-3.572864355696E-1));
#10003=LINE('',#10002,#10001);
#10004=CARTESIAN_POINT('',(4.E0,3.115519703382E0,-4.761569092253E-1));
#10005=DIRECTION('',(0.E0,7.524861815493E-1,-6.586080371339E-1));
#10006=DIRECTION('',(1.E0,0.E0,0.E0));
#10007=AXIS2_PLACEMENT_3D('',#10004,#10005,#10006);
#10009=DIRECTION('',(1.E0,0.E0,0.E0));
#10010=VECTOR('',#10009,1.E0);
#10011=CARTESIAN_POINT('',(3.5E0,3.219560217676E0,-3.572864355696E-1));
#10012=LINE('',#10011,#10010);
#10013=CARTESIAN_POINT('',(4.E0,2.739276612608E0,-1.468528906584E-1));
#10014=DIRECTION('',(0.E0,-7.524861815493E-1,6.586080371339E-1));
#10015=DIRECTION('',(-1.E0,0.E0,0.E0));
#10016=AXIS2_PLACEMENT_3D('',#10013,#10014,#10015);
#10018=DIRECTION('',(1.E0,0.E0,0.E0));
#10019=VECTOR('',#10018,1.E0);
#10020=CARTESIAN_POINT('',(3.5E0,2.843317126902E0,-2.798241700261E-2));
#10021=LINE('',#10020,#10019);
#10022=DIRECTION('',(0.E0,-1.E0,0.E0));
#10023=VECTOR('',#10022,5.E-1);
#10024=CARTESIAN_POINT('',(6.7006E0,3.35E0,4.7745E0));
#10025=LINE('',#10024,#10023);
#10026=DIRECTION('',(0.E0,-1.E0,0.E0));
#10027=VECTOR('',#10026,5.E-1);
#10028=CARTESIAN_POINT('',(6.7006E0,3.35E0,2.741E0));
#10029=LINE('',#10028,#10027);
#10030=DIRECTION('',(0.E0,-1.E0,0.E0));
#10031=VECTOR('',#10030,5.E-1);
#10032=CARTESIAN_POINT('',(5.9006E0,3.35E0,2.741E0));
#10033=LINE('',#10032,#10031);
#10034=DIRECTION('',(0.E0,-1.E0,0.E0));
#10035=VECTOR('',#10034,5.E-1);
#10036=CARTESIAN_POINT('',(5.9006E0,3.35E0,4.7745E0));
#10037=LINE('',#10036,#10035);
#10038=DIRECTION('',(0.E0,-1.E0,0.E0));
#10039=VECTOR('',#10038,5.E-1);
#10040=CARTESIAN_POINT('',(5.1492E0,3.35E0,4.8015E0));
#10041=LINE('',#10040,#10039);
#10042=DIRECTION('',(0.E0,-1.E0,0.E0));
#10043=VECTOR('',#10042,5.E-1);
#10044=CARTESIAN_POINT('',(5.1492E0,3.35E0,2.7477E0));
#10045=LINE('',#10044,#10043);
#10046=DIRECTION('',(0.E0,-1.E0,0.E0));
#10047=VECTOR('',#10046,5.E-1);
#10048=CARTESIAN_POINT('',(3.9357E0,3.35E0,2.7477E0));
#10049=LINE('',#10048,#10047);
#10050=DIRECTION('',(0.E0,-1.E0,0.E0));
#10051=VECTOR('',#10050,5.E-1);
#10052=CARTESIAN_POINT('',(3.9357E0,3.35E0,4.8015E0));
#10053=LINE('',#10052,#10051);
#10054=DIRECTION('',(0.E0,-1.E0,0.E0));
#10055=VECTOR('',#10054,5.E-1);
#10056=CARTESIAN_POINT('',(3.2888E0,3.35E0,4.7745E0));
#10057=LINE('',#10056,#10055);
#10058=DIRECTION('',(0.E0,-1.E0,0.E0));
#10059=VECTOR('',#10058,5.E-1);
#10060=CARTESIAN_POINT('',(3.2888E0,3.35E0,2.741E0));
#10061=LINE('',#10060,#10059);
#10062=DIRECTION('',(0.E0,-1.E0,0.E0));
#10063=VECTOR('',#10062,5.E-1);
#10064=CARTESIAN_POINT('',(2.4888E0,3.35E0,2.741E0));
#10065=LINE('',#10064,#10063);
#10066=DIRECTION('',(0.E0,-1.E0,0.E0));
#10067=VECTOR('',#10066,5.E-1);
#10068=CARTESIAN_POINT('',(2.4888E0,3.35E0,4.7745E0));
#10069=LINE('',#10068,#10067);
#10070=DIRECTION('',(-1.E0,0.E0,0.E0));
#10071=VECTOR('',#10070,1.E0);
#10072=CARTESIAN_POINT('',(-3.5E0,3.35E0,-1.02E-2));
#10073=LINE('',#10072,#10071);
#10074=CARTESIAN_POINT('',(-4.E0,3.115519703382E0,-4.761569092253E-1));
#10075=DIRECTION('',(0.E0,7.524861815493E-1,-6.586080371339E-1));
#10076=DIRECTION('',(1.E0,0.E0,0.E0));
#10077=AXIS2_PLACEMENT_3D('',#10074,#10075,#10076);
#10079=DIRECTION('',(-1.E0,0.E0,0.E0));
#10080=VECTOR('',#10079,1.E0);
#10081=CARTESIAN_POINT('',(-3.5E0,3.219560217676E0,-3.572864355696E-1));
#10082=LINE('',#10081,#10080);
#10083=CARTESIAN_POINT('',(-8.E0,-2.85E0,6.05E0));
#10084=CARTESIAN_POINT('',(-8.E0,-2.7E0,6.2E0));
#10085=VERTEX_POINT('',#10083);
#10086=VERTEX_POINT('',#10084);
#10087=CARTESIAN_POINT('',(-8.E0,2.7E0,6.2E0));
#10088=VERTEX_POINT('',#10087);
#10089=CARTESIAN_POINT('',(-8.E0,2.85E0,6.05E0));
#10090=VERTEX_POINT('',#10089);
#10091=CARTESIAN_POINT('',(-8.E0,3.35E0,6.05E0));
#10092=CARTESIAN_POINT('',(-8.E0,2.7E0,6.7E0));
#10093=VERTEX_POINT('',#10091);
#10094=VERTEX_POINT('',#10092);
#10095=CARTESIAN_POINT('',(-8.E0,-2.7E0,6.7E0));
#10096=VERTEX_POINT('',#10095);
#10097=CARTESIAN_POINT('',(-8.E0,-3.35E0,6.05E0));
#10098=VERTEX_POINT('',#10097);
#10099=CARTESIAN_POINT('',(8.E0,-2.85E0,6.05E0));
#10100=CARTESIAN_POINT('',(8.E0,-2.7E0,6.2E0));
#10101=VERTEX_POINT('',#10099);
#10102=VERTEX_POINT('',#10100);
#10103=CARTESIAN_POINT('',(8.E0,2.7E0,6.2E0));
#10104=VERTEX_POINT('',#10103);
#10105=CARTESIAN_POINT('',(8.E0,2.85E0,6.05E0));
#10106=VERTEX_POINT('',#10105);
#10107=CARTESIAN_POINT('',(8.E0,3.35E0,6.05E0));
#10108=CARTESIAN_POINT('',(8.E0,2.7E0,6.7E0));
#10109=VERTEX_POINT('',#10107);
#10110=VERTEX_POINT('',#10108);
#10111=CARTESIAN_POINT('',(8.E0,-2.7E0,6.7E0));
#10112=VERTEX_POINT('',#10111);
#10113=CARTESIAN_POINT('',(8.E0,-3.35E0,6.05E0));
#10114=VERTEX_POINT('',#10113);
#10115=CARTESIAN_POINT('',(-3.5E0,-3.219560217676E0,-3.572864355696E-1));
#10116=CARTESIAN_POINT('',(-3.5E0,-3.35E0,-1.02E-2));
#10117=VERTEX_POINT('',#10115);
#10118=VERTEX_POINT('',#10116);
#10119=CARTESIAN_POINT('',(-3.5E0,-2.85E0,-1.02E-2));
#10120=CARTESIAN_POINT('',(-3.5E0,-2.843317126902E0,-2.798241700261E-2));
#10121=VERTEX_POINT('',#10119);
#10122=VERTEX_POINT('',#10120);
#10123=CARTESIAN_POINT('',(-4.5E0,-3.219560217676E0,-3.572864355696E-1));
#10124=CARTESIAN_POINT('',(-4.5E0,-3.35E0,-1.02E-2));
#10125=VERTEX_POINT('',#10123);
#10126=VERTEX_POINT('',#10124);
#10127=CARTESIAN_POINT('',(-4.5E0,-2.85E0,-1.02E-2));
#10128=CARTESIAN_POINT('',(-4.5E0,-2.843317126902E0,-2.798241700261E-2));
#10129=VERTEX_POINT('',#10127);
#10130=VERTEX_POINT('',#10128);
#10131=CARTESIAN_POINT('',(-4.5E0,-2.85E0,1.1E0));
#10132=CARTESIAN_POINT('',(-4.5E0,-3.35E0,1.1E0));
#10133=VERTEX_POINT('',#10131);
#10134=VERTEX_POINT('',#10132);
#10135=CARTESIAN_POINT('',(-6.E0,-3.35E0,1.1E0));
#10136=VERTEX_POINT('',#10135);
#10137=CARTESIAN_POINT('',(-6.E0,-2.85E0,1.1E0));
#10138=VERTEX_POINT('',#10137);
#10139=CARTESIAN_POINT('',(-3.5E0,-2.739276612608E0,-1.468528906584E-1));
#10140=CARTESIAN_POINT('',(-4.5E0,-2.739276612608E0,-1.468528906584E-1));
#10141=VERTEX_POINT('',#10139);
#10142=VERTEX_POINT('',#10140);
#10143=CARTESIAN_POINT('',(-3.5E0,-3.115519703382E0,-4.761569092253E-1));
#10144=VERTEX_POINT('',#10143);
#10145=CARTESIAN_POINT('',(-4.5E0,-3.115519703382E0,-4.761569092253E-1));
#10146=VERTEX_POINT('',#10145);
#10147=CARTESIAN_POINT('',(-7.002506281447E0,-3.35E0,-3.75E0));
#10148=CARTESIAN_POINT('',(-7.002506281447E0,-3.35E0,-1.3E0));
#10149=VERTEX_POINT('',#10147);
#10150=VERTEX_POINT('',#10148);
#10151=CARTESIAN_POINT('',(-7.002506281447E0,-2.85E0,-3.75E0));
#10152=CARTESIAN_POINT('',(-7.002506281447E0,-2.85E0,-1.3E0));
#10153=VERTEX_POINT('',#10151);
#10154=VERTEX_POINT('',#10152);
#10155=CARTESIAN_POINT('',(-8.E0,-3.35E0,-3.8E0));
#10156=VERTEX_POINT('',#10155);
#10157=CARTESIAN_POINT('',(-8.E0,-2.85E0,-3.8E0));
#10158=VERTEX_POINT('',#10157);
#10159=CARTESIAN_POINT('',(-6.E0,-3.35E0,-1.3E0));
#10160=VERTEX_POINT('',#10159);
#10161=CARTESIAN_POINT('',(6.E0,-3.35E0,-1.3E0));
#10162=CARTESIAN_POINT('',(7.002506281447E0,-3.35E0,-1.3E0));
#10163=VERTEX_POINT('',#10161);
#10164=VERTEX_POINT('',#10162);
#10165=CARTESIAN_POINT('',(7.002506281447E0,-3.35E0,-3.75E0));
#10166=VERTEX_POINT('',#10165);
#10167=CARTESIAN_POINT('',(8.E0,-3.35E0,-3.8E0));
#10168=VERTEX_POINT('',#10167);
#10169=CARTESIAN_POINT('',(-6.E0,-2.85E0,-1.3E0));
#10170=VERTEX_POINT('',#10169);
#10171=CARTESIAN_POINT('',(6.E0,-2.85E0,-1.3E0));
#10172=CARTESIAN_POINT('',(7.002506281447E0,-2.85E0,-1.3E0));
#10173=VERTEX_POINT('',#10171);
#10174=VERTEX_POINT('',#10172);
#10175=CARTESIAN_POINT('',(7.002506281447E0,-2.85E0,-3.75E0));
#10176=VERTEX_POINT('',#10175);
#10177=CARTESIAN_POINT('',(8.E0,-2.85E0,-3.8E0));
#10178=VERTEX_POINT('',#10177);
#10179=CARTESIAN_POINT('',(6.E0,-3.35E0,1.1E0));
#10180=CARTESIAN_POINT('',(6.E0,-2.85E0,1.1E0));
#10181=VERTEX_POINT('',#10179);
#10182=VERTEX_POINT('',#10180);
#10183=CARTESIAN_POINT('',(-7.002506281447E0,3.35E0,-3.75E0));
#10184=CARTESIAN_POINT('',(-7.002506281447E0,3.35E0,-1.3E0));
#10185=VERTEX_POINT('',#10183);
#10186=VERTEX_POINT('',#10184);
#10187=CARTESIAN_POINT('',(-7.002506281447E0,2.85E0,-3.75E0));
#10188=CARTESIAN_POINT('',(-7.002506281447E0,2.85E0,-1.3E0));
#10189=VERTEX_POINT('',#10187);
#10190=VERTEX_POINT('',#10188);
#10191=CARTESIAN_POINT('',(-8.E0,3.35E0,-3.8E0));
#10192=VERTEX_POINT('',#10191);
#10193=CARTESIAN_POINT('',(-6.E0,3.35E0,-1.3E0));
#10194=VERTEX_POINT('',#10193);
#10195=CARTESIAN_POINT('',(6.E0,3.35E0,-1.3E0));
#10196=CARTESIAN_POINT('',(7.002506281447E0,3.35E0,-1.3E0));
#10197=VERTEX_POINT('',#10195);
#10198=VERTEX_POINT('',#10196);
#10199=CARTESIAN_POINT('',(7.002506281447E0,3.35E0,-3.75E0));
#10200=VERTEX_POINT('',#10199);
#10201=CARTESIAN_POINT('',(8.E0,3.35E0,-3.8E0));
#10202=VERTEX_POINT('',#10201);
#10203=CARTESIAN_POINT('',(-8.E0,2.85E0,-3.8E0));
#10204=VERTEX_POINT('',#10203);
#10205=CARTESIAN_POINT('',(-6.E0,2.85E0,-1.3E0));
#10206=VERTEX_POINT('',#10205);
#10207=CARTESIAN_POINT('',(6.E0,2.85E0,-1.3E0));
#10208=CARTESIAN_POINT('',(7.002506281447E0,2.85E0,-1.3E0));
#10209=VERTEX_POINT('',#10207);
#10210=VERTEX_POINT('',#10208);
#10211=CARTESIAN_POINT('',(7.002506281447E0,2.85E0,-3.75E0));
#10212=VERTEX_POINT('',#10211);
#10213=CARTESIAN_POINT('',(8.E0,2.85E0,-3.8E0));
#10214=VERTEX_POINT('',#10213);
#10215=CARTESIAN_POINT('',(-6.E0,3.35E0,1.1E0));
#10216=VERTEX_POINT('',#10215);
#10217=CARTESIAN_POINT('',(6.E0,3.35E0,1.1E0));
#10218=VERTEX_POINT('',#10217);
#10219=CARTESIAN_POINT('',(-6.E0,2.85E0,1.1E0));
#10220=VERTEX_POINT('',#10219);
#10221=CARTESIAN_POINT('',(6.E0,2.85E0,1.1E0));
#10222=VERTEX_POINT('',#10221);
#10223=CARTESIAN_POINT('',(-2.740681785823E0,-3.35E0,8.462526058330E-2));
#10224=CARTESIAN_POINT('',(-2.740681785823E0,-2.85E0,8.462526058330E-2));
#10225=VERTEX_POINT('',#10223);
#10226=VERTEX_POINT('',#10224);
#10227=CARTESIAN_POINT('',(-2.740681785823E0,-3.35E0,1.1E0));
#10228=CARTESIAN_POINT('',(-2.740681785823E0,-2.85E0,1.1E0));
#10229=VERTEX_POINT('',#10227);
#10230=VERTEX_POINT('',#10228);
#10231=CARTESIAN_POINT('',(-3.5E0,-3.35E0,8.462526058330E-2));
#10232=CARTESIAN_POINT('',(-3.5E0,-2.85E0,8.462526058330E-2));
#10233=VERTEX_POINT('',#10231);
#10234=VERTEX_POINT('',#10232);
#10235=CARTESIAN_POINT('',(3.5E0,-3.35E0,-1.02E-2));
#10236=CARTESIAN_POINT('',(3.5E0,-3.219560217676E0,-3.572864355696E-1));
#10237=VERTEX_POINT('',#10235);
#10238=VERTEX_POINT('',#10236);
#10239=CARTESIAN_POINT('',(3.5E0,-2.843317126902E0,-2.798241700261E-2));
#10240=CARTESIAN_POINT('',(3.5E0,-2.85E0,-1.02E-2));
#10241=VERTEX_POINT('',#10239);
#10242=VERTEX_POINT('',#10240);
#10243=CARTESIAN_POINT('',(4.5E0,-3.35E0,-1.02E-2));
#10244=CARTESIAN_POINT('',(4.5E0,-3.219560217676E0,-3.572864355696E-1));
#10245=VERTEX_POINT('',#10243);
#10246=VERTEX_POINT('',#10244);
#10247=CARTESIAN_POINT('',(4.5E0,-2.843317126902E0,-2.798241700261E-2));
#10248=CARTESIAN_POINT('',(4.5E0,-2.85E0,-1.02E-2));
#10249=VERTEX_POINT('',#10247);
#10250=VERTEX_POINT('',#10248);
#10251=CARTESIAN_POINT('',(4.5E0,-3.35E0,1.1E0));
#10252=VERTEX_POINT('',#10251);
#10253=CARTESIAN_POINT('',(4.5E0,-2.85E0,1.1E0));
#10254=VERTEX_POINT('',#10253);
#10255=CARTESIAN_POINT('',(2.740681785823E0,-3.35E0,8.462526058330E-2));
#10256=CARTESIAN_POINT('',(2.740681785823E0,-2.85E0,8.462526058330E-2));
#10257=VERTEX_POINT('',#10255);
#10258=VERTEX_POINT('',#10256);
#10259=CARTESIAN_POINT('',(3.5E0,-3.35E0,8.462526058330E-2));
#10260=VERTEX_POINT('',#10259);
#10261=CARTESIAN_POINT('',(2.740681785823E0,-3.35E0,1.1E0));
#10262=VERTEX_POINT('',#10261);
#10263=CARTESIAN_POINT('',(3.5E0,-2.85E0,8.462526058330E-2));
#10264=VERTEX_POINT('',#10263);
#10265=CARTESIAN_POINT('',(2.740681785823E0,-2.85E0,1.1E0));
#10266=VERTEX_POINT('',#10265);
#10267=CARTESIAN_POINT('',(4.5E0,-2.739276612608E0,-1.468528906584E-1));
#10268=CARTESIAN_POINT('',(3.5E0,-2.739276612608E0,-1.468528906584E-1));
#10269=VERTEX_POINT('',#10267);
#10270=VERTEX_POINT('',#10268);
#10271=CARTESIAN_POINT('',(3.5E0,-3.115519703382E0,-4.761569092253E-1));
#10272=VERTEX_POINT('',#10271);
#10273=CARTESIAN_POINT('',(4.5E0,-3.115519703382E0,-4.761569092253E-1));
#10274=VERTEX_POINT('',#10273);
#10275=CARTESIAN_POINT('',(-3.5E0,3.35E0,-1.02E-2));
#10276=CARTESIAN_POINT('',(-3.5E0,3.219560217676E0,-3.572864355696E-1));
#10277=VERTEX_POINT('',#10275);
#10278=VERTEX_POINT('',#10276);
#10279=CARTESIAN_POINT('',(-3.5E0,2.843317126902E0,-2.798241700261E-2));
#10280=CARTESIAN_POINT('',(-3.5E0,2.85E0,-1.02E-2));
#10281=VERTEX_POINT('',#10279);
#10282=VERTEX_POINT('',#10280);
#10283=CARTESIAN_POINT('',(-4.5E0,3.35E0,-1.02E-2));
#10284=CARTESIAN_POINT('',(-4.5E0,3.219560217676E0,-3.572864355696E-1));
#10285=VERTEX_POINT('',#10283);
#10286=VERTEX_POINT('',#10284);
#10287=CARTESIAN_POINT('',(-4.5E0,2.843317126902E0,-2.798241700261E-2));
#10288=CARTESIAN_POINT('',(-4.5E0,2.85E0,-1.02E-2));
#10289=VERTEX_POINT('',#10287);
#10290=VERTEX_POINT('',#10288);
#10291=CARTESIAN_POINT('',(-4.5E0,3.35E0,1.1E0));
#10292=VERTEX_POINT('',#10291);
#10293=CARTESIAN_POINT('',(-4.5E0,2.85E0,1.1E0));
#10294=VERTEX_POINT('',#10293);
#10295=CARTESIAN_POINT('',(-2.740681785823E0,3.35E0,8.462526058330E-2));
#10296=CARTESIAN_POINT('',(-2.740681785823E0,2.85E0,8.462526058330E-2));
#10297=VERTEX_POINT('',#10295);
#10298=VERTEX_POINT('',#10296);
#10299=CARTESIAN_POINT('',(-3.5E0,3.35E0,8.462526058330E-2));
#10300=VERTEX_POINT('',#10299);
#10301=CARTESIAN_POINT('',(-2.740681785823E0,3.35E0,1.1E0));
#10302=VERTEX_POINT('',#10301);
#10303=CARTESIAN_POINT('',(-3.5E0,2.85E0,8.462526058330E-2));
#10304=VERTEX_POINT('',#10303);
#10305=CARTESIAN_POINT('',(-2.740681785823E0,2.85E0,1.1E0));
#10306=VERTEX_POINT('',#10305);
#10307=CARTESIAN_POINT('',(3.5E0,3.35E0,-1.02E-2));
#10308=CARTESIAN_POINT('',(3.5E0,3.219560217676E0,-3.572864355696E-1));
#10309=VERTEX_POINT('',#10307);
#10310=VERTEX_POINT('',#10308);
#10311=CARTESIAN_POINT('',(3.5E0,2.843317126902E0,-2.798241700261E-2));
#10312=CARTESIAN_POINT('',(3.5E0,2.85E0,-1.02E-2));
#10313=VERTEX_POINT('',#10311);
#10314=VERTEX_POINT('',#10312);
#10315=CARTESIAN_POINT('',(4.5E0,3.35E0,-1.02E-2));
#10316=CARTESIAN_POINT('',(4.5E0,3.219560217676E0,-3.572864355696E-1));
#10317=VERTEX_POINT('',#10315);
#10318=VERTEX_POINT('',#10316);
#10319=CARTESIAN_POINT('',(4.5E0,2.843317126902E0,-2.798241700261E-2));
#10320=CARTESIAN_POINT('',(4.5E0,2.85E0,-1.02E-2));
#10321=VERTEX_POINT('',#10319);
#10322=VERTEX_POINT('',#10320);
#10323=CARTESIAN_POINT('',(4.5E0,3.35E0,1.1E0));
#10324=VERTEX_POINT('',#10323);
#10325=CARTESIAN_POINT('',(4.5E0,2.85E0,1.1E0));
#10326=VERTEX_POINT('',#10325);
#10327=CARTESIAN_POINT('',(2.740681785823E0,3.35E0,8.462526058330E-2));
#10328=CARTESIAN_POINT('',(2.740681785823E0,2.85E0,8.462526058330E-2));
#10329=VERTEX_POINT('',#10327);
#10330=VERTEX_POINT('',#10328);
#10331=CARTESIAN_POINT('',(3.5E0,3.35E0,8.462526058330E-2));
#10332=VERTEX_POINT('',#10331);
#10333=CARTESIAN_POINT('',(2.740681785823E0,3.35E0,1.1E0));
#10334=VERTEX_POINT('',#10333);
#10335=CARTESIAN_POINT('',(3.5E0,2.85E0,8.462526058330E-2));
#10336=VERTEX_POINT('',#10335);
#10337=CARTESIAN_POINT('',(2.740681785823E0,2.85E0,1.1E0));
#10338=VERTEX_POINT('',#10337);
#10339=CARTESIAN_POINT('',(-4.5E0,2.739276612608E0,-1.468528906584E-1));
#10340=CARTESIAN_POINT('',(-3.5E0,2.739276612608E0,-1.468528906584E-1));
#10341=VERTEX_POINT('',#10339);
#10342=VERTEX_POINT('',#10340);
#10343=CARTESIAN_POINT('',(-3.5E0,3.115519703382E0,-4.761569092253E-1));
#10344=VERTEX_POINT('',#10343);
#10345=CARTESIAN_POINT('',(-4.5E0,3.115519703382E0,-4.761569092253E-1));
#10346=VERTEX_POINT('',#10345);
#10347=CARTESIAN_POINT('',(4.5E0,3.115519703382E0,-4.761569092253E-1));
#10348=CARTESIAN_POINT('',(3.5E0,3.115519703382E0,-4.761569092253E-1));
#10349=VERTEX_POINT('',#10347);
#10350=VERTEX_POINT('',#10348);
#10351=CARTESIAN_POINT('',(3.5E0,2.739276612608E0,-1.468528906584E-1));
#10352=VERTEX_POINT('',#10351);
#10353=CARTESIAN_POINT('',(4.5E0,2.739276612608E0,-1.468528906584E-1));
#10354=VERTEX_POINT('',#10353);
#10355=CARTESIAN_POINT('',(6.7006E0,2.85E0,4.7745E0));
#10356=CARTESIAN_POINT('',(6.7006E0,2.85E0,2.741E0));
#10357=VERTEX_POINT('',#10355);
#10358=VERTEX_POINT('',#10356);
#10359=CARTESIAN_POINT('',(5.9006E0,2.85E0,2.741E0));
#10360=CARTESIAN_POINT('',(5.9006E0,2.85E0,4.7745E0));
#10361=VERTEX_POINT('',#10359);
#10362=VERTEX_POINT('',#10360);
#10363=CARTESIAN_POINT('',(5.1492E0,2.85E0,4.8015E0));
#10364=CARTESIAN_POINT('',(5.1492E0,2.85E0,2.7477E0));
#10365=VERTEX_POINT('',#10363);
#10366=VERTEX_POINT('',#10364);
#10367=CARTESIAN_POINT('',(3.9357E0,2.85E0,2.7477E0));
#10368=CARTESIAN_POINT('',(3.9357E0,2.85E0,4.8015E0));
#10369=VERTEX_POINT('',#10367);
#10370=VERTEX_POINT('',#10368);
#10371=CARTESIAN_POINT('',(3.2888E0,2.85E0,4.7745E0));
#10372=CARTESIAN_POINT('',(3.2888E0,2.85E0,2.741E0));
#10373=VERTEX_POINT('',#10371);
#10374=VERTEX_POINT('',#10372);
#10375=CARTESIAN_POINT('',(2.4888E0,2.85E0,2.741E0));
#10376=CARTESIAN_POINT('',(2.4888E0,2.85E0,4.7745E0));
#10377=VERTEX_POINT('',#10375);
#10378=VERTEX_POINT('',#10376);
#10379=CARTESIAN_POINT('',(6.7006E0,3.35E0,4.7745E0));
#10380=CARTESIAN_POINT('',(6.7006E0,3.35E0,2.741E0));
#10381=VERTEX_POINT('',#10379);
#10382=VERTEX_POINT('',#10380);
#10383=CARTESIAN_POINT('',(5.9006E0,3.35E0,2.741E0));
#10384=CARTESIAN_POINT('',(5.9006E0,3.35E0,4.7745E0));
#10385=VERTEX_POINT('',#10383);
#10386=VERTEX_POINT('',#10384);
#10387=CARTESIAN_POINT('',(5.1492E0,3.35E0,4.8015E0));
#10388=CARTESIAN_POINT('',(5.1492E0,3.35E0,2.7477E0));
#10389=VERTEX_POINT('',#10387);
#10390=VERTEX_POINT('',#10388);
#10391=CARTESIAN_POINT('',(3.9357E0,3.35E0,2.7477E0));
#10392=CARTESIAN_POINT('',(3.9357E0,3.35E0,4.8015E0));
#10393=VERTEX_POINT('',#10391);
#10394=VERTEX_POINT('',#10392);
#10395=CARTESIAN_POINT('',(3.2888E0,3.35E0,4.7745E0));
#10396=CARTESIAN_POINT('',(3.2888E0,3.35E0,2.741E0));
#10397=VERTEX_POINT('',#10395);
#10398=VERTEX_POINT('',#10396);
#10399=CARTESIAN_POINT('',(2.4888E0,3.35E0,2.741E0));
#10400=CARTESIAN_POINT('',(2.4888E0,3.35E0,4.7745E0));
#10401=VERTEX_POINT('',#10399);
#10402=VERTEX_POINT('',#10400);
#10403=CARTESIAN_POINT('',(3.6E0,1.3E0,6.2E0));
#10404=CARTESIAN_POINT('',(-3.6E0,1.3E0,6.2E0));
#10405=VERTEX_POINT('',#10403);
#10406=VERTEX_POINT('',#10404);
#10407=CARTESIAN_POINT('',(-3.6E0,-1.3E0,6.2E0));
#10408=VERTEX_POINT('',#10407);
#10409=CARTESIAN_POINT('',(3.6E0,-1.3E0,6.2E0));
#10410=VERTEX_POINT('',#10409);
#10411=CARTESIAN_POINT('',(3.6E0,1.3E0,6.7E0));
#10412=CARTESIAN_POINT('',(-3.6E0,1.3E0,6.7E0));
#10413=VERTEX_POINT('',#10411);
#10414=VERTEX_POINT('',#10412);
#10415=CARTESIAN_POINT('',(-3.6E0,-1.3E0,6.7E0));
#10416=VERTEX_POINT('',#10415);
#10417=CARTESIAN_POINT('',(3.6E0,-1.3E0,6.7E0));
#10418=VERTEX_POINT('',#10417);
#10419=CARTESIAN_POINT('',(-5.845207919767E0,-2.85E0,4.695579749519E0));
#10420=CARTESIAN_POINT('',(-6.645207919767E0,-2.85E0,4.695579749519E0));
#10421=VERTEX_POINT('',#10419);
#10422=VERTEX_POINT('',#10420);
#10423=CARTESIAN_POINT('',(-6.645207919767E0,-2.85E0,2.662079749519E0));
#10424=VERTEX_POINT('',#10423);
#10425=CARTESIAN_POINT('',(-5.845207919767E0,-2.85E0,2.662079749519E0));
#10426=VERTEX_POINT('',#10425);
#10427=CARTESIAN_POINT('',(-3.880307919767E0,-2.85E0,4.722579749519E0));
#10428=CARTESIAN_POINT('',(-5.093807919767E0,-2.85E0,4.722579749519E0));
#10429=VERTEX_POINT('',#10427);
#10430=VERTEX_POINT('',#10428);
#10431=CARTESIAN_POINT('',(-5.093807919767E0,-2.85E0,2.668779749519E0));
#10432=VERTEX_POINT('',#10431);
#10433=CARTESIAN_POINT('',(-3.880307919767E0,-2.85E0,2.668779749519E0));
#10434=VERTEX_POINT('',#10433);
#10435=CARTESIAN_POINT('',(-2.433407919767E0,-2.85E0,4.695579749519E0));
#10436=CARTESIAN_POINT('',(-3.233407919767E0,-2.85E0,4.695579749519E0));
#10437=VERTEX_POINT('',#10435);
#10438=VERTEX_POINT('',#10436);
#10439=CARTESIAN_POINT('',(-3.233407919767E0,-2.85E0,2.662079749519E0));
#10440=VERTEX_POINT('',#10439);
#10441=CARTESIAN_POINT('',(-2.433407919767E0,-2.85E0,2.662079749519E0));
#10442=VERTEX_POINT('',#10441);
#10443=CARTESIAN_POINT('',(-5.845207919767E0,-3.35E0,4.695579749519E0));
#10444=CARTESIAN_POINT('',(-6.645207919767E0,-3.35E0,4.695579749519E0));
#10445=VERTEX_POINT('',#10443);
#10446=VERTEX_POINT('',#10444);
#10447=CARTESIAN_POINT('',(-6.645207919767E0,-3.35E0,2.662079749519E0));
#10448=VERTEX_POINT('',#10447);
#10449=CARTESIAN_POINT('',(-5.845207919767E0,-3.35E0,2.662079749519E0));
#10450=VERTEX_POINT('',#10449);
#10451=CARTESIAN_POINT('',(-3.880307919767E0,-3.35E0,4.722579749519E0));
#10452=CARTESIAN_POINT('',(-5.093807919767E0,-3.35E0,4.722579749519E0));
#10453=VERTEX_POINT('',#10451);
#10454=VERTEX_POINT('',#10452);
#10455=CARTESIAN_POINT('',(-5.093807919767E0,-3.35E0,2.668779749519E0));
#10456=VERTEX_POINT('',#10455);
#10457=CARTESIAN_POINT('',(-3.880307919767E0,-3.35E0,2.668779749519E0));
#10458=VERTEX_POINT('',#10457);
#10459=CARTESIAN_POINT('',(-2.433407919767E0,-3.35E0,4.695579749519E0));
#10460=CARTESIAN_POINT('',(-3.233407919767E0,-3.35E0,4.695579749519E0));
#10461=VERTEX_POINT('',#10459);
#10462=VERTEX_POINT('',#10460);
#10463=CARTESIAN_POINT('',(-3.233407919767E0,-3.35E0,2.662079749519E0));
#10464=VERTEX_POINT('',#10463);
#10465=CARTESIAN_POINT('',(-2.433407919767E0,-3.35E0,2.662079749519E0));
#10466=VERTEX_POINT('',#10465);
#10467=CARTESIAN_POINT('',(3.5E0,2.823E0,-1.02E-2));
#10468=DIRECTION('',(-1.E0,0.E0,0.E0));
#10469=DIRECTION('',(0.E0,-1.E0,0.E0));
#10470=AXIS2_PLACEMENT_3D('',#10467,#10468,#10469);
#10471=CYLINDRICAL_SURFACE('',#10470,5.27E-1);
#10473=ORIENTED_EDGE('',*,*,#10472,.T.);
#10475=ORIENTED_EDGE('',*,*,#10474,.T.);
#10477=ORIENTED_EDGE('',*,*,#10476,.F.);
#10479=ORIENTED_EDGE('',*,*,#10478,.F.);
#10480=EDGE_LOOP('',(#10473,#10475,#10477,#10479));
#10481=FACE_OUTER_BOUND('',#10480,.F.);
#10482=ADVANCED_FACE('',(#10481),#10471,.T.);
#10483=FILL_AREA_STYLE_COLOUR('',#27);
#10484=FILL_AREA_STYLE('',(#10483));
#10485=SURFACE_STYLE_FILL_AREA(#10484);
#10486=SURFACE_SIDE_STYLE('',(#10485));
#10487=SURFACE_STYLE_USAGE(.POSITIVE.,#10486);
#10488=PRESENTATION_STYLE_ASSIGNMENT((#10487));
#10489=STYLED_ITEM('',(#10488),#10482);
#10490=CARTESIAN_POINT('',(3.5E0,0.E0,0.E0));
#10491=DIRECTION('',(-1.E0,0.E0,0.E0));
#10492=DIRECTION('',(0.E0,-1.E0,0.E0));
#10493=AXIS2_PLACEMENT_3D('',#10490,#10491,#10492);
#10494=PLANE('',#10493);
#10496=ORIENTED_EDGE('',*,*,#10495,.T.);
#10498=ORIENTED_EDGE('',*,*,#10497,.F.);
#10500=ORIENTED_EDGE('',*,*,#10499,.F.);
#10502=ORIENTED_EDGE('',*,*,#10501,.F.);
#10504=ORIENTED_EDGE('',*,*,#10503,.T.);
#10506=ORIENTED_EDGE('',*,*,#10505,.F.);
#10507=ORIENTED_EDGE('',*,*,#10472,.F.);
#10509=ORIENTED_EDGE('',*,*,#10508,.F.);
#10510=EDGE_LOOP('',(#10496,#10498,#10500,#10502,#10504,#10506,#10507,#10509));
#10511=FACE_OUTER_BOUND('',#10510,.F.);
#10512=ADVANCED_FACE('',(#10511),#10494,.T.);
#10513=FILL_AREA_STYLE_COLOUR('',#27);
#10514=FILL_AREA_STYLE('',(#10513));
#10515=SURFACE_STYLE_FILL_AREA(#10514);
#10516=SURFACE_SIDE_STYLE('',(#10515));
#10517=SURFACE_STYLE_USAGE(.POSITIVE.,#10516);
#10518=PRESENTATION_STYLE_ASSIGNMENT((#10517));
#10519=STYLED_ITEM('',(#10518),#10512);
#10520=CARTESIAN_POINT('',(3.5E0,3.35E0,8.462526058330E-2));
#10521=DIRECTION('',(0.E0,0.E0,-1.E0));
#10522=DIRECTION('',(-1.E0,0.E0,0.E0));
#10523=AXIS2_PLACEMENT_3D('',#10520,#10521,#10522);
#10524=PLANE('',#10523);
#10526=ORIENTED_EDGE('',*,*,#10525,.T.);
#10528=ORIENTED_EDGE('',*,*,#10527,.T.);
#10530=ORIENTED_EDGE('',*,*,#10529,.F.);
#10531=ORIENTED_EDGE('',*,*,#10495,.F.);
#10532=EDGE_LOOP('',(#10526,#10528,#10530,#10531));
#10533=FACE_OUTER_BOUND('',#10532,.F.);
#10534=ADVANCED_FACE('',(#10533),#10524,.T.);
#10535=FILL_AREA_STYLE_COLOUR('',#27);
#10536=FILL_AREA_STYLE('',(#10535));
#10537=SURFACE_STYLE_FILL_AREA(#10536);
#10538=SURFACE_SIDE_STYLE('',(#10537));
#10539=SURFACE_STYLE_USAGE(.POSITIVE.,#10538);
#10540=PRESENTATION_STYLE_ASSIGNMENT((#10539));
#10541=STYLED_ITEM('',(#10540),#10534);
#10542=CARTESIAN_POINT('',(-8.E0,3.35E0,1.1E0));
#10543=DIRECTION('',(0.E0,1.E0,0.E0));
#10544=DIRECTION('',(0.E0,0.E0,1.E0));
#10545=AXIS2_PLACEMENT_3D('',#10542,#10543,#10544);
#10546=PLANE('',#10545);
#10548=ORIENTED_EDGE('',*,*,#10547,.T.);
#10550=ORIENTED_EDGE('',*,*,#10549,.F.);
#10551=ORIENTED_EDGE('',*,*,#10525,.F.);
#10552=ORIENTED_EDGE('',*,*,#10508,.T.);
#10553=ORIENTED_EDGE('',*,*,#10478,.T.);
#10555=ORIENTED_EDGE('',*,*,#10554,.F.);
#10557=ORIENTED_EDGE('',*,*,#10556,.T.);
#10559=ORIENTED_EDGE('',*,*,#10558,.T.);
#10561=ORIENTED_EDGE('',*,*,#10560,.T.);
#10563=ORIENTED_EDGE('',*,*,#10562,.T.);
#10565=ORIENTED_EDGE('',*,*,#10564,.T.);
#10567=ORIENTED_EDGE('',*,*,#10566,.F.);
#10569=ORIENTED_EDGE('',*,*,#10568,.F.);
#10571=ORIENTED_EDGE('',*,*,#10570,.F.);
#10573=ORIENTED_EDGE('',*,*,#10572,.T.);
#10575=ORIENTED_EDGE('',*,*,#10574,.T.);
#10577=ORIENTED_EDGE('',*,*,#10576,.T.);
#10579=ORIENTED_EDGE('',*,*,#10578,.T.);
#10581=ORIENTED_EDGE('',*,*,#10580,.T.);
#10583=ORIENTED_EDGE('',*,*,#10582,.T.);
#10585=ORIENTED_EDGE('',*,*,#10584,.F.);
#10587=ORIENTED_EDGE('',*,*,#10586,.F.);
#10589=ORIENTED_EDGE('',*,*,#10588,.T.);
#10591=ORIENTED_EDGE('',*,*,#10590,.T.);
#10592=EDGE_LOOP('',(#10548,#10550,#10551,#10552,#10553,#10555,#10557,#10559,
#10561,#10563,#10565,#10567,#10569,#10571,#10573,#10575,#10577,#10579,#10581,
#10583,#10585,#10587,#10589,#10591));
#10593=FACE_OUTER_BOUND('',#10592,.F.);
#10595=ORIENTED_EDGE('',*,*,#10594,.T.);
#10597=ORIENTED_EDGE('',*,*,#10596,.T.);
#10599=ORIENTED_EDGE('',*,*,#10598,.T.);
#10601=ORIENTED_EDGE('',*,*,#10600,.T.);
#10602=EDGE_LOOP('',(#10595,#10597,#10599,#10601));
#10603=FACE_BOUND('',#10602,.F.);
#10605=ORIENTED_EDGE('',*,*,#10604,.T.);
#10607=ORIENTED_EDGE('',*,*,#10606,.T.);
#10609=ORIENTED_EDGE('',*,*,#10608,.T.);
#10611=ORIENTED_EDGE('',*,*,#10610,.T.);
#10612=EDGE_LOOP('',(#10605,#10607,#10609,#10611));
#10613=FACE_BOUND('',#10612,.F.);
#10615=ORIENTED_EDGE('',*,*,#10614,.T.);
#10617=ORIENTED_EDGE('',*,*,#10616,.T.);
#10619=ORIENTED_EDGE('',*,*,#10618,.T.);
#10621=ORIENTED_EDGE('',*,*,#10620,.T.);
#10622=EDGE_LOOP('',(#10615,#10617,#10619,#10621));
#10623=FACE_BOUND('',#10622,.F.);
#10624=ADVANCED_FACE('',(#10593,#10603,#10613,#10623),#10546,.T.);
#10625=FILL_AREA_STYLE_COLOUR('',#27);
#10626=FILL_AREA_STYLE('',(#10625));
#10627=SURFACE_STYLE_FILL_AREA(#10626);
#10628=SURFACE_SIDE_STYLE('',(#10627));
#10629=SURFACE_STYLE_USAGE(.POSITIVE.,#10628);
#10630=PRESENTATION_STYLE_ASSIGNMENT((#10629));
#10631=STYLED_ITEM('',(#10630),#10624);
#10632=CARTESIAN_POINT('',(-8.E0,2.85E0,1.1E0));
#10633=DIRECTION('',(0.E0,0.E0,-1.E0));
#10634=DIRECTION('',(0.E0,1.E0,0.E0));
#10635=AXIS2_PLACEMENT_3D('',#10632,#10633,#10634);
#10636=PLANE('',#10635);
#10638=ORIENTED_EDGE('',*,*,#10637,.T.);
#10639=ORIENTED_EDGE('',*,*,#10580,.F.);
#10641=ORIENTED_EDGE('',*,*,#10640,.F.);
#10643=ORIENTED_EDGE('',*,*,#10642,.T.);
#10644=EDGE_LOOP('',(#10638,#10639,#10641,#10643));
#10645=FACE_OUTER_BOUND('',#10644,.F.);
#10646=ADVANCED_FACE('',(#10645),#10636,.T.);
#10647=FILL_AREA_STYLE_COLOUR('',#27);
#10648=FILL_AREA_STYLE('',(#10647));
#10649=SURFACE_STYLE_FILL_AREA(#10648);
#10650=SURFACE_SIDE_STYLE('',(#10649));
#10651=SURFACE_STYLE_USAGE(.POSITIVE.,#10650);
#10652=PRESENTATION_STYLE_ASSIGNMENT((#10651));
#10653=STYLED_ITEM('',(#10652),#10646);
#10654=CARTESIAN_POINT('',(-8.E0,2.85E0,1.1E0));
#10655=DIRECTION('',(0.E0,0.E0,-1.E0));
#10656=DIRECTION('',(0.E0,1.E0,0.E0));
#10657=AXIS2_PLACEMENT_3D('',#10654,#10655,#10656);
#10658=PLANE('',#10657);
#10660=ORIENTED_EDGE('',*,*,#10659,.F.);
#10662=ORIENTED_EDGE('',*,*,#10661,.T.);
#10664=ORIENTED_EDGE('',*,*,#10663,.T.);
#10665=ORIENTED_EDGE('',*,*,#10556,.F.);
#10666=EDGE_LOOP('',(#10660,#10662,#10664,#10665));
#10667=FACE_OUTER_BOUND('',#10666,.F.);
#10668=ADVANCED_FACE('',(#10667),#10658,.T.);
#10669=FILL_AREA_STYLE_COLOUR('',#27);
#10670=FILL_AREA_STYLE('',(#10669));
#10671=SURFACE_STYLE_FILL_AREA(#10670);
#10672=SURFACE_SIDE_STYLE('',(#10671));
#10673=SURFACE_STYLE_USAGE(.POSITIVE.,#10672);
#10674=PRESENTATION_STYLE_ASSIGNMENT((#10673));
#10675=STYLED_ITEM('',(#10674),#10668);
#10676=CARTESIAN_POINT('',(-8.E0,2.85E0,1.1E0));
#10677=DIRECTION('',(0.E0,0.E0,-1.E0));
#10678=DIRECTION('',(0.E0,1.E0,0.E0));
#10679=AXIS2_PLACEMENT_3D('',#10676,#10677,#10678);
#10680=PLANE('',#10679);
#10682=ORIENTED_EDGE('',*,*,#10681,.T.);
#10683=ORIENTED_EDGE('',*,*,#10547,.F.);
#10685=ORIENTED_EDGE('',*,*,#10684,.F.);
#10687=ORIENTED_EDGE('',*,*,#10686,.T.);
#10688=EDGE_LOOP('',(#10682,#10683,#10685,#10687));
#10689=FACE_OUTER_BOUND('',#10688,.F.);
#10690=ADVANCED_FACE('',(#10689),#10680,.T.);
#10691=FILL_AREA_STYLE_COLOUR('',#27);
#10692=FILL_AREA_STYLE('',(#10691));
#10693=SURFACE_STYLE_FILL_AREA(#10692);
#10694=SURFACE_SIDE_STYLE('',(#10693));
#10695=SURFACE_STYLE_USAGE(.POSITIVE.,#10694);
#10696=PRESENTATION_STYLE_ASSIGNMENT((#10695));
#10697=STYLED_ITEM('',(#10696),#10690);
#10698=CARTESIAN_POINT('',(-4.5E0,0.E0,0.E0));
#10699=DIRECTION('',(-1.E0,0.E0,0.E0));
#10700=DIRECTION('',(0.E0,-1.E0,0.E0));
#10701=AXIS2_PLACEMENT_3D('',#10698,#10699,#10700);
#10702=PLANE('',#10701);
#10704=ORIENTED_EDGE('',*,*,#10703,.F.);
#10706=ORIENTED_EDGE('',*,*,#10705,.F.);
#10708=ORIENTED_EDGE('',*,*,#10707,.F.);
#10709=ORIENTED_EDGE('',*,*,#10582,.F.);
#10710=ORIENTED_EDGE('',*,*,#10637,.F.);
#10712=ORIENTED_EDGE('',*,*,#10711,.F.);
#10714=ORIENTED_EDGE('',*,*,#10713,.F.);
#10716=ORIENTED_EDGE('',*,*,#10715,.F.);
#10717=EDGE_LOOP('',(#10704,#10706,#10708,#10709,#10710,#10712,#10714,#10716));
#10718=FACE_OUTER_BOUND('',#10717,.F.);
#10719=ADVANCED_FACE('',(#10718),#10702,.T.);
#10720=FILL_AREA_STYLE_COLOUR('',#27);
#10721=FILL_AREA_STYLE('',(#10720));
#10722=SURFACE_STYLE_FILL_AREA(#10721);
#10723=SURFACE_SIDE_STYLE('',(#10722));
#10724=SURFACE_STYLE_USAGE(.POSITIVE.,#10723);
#10725=PRESENTATION_STYLE_ASSIGNMENT((#10724));
#10726=STYLED_ITEM('',(#10725),#10719);
#10727=CARTESIAN_POINT('',(-4.E0,1.208412E1,-8.325858846651E0));
#10728=DIRECTION('',(0.E0,-7.524861815493E-1,6.586080371339E-1));
#10729=DIRECTION('',(1.E0,0.E0,0.E0));
#10730=AXIS2_PLACEMENT_3D('',#10727,#10728,#10729);
#10731=CYLINDRICAL_SURFACE('',#10730,5.E-1);
#10733=ORIENTED_EDGE('',*,*,#10732,.T.);
#10735=ORIENTED_EDGE('',*,*,#10734,.F.);
#10737=ORIENTED_EDGE('',*,*,#10736,.T.);
#10738=ORIENTED_EDGE('',*,*,#10703,.T.);
#10739=EDGE_LOOP('',(#10733,#10735,#10737,#10738));
#10740=FACE_OUTER_BOUND('',#10739,.F.);
#10741=ADVANCED_FACE('',(#10740),#10731,.T.);
#10742=FILL_AREA_STYLE_COLOUR('',#27);
#10743=FILL_AREA_STYLE('',(#10742));
#10744=SURFACE_STYLE_FILL_AREA(#10743);
#10745=SURFACE_SIDE_STYLE('',(#10744));
#10746=SURFACE_STYLE_USAGE(.POSITIVE.,#10745);
#10747=PRESENTATION_STYLE_ASSIGNMENT((#10746));
#10748=STYLED_ITEM('',(#10747),#10741);
#10749=CARTESIAN_POINT('',(-3.5E0,2.409972594041E0,-5.230959814331E-1));
#10750=DIRECTION('',(0.E0,7.524861815493E-1,-6.586080371339E-1));
#10751=DIRECTION('',(0.E0,6.586080371339E-1,7.524861815493E-1));
#10752=AXIS2_PLACEMENT_3D('',#10749,#10750,#10751);
#10753=PLANE('',#10752);
#10754=ORIENTED_EDGE('',*,*,#10732,.F.);
#10755=ORIENTED_EDGE('',*,*,#10715,.T.);
#10757=ORIENTED_EDGE('',*,*,#10756,.F.);
#10759=ORIENTED_EDGE('',*,*,#10758,.F.);
#10760=EDGE_LOOP('',(#10754,#10755,#10757,#10759));
#10761=FACE_OUTER_BOUND('',#10760,.F.);
#10762=ADVANCED_FACE('',(#10761),#10753,.F.);
#10763=FILL_AREA_STYLE_COLOUR('',#27);
#10764=FILL_AREA_STYLE('',(#10763));
#10765=SURFACE_STYLE_FILL_AREA(#10764);
#10766=SURFACE_SIDE_STYLE('',(#10765));
#10767=SURFACE_STYLE_USAGE(.POSITIVE.,#10766);
#10768=PRESENTATION_STYLE_ASSIGNMENT((#10767));
#10769=STYLED_ITEM('',(#10768),#10762);
#10770=CARTESIAN_POINT('',(-3.5E0,2.823E0,-1.02E-2));
#10771=DIRECTION('',(-1.E0,0.E0,0.E0));
#10772=DIRECTION('',(0.E0,-1.E0,0.E0));
#10773=AXIS2_PLACEMENT_3D('',#10770,#10771,#10772);
#10774=CYLINDRICAL_SURFACE('',#10773,2.7E-2);
#10776=ORIENTED_EDGE('',*,*,#10775,.F.);
#10777=ORIENTED_EDGE('',*,*,#10756,.T.);
#10778=ORIENTED_EDGE('',*,*,#10713,.T.);
#10780=ORIENTED_EDGE('',*,*,#10779,.F.);
#10781=EDGE_LOOP('',(#10776,#10777,#10778,#10780));
#10782=FACE_OUTER_BOUND('',#10781,.F.);
#10783=ADVANCED_FACE('',(#10782),#10774,.F.);
#10784=FILL_AREA_STYLE_COLOUR('',#27);
#10785=FILL_AREA_STYLE('',(#10784));
#10786=SURFACE_STYLE_FILL_AREA(#10785);
#10787=SURFACE_SIDE_STYLE('',(#10786));
#10788=SURFACE_STYLE_USAGE(.POSITIVE.,#10787);
#10789=PRESENTATION_STYLE_ASSIGNMENT((#10788));
#10790=STYLED_ITEM('',(#10789),#10783);
#10791=CARTESIAN_POINT('',(-3.5E0,0.E0,0.E0));
#10792=DIRECTION('',(-1.E0,0.E0,0.E0));
#10793=DIRECTION('',(0.E0,-1.E0,0.E0));
#10794=AXIS2_PLACEMENT_3D('',#10791,#10792,#10793);
#10795=PLANE('',#10794);
#10797=ORIENTED_EDGE('',*,*,#10796,.F.);
#10798=ORIENTED_EDGE('',*,*,#10586,.T.);
#10800=ORIENTED_EDGE('',*,*,#10799,.T.);
#10802=ORIENTED_EDGE('',*,*,#10801,.T.);
#10803=ORIENTED_EDGE('',*,*,#10734,.T.);
#10804=ORIENTED_EDGE('',*,*,#10758,.T.);
#10805=ORIENTED_EDGE('',*,*,#10775,.T.);
#10807=ORIENTED_EDGE('',*,*,#10806,.T.);
#10808=EDGE_LOOP('',(#10797,#10798,#10800,#10802,#10803,#10804,#10805,#10807));
#10809=FACE_OUTER_BOUND('',#10808,.F.);
#10810=ADVANCED_FACE('',(#10809),#10795,.F.);
#10811=FILL_AREA_STYLE_COLOUR('',#27);
#10812=FILL_AREA_STYLE('',(#10811));
#10813=SURFACE_STYLE_FILL_AREA(#10812);
#10814=SURFACE_SIDE_STYLE('',(#10813));
#10815=SURFACE_STYLE_USAGE(.POSITIVE.,#10814);
#10816=PRESENTATION_STYLE_ASSIGNMENT((#10815));
#10817=STYLED_ITEM('',(#10816),#10810);
#10818=CARTESIAN_POINT('',(-3.5E0,3.35E0,8.462526058330E-2));
#10819=DIRECTION('',(0.E0,0.E0,1.E0));
#10820=DIRECTION('',(1.E0,0.E0,0.E0));
#10821=AXIS2_PLACEMENT_3D('',#10818,#10819,#10820);
#10822=PLANE('',#10821);
#10823=ORIENTED_EDGE('',*,*,#10588,.F.);
#10824=ORIENTED_EDGE('',*,*,#10796,.T.);
#10826=ORIENTED_EDGE('',*,*,#10825,.T.);
#10828=ORIENTED_EDGE('',*,*,#10827,.F.);
#10829=EDGE_LOOP('',(#10823,#10824,#10826,#10828));
#10830=FACE_OUTER_BOUND('',#10829,.F.);
#10831=ADVANCED_FACE('',(#10830),#10822,.F.);
#10832=FILL_AREA_STYLE_COLOUR('',#27);
#10833=FILL_AREA_STYLE('',(#10832));
#10834=SURFACE_STYLE_FILL_AREA(#10833);
#10835=SURFACE_SIDE_STYLE('',(#10834));
#10836=SURFACE_STYLE_USAGE(.POSITIVE.,#10835);
#10837=PRESENTATION_STYLE_ASSIGNMENT((#10836));
#10838=STYLED_ITEM('',(#10837),#10831);
#10839=CARTESIAN_POINT('',(-8.E0,2.85E0,6.05E0));
#10840=DIRECTION('',(0.E0,-1.E0,0.E0));
#10841=DIRECTION('',(0.E0,0.E0,-1.E0));
#10842=AXIS2_PLACEMENT_3D('',#10839,#10840,#10841);
#10843=PLANE('',#10842);
#10844=ORIENTED_EDGE('',*,*,#10497,.T.);
#10845=ORIENTED_EDGE('',*,*,#10529,.T.);
#10847=ORIENTED_EDGE('',*,*,#10846,.T.);
#10848=ORIENTED_EDGE('',*,*,#10686,.F.);
#10850=ORIENTED_EDGE('',*,*,#10849,.F.);
#10851=ORIENTED_EDGE('',*,*,#10825,.F.);
#10852=ORIENTED_EDGE('',*,*,#10806,.F.);
#10853=ORIENTED_EDGE('',*,*,#10779,.T.);
#10854=ORIENTED_EDGE('',*,*,#10711,.T.);
#10855=ORIENTED_EDGE('',*,*,#10642,.F.);
#10857=ORIENTED_EDGE('',*,*,#10856,.F.);
#10859=ORIENTED_EDGE('',*,*,#10858,.F.);
#10861=ORIENTED_EDGE('',*,*,#10860,.F.);
#10863=ORIENTED_EDGE('',*,*,#10862,.F.);
#10865=ORIENTED_EDGE('',*,*,#10864,.F.);
#10867=ORIENTED_EDGE('',*,*,#10866,.T.);
#10869=ORIENTED_EDGE('',*,*,#10868,.F.);
#10871=ORIENTED_EDGE('',*,*,#10870,.F.);
#10873=ORIENTED_EDGE('',*,*,#10872,.F.);
#10875=ORIENTED_EDGE('',*,*,#10874,.F.);
#10877=ORIENTED_EDGE('',*,*,#10876,.F.);
#10878=ORIENTED_EDGE('',*,*,#10661,.F.);
#10880=ORIENTED_EDGE('',*,*,#10879,.F.);
#10882=ORIENTED_EDGE('',*,*,#10881,.F.);
#10883=EDGE_LOOP('',(#10844,#10845,#10847,#10848,#10850,#10851,#10852,#10853,
#10854,#10855,#10857,#10859,#10861,#10863,#10865,#10867,#10869,#10871,#10873,
#10875,#10877,#10878,#10880,#10882));
#10884=FACE_OUTER_BOUND('',#10883,.F.);
#10886=ORIENTED_EDGE('',*,*,#10885,.F.);
#10888=ORIENTED_EDGE('',*,*,#10887,.F.);
#10890=ORIENTED_EDGE('',*,*,#10889,.F.);
#10892=ORIENTED_EDGE('',*,*,#10891,.F.);
#10893=EDGE_LOOP('',(#10886,#10888,#10890,#10892));
#10894=FACE_BOUND('',#10893,.F.);
#10896=ORIENTED_EDGE('',*,*,#10895,.F.);
#10898=ORIENTED_EDGE('',*,*,#10897,.F.);
#10900=ORIENTED_EDGE('',*,*,#10899,.F.);
#10902=ORIENTED_EDGE('',*,*,#10901,.F.);
#10903=EDGE_LOOP('',(#10896,#10898,#10900,#10902));
#10904=FACE_BOUND('',#10903,.F.);
#10906=ORIENTED_EDGE('',*,*,#10905,.F.);
#10908=ORIENTED_EDGE('',*,*,#10907,.F.);
#10910=ORIENTED_EDGE('',*,*,#10909,.F.);
#10912=ORIENTED_EDGE('',*,*,#10911,.F.);
#10913=EDGE_LOOP('',(#10906,#10908,#10910,#10912));
#10914=FACE_BOUND('',#10913,.F.);
#10915=ADVANCED_FACE('',(#10884,#10894,#10904,#10914),#10843,.T.);
#10916=FILL_AREA_STYLE_COLOUR('',#27);
#10917=FILL_AREA_STYLE('',(#10916));
#10918=SURFACE_STYLE_FILL_AREA(#10917);
#10919=SURFACE_SIDE_STYLE('',(#10918));
#10920=SURFACE_STYLE_USAGE(.POSITIVE.,#10919);
#10921=PRESENTATION_STYLE_ASSIGNMENT((#10920));
#10922=STYLED_ITEM('',(#10921),#10915);
#10923=CARTESIAN_POINT('',(2.740681785823E0,3.35E0,8.462526058330E-2));
#10924=DIRECTION('',(-1.E0,0.E0,0.E0));
#10925=DIRECTION('',(0.E0,0.E0,1.E0));
#10926=AXIS2_PLACEMENT_3D('',#10923,#10924,#10925);
#10927=PLANE('',#10926);
#10928=ORIENTED_EDGE('',*,*,#10549,.T.);
#10929=ORIENTED_EDGE('',*,*,#10681,.F.);
#10930=ORIENTED_EDGE('',*,*,#10846,.F.);
#10931=ORIENTED_EDGE('',*,*,#10527,.F.);
#10932=EDGE_LOOP('',(#10928,#10929,#10930,#10931));
#10933=FACE_OUTER_BOUND('',#10932,.F.);
#10934=ADVANCED_FACE('',(#10933),#10927,.T.);
#10935=FILL_AREA_STYLE_COLOUR('',#27);
#10936=FILL_AREA_STYLE('',(#10935));
#10937=SURFACE_STYLE_FILL_AREA(#10936);
#10938=SURFACE_SIDE_STYLE('',(#10937));
#10939=SURFACE_STYLE_USAGE(.POSITIVE.,#10938);
#10940=PRESENTATION_STYLE_ASSIGNMENT((#10939));
#10941=STYLED_ITEM('',(#10940),#10934);
#10942=CARTESIAN_POINT('',(-2.740681785823E0,3.35E0,8.462526058330E-2));
#10943=DIRECTION('',(-1.E0,0.E0,0.E0));
#10944=DIRECTION('',(0.E0,0.E0,1.E0));
#10945=AXIS2_PLACEMENT_3D('',#10942,#10943,#10944);
#10946=PLANE('',#10945);
#10947=ORIENTED_EDGE('',*,*,#10590,.F.);
#10948=ORIENTED_EDGE('',*,*,#10827,.T.);
#10949=ORIENTED_EDGE('',*,*,#10849,.T.);
#10950=ORIENTED_EDGE('',*,*,#10684,.T.);
#10951=EDGE_LOOP('',(#10947,#10948,#10949,#10950));
#10952=FACE_OUTER_BOUND('',#10951,.F.);
#10953=ADVANCED_FACE('',(#10952),#10946,.F.);
#10954=FILL_AREA_STYLE_COLOUR('',#27);
#10955=FILL_AREA_STYLE('',(#10954));
#10956=SURFACE_STYLE_FILL_AREA(#10955);
#10957=SURFACE_SIDE_STYLE('',(#10956));
#10958=SURFACE_STYLE_USAGE(.POSITIVE.,#10957);
#10959=PRESENTATION_STYLE_ASSIGNMENT((#10958));
#10960=STYLED_ITEM('',(#10959),#10953);
#10961=CARTESIAN_POINT('',(-6.E0,3.35E0,-1.3E0));
#10962=DIRECTION('',(-1.E0,0.E0,0.E0));
#10963=DIRECTION('',(0.E0,0.E0,1.E0));
#10964=AXIS2_PLACEMENT_3D('',#10961,#10962,#10963);
#10965=PLANE('',#10964);
#10966=ORIENTED_EDGE('',*,*,#10578,.F.);
#10968=ORIENTED_EDGE('',*,*,#10967,.T.);
#10969=ORIENTED_EDGE('',*,*,#10856,.T.);
#10970=ORIENTED_EDGE('',*,*,#10640,.T.);
#10971=EDGE_LOOP('',(#10966,#10968,#10969,#10970));
#10972=FACE_OUTER_BOUND('',#10971,.F.);
#10973=ADVANCED_FACE('',(#10972),#10965,.F.);
#10974=FILL_AREA_STYLE_COLOUR('',#27);
#10975=FILL_AREA_STYLE('',(#10974));
#10976=SURFACE_STYLE_FILL_AREA(#10975);
#10977=SURFACE_SIDE_STYLE('',(#10976));
#10978=SURFACE_STYLE_USAGE(.POSITIVE.,#10977);
#10979=PRESENTATION_STYLE_ASSIGNMENT((#10978));
#10980=STYLED_ITEM('',(#10979),#10973);
#10981=CARTESIAN_POINT('',(-7.002506281447E0,3.35E0,-1.3E0));
#10982=DIRECTION('',(0.E0,0.E0,1.E0));
#10983=DIRECTION('',(1.E0,0.E0,0.E0));
#10984=AXIS2_PLACEMENT_3D('',#10981,#10982,#10983);
#10985=PLANE('',#10984);
#10986=ORIENTED_EDGE('',*,*,#10576,.F.);
#10988=ORIENTED_EDGE('',*,*,#10987,.T.);
#10989=ORIENTED_EDGE('',*,*,#10858,.T.);
#10990=ORIENTED_EDGE('',*,*,#10967,.F.);
#10991=EDGE_LOOP('',(#10986,#10988,#10989,#10990));
#10992=FACE_OUTER_BOUND('',#10991,.F.);
#10993=ADVANCED_FACE('',(#10992),#10985,.F.);
#10994=FILL_AREA_STYLE_COLOUR('',#27);
#10995=FILL_AREA_STYLE('',(#10994));
#10996=SURFACE_STYLE_FILL_AREA(#10995);
#10997=SURFACE_SIDE_STYLE('',(#10996));
#10998=SURFACE_STYLE_USAGE(.POSITIVE.,#10997);
#10999=PRESENTATION_STYLE_ASSIGNMENT((#10998));
#11000=STYLED_ITEM('',(#10999),#10993);
#11001=CARTESIAN_POINT('',(-7.002506281447E0,3.35E0,-3.75E0));
#11002=DIRECTION('',(-1.E0,0.E0,0.E0));
#11003=DIRECTION('',(0.E0,0.E0,1.E0));
#11004=AXIS2_PLACEMENT_3D('',#11001,#11002,#11003);
#11005=PLANE('',#11004);
#11006=ORIENTED_EDGE('',*,*,#10574,.F.);
#11008=ORIENTED_EDGE('',*,*,#11007,.T.);
#11009=ORIENTED_EDGE('',*,*,#10860,.T.);
#11010=ORIENTED_EDGE('',*,*,#10987,.F.);
#11011=EDGE_LOOP('',(#11006,#11008,#11009,#11010));
#11012=FACE_OUTER_BOUND('',#11011,.F.);
#11013=ADVANCED_FACE('',(#11012),#11005,.F.);
#11014=FILL_AREA_STYLE_COLOUR('',#27);
#11015=FILL_AREA_STYLE('',(#11014));
#11016=SURFACE_STYLE_FILL_AREA(#11015);
#11017=SURFACE_SIDE_STYLE('',(#11016));
#11018=SURFACE_STYLE_USAGE(.POSITIVE.,#11017);
#11019=PRESENTATION_STYLE_ASSIGNMENT((#11018));
#11020=STYLED_ITEM('',(#11019),#11013);
#11021=CARTESIAN_POINT('',(-7.5E0,3.35E0,-3.8E0));
#11022=DIRECTION('',(0.E0,-1.E0,0.E0));
#11023=DIRECTION('',(1.E0,0.E0,0.E0));
#11024=AXIS2_PLACEMENT_3D('',#11021,#11022,#11023);
#11025=CYLINDRICAL_SURFACE('',#11024,5.E-1);
#11026=ORIENTED_EDGE('',*,*,#10572,.F.);
#11028=ORIENTED_EDGE('',*,*,#11027,.T.);
#11029=ORIENTED_EDGE('',*,*,#10862,.T.);
#11030=ORIENTED_EDGE('',*,*,#11007,.F.);
#11031=EDGE_LOOP('',(#11026,#11028,#11029,#11030));
#11032=FACE_OUTER_BOUND('',#11031,.F.);
#11033=ADVANCED_FACE('',(#11032),#11025,.T.);
#11034=FILL_AREA_STYLE_COLOUR('',#27);
#11035=FILL_AREA_STYLE('',(#11034));
#11036=SURFACE_STYLE_FILL_AREA(#11035);
#11037=SURFACE_SIDE_STYLE('',(#11036));
#11038=SURFACE_STYLE_USAGE(.POSITIVE.,#11037);
#11039=PRESENTATION_STYLE_ASSIGNMENT((#11038));
#11040=STYLED_ITEM('',(#11039),#11033);
#11041=CARTESIAN_POINT('',(-8.E0,0.E0,0.E0));
#11042=DIRECTION('',(1.E0,0.E0,0.E0));
#11043=DIRECTION('',(0.E0,1.E0,0.E0));
#11044=AXIS2_PLACEMENT_3D('',#11041,#11042,#11043);
#11045=PLANE('',#11044);
#11046=ORIENTED_EDGE('',*,*,#10864,.T.);
#11047=ORIENTED_EDGE('',*,*,#11027,.F.);
#11048=ORIENTED_EDGE('',*,*,#10570,.T.);
#11050=ORIENTED_EDGE('',*,*,#11049,.T.);
#11052=ORIENTED_EDGE('',*,*,#11051,.T.);
#11054=ORIENTED_EDGE('',*,*,#11053,.T.);
#11056=ORIENTED_EDGE('',*,*,#11055,.T.);
#11058=ORIENTED_EDGE('',*,*,#11057,.T.);
#11060=ORIENTED_EDGE('',*,*,#11059,.T.);
#11062=ORIENTED_EDGE('',*,*,#11061,.T.);
#11064=ORIENTED_EDGE('',*,*,#11063,.T.);
#11066=ORIENTED_EDGE('',*,*,#11065,.T.);
#11067=EDGE_LOOP('',(#11046,#11047,#11048,#11050,#11052,#11054,#11056,#11058,
#11060,#11062,#11064,#11066));
#11068=FACE_OUTER_BOUND('',#11067,.F.);
#11069=ADVANCED_FACE('',(#11068),#11045,.F.);
#11070=FILL_AREA_STYLE_COLOUR('',#27);
#11071=FILL_AREA_STYLE('',(#11070));
#11072=SURFACE_STYLE_FILL_AREA(#11071);
#11073=SURFACE_SIDE_STYLE('',(#11072));
#11074=SURFACE_STYLE_USAGE(.POSITIVE.,#11073);
#11075=PRESENTATION_STYLE_ASSIGNMENT((#11074));
#11076=STYLED_ITEM('',(#11075),#11069);
#11077=CARTESIAN_POINT('',(-8.E0,2.7E0,6.05E0));
#11078=DIRECTION('',(1.E0,0.E0,0.E0));
#11079=DIRECTION('',(0.E0,1.E0,0.E0));
#11080=AXIS2_PLACEMENT_3D('',#11077,#11078,#11079);
#11081=CYLINDRICAL_SURFACE('',#11080,6.5E-1);
#11082=ORIENTED_EDGE('',*,*,#11049,.F.);
#11083=ORIENTED_EDGE('',*,*,#10568,.T.);
#11085=ORIENTED_EDGE('',*,*,#11084,.T.);
#11087=ORIENTED_EDGE('',*,*,#11086,.F.);
#11088=EDGE_LOOP('',(#11082,#11083,#11085,#11087));
#11089=FACE_OUTER_BOUND('',#11088,.F.);
#11090=ADVANCED_FACE('',(#11089),#11081,.T.);
#11091=FILL_AREA_STYLE_COLOUR('',#27);
#11092=FILL_AREA_STYLE('',(#11091));
#11093=SURFACE_STYLE_FILL_AREA(#11092);
#11094=SURFACE_SIDE_STYLE('',(#11093));
#11095=SURFACE_STYLE_USAGE(.POSITIVE.,#11094);
#11096=PRESENTATION_STYLE_ASSIGNMENT((#11095));
#11097=STYLED_ITEM('',(#11096),#11090);
#11098=CARTESIAN_POINT('',(8.E0,0.E0,0.E0));
#11099=DIRECTION('',(1.E0,0.E0,0.E0));
#11100=DIRECTION('',(0.E0,1.E0,0.E0));
#11101=AXIS2_PLACEMENT_3D('',#11098,#11099,#11100);
#11102=PLANE('',#11101);
#11103=ORIENTED_EDGE('',*,*,#10566,.T.);
#11105=ORIENTED_EDGE('',*,*,#11104,.T.);
#11106=ORIENTED_EDGE('',*,*,#10868,.T.);
#11108=ORIENTED_EDGE('',*,*,#11107,.F.);
#11110=ORIENTED_EDGE('',*,*,#11109,.F.);
#11112=ORIENTED_EDGE('',*,*,#11111,.F.);
#11114=ORIENTED_EDGE('',*,*,#11113,.T.);
#11116=ORIENTED_EDGE('',*,*,#11115,.F.);
#11118=ORIENTED_EDGE('',*,*,#11117,.T.);
#11120=ORIENTED_EDGE('',*,*,#11119,.F.);
#11122=ORIENTED_EDGE('',*,*,#11121,.F.);
#11123=ORIENTED_EDGE('',*,*,#11084,.F.);
#11124=EDGE_LOOP('',(#11103,#11105,#11106,#11108,#11110,#11112,#11114,#11116,
#11118,#11120,#11122,#11123));
#11125=FACE_OUTER_BOUND('',#11124,.F.);
#11126=ADVANCED_FACE('',(#11125),#11102,.T.);
#11127=FILL_AREA_STYLE_COLOUR('',#27);
#11128=FILL_AREA_STYLE('',(#11127));
#11129=SURFACE_STYLE_FILL_AREA(#11128);
#11130=SURFACE_SIDE_STYLE('',(#11129));
#11131=SURFACE_STYLE_USAGE(.POSITIVE.,#11130);
#11132=PRESENTATION_STYLE_ASSIGNMENT((#11131));
#11133=STYLED_ITEM('',(#11132),#11126);
#11134=CARTESIAN_POINT('',(7.5E0,3.35E0,-3.8E0));
#11135=DIRECTION('',(0.E0,-1.E0,0.E0));
#11136=DIRECTION('',(1.E0,0.E0,0.E0));
#11137=AXIS2_PLACEMENT_3D('',#11134,#11135,#11136);
#11138=CYLINDRICAL_SURFACE('',#11137,5.E-1);
#11139=ORIENTED_EDGE('',*,*,#10564,.F.);
#11141=ORIENTED_EDGE('',*,*,#11140,.T.);
#11142=ORIENTED_EDGE('',*,*,#10870,.T.);
#11143=ORIENTED_EDGE('',*,*,#11104,.F.);
#11144=EDGE_LOOP('',(#11139,#11141,#11142,#11143));
#11145=FACE_OUTER_BOUND('',#11144,.F.);
#11146=ADVANCED_FACE('',(#11145),#11138,.T.);
#11147=FILL_AREA_STYLE_COLOUR('',#27);
#11148=FILL_AREA_STYLE('',(#11147));
#11149=SURFACE_STYLE_FILL_AREA(#11148);
#11150=SURFACE_SIDE_STYLE('',(#11149));
#11151=SURFACE_STYLE_USAGE(.POSITIVE.,#11150);
#11152=PRESENTATION_STYLE_ASSIGNMENT((#11151));
#11153=STYLED_ITEM('',(#11152),#11146);
#11154=CARTESIAN_POINT('',(7.002506281447E0,3.35E0,-1.3E0));
#11155=DIRECTION('',(1.E0,0.E0,0.E0));
#11156=DIRECTION('',(0.E0,0.E0,-1.E0));
#11157=AXIS2_PLACEMENT_3D('',#11154,#11155,#11156);
#11158=PLANE('',#11157);
#11159=ORIENTED_EDGE('',*,*,#10562,.F.);
#11161=ORIENTED_EDGE('',*,*,#11160,.T.);
#11162=ORIENTED_EDGE('',*,*,#10872,.T.);
#11163=ORIENTED_EDGE('',*,*,#11140,.F.);
#11164=EDGE_LOOP('',(#11159,#11161,#11162,#11163));
#11165=FACE_OUTER_BOUND('',#11164,.F.);
#11166=ADVANCED_FACE('',(#11165),#11158,.F.);
#11167=FILL_AREA_STYLE_COLOUR('',#27);
#11168=FILL_AREA_STYLE('',(#11167));
#11169=SURFACE_STYLE_FILL_AREA(#11168);
#11170=SURFACE_SIDE_STYLE('',(#11169));
#11171=SURFACE_STYLE_USAGE(.POSITIVE.,#11170);
#11172=PRESENTATION_STYLE_ASSIGNMENT((#11171));
#11173=STYLED_ITEM('',(#11172),#11166);
#11174=CARTESIAN_POINT('',(6.E0,3.35E0,-1.3E0));
#11175=DIRECTION('',(0.E0,0.E0,1.E0));
#11176=DIRECTION('',(1.E0,0.E0,0.E0));
#11177=AXIS2_PLACEMENT_3D('',#11174,#11175,#11176);
#11178=PLANE('',#11177);
#11179=ORIENTED_EDGE('',*,*,#10560,.F.);
#11181=ORIENTED_EDGE('',*,*,#11180,.T.);
#11182=ORIENTED_EDGE('',*,*,#10874,.T.);
#11183=ORIENTED_EDGE('',*,*,#11160,.F.);
#11184=EDGE_LOOP('',(#11179,#11181,#11182,#11183));
#11185=FACE_OUTER_BOUND('',#11184,.F.);
#11186=ADVANCED_FACE('',(#11185),#11178,.F.);
#11187=FILL_AREA_STYLE_COLOUR('',#27);
#11188=FILL_AREA_STYLE('',(#11187));
#11189=SURFACE_STYLE_FILL_AREA(#11188);
#11190=SURFACE_SIDE_STYLE('',(#11189));
#11191=SURFACE_STYLE_USAGE(.POSITIVE.,#11190);
#11192=PRESENTATION_STYLE_ASSIGNMENT((#11191));
#11193=STYLED_ITEM('',(#11192),#11186);
#11194=CARTESIAN_POINT('',(6.E0,3.35E0,1.1E0));
#11195=DIRECTION('',(1.E0,0.E0,0.E0));
#11196=DIRECTION('',(0.E0,0.E0,-1.E0));
#11197=AXIS2_PLACEMENT_3D('',#11194,#11195,#11196);
#11198=PLANE('',#11197);
#11199=ORIENTED_EDGE('',*,*,#10558,.F.);
#11200=ORIENTED_EDGE('',*,*,#10663,.F.);
#11201=ORIENTED_EDGE('',*,*,#10876,.T.);
#11202=ORIENTED_EDGE('',*,*,#11180,.F.);
#11203=EDGE_LOOP('',(#11199,#11200,#11201,#11202));
#11204=FACE_OUTER_BOUND('',#11203,.F.);
#11205=ADVANCED_FACE('',(#11204),#11198,.F.);
#11206=FILL_AREA_STYLE_COLOUR('',#27);
#11207=FILL_AREA_STYLE('',(#11206));
#11208=SURFACE_STYLE_FILL_AREA(#11207);
#11209=SURFACE_SIDE_STYLE('',(#11208));
#11210=SURFACE_STYLE_USAGE(.POSITIVE.,#11209);
#11211=PRESENTATION_STYLE_ASSIGNMENT((#11210));
#11212=STYLED_ITEM('',(#11211),#11205);
#11213=CARTESIAN_POINT('',(-8.E0,2.7E0,6.05E0));
#11214=DIRECTION('',(1.E0,0.E0,0.E0));
#11215=DIRECTION('',(0.E0,1.E0,0.E0));
#11216=AXIS2_PLACEMENT_3D('',#11213,#11214,#11215);
#11217=CYLINDRICAL_SURFACE('',#11216,1.5E-1);
#11218=ORIENTED_EDGE('',*,*,#11065,.F.);
#11220=ORIENTED_EDGE('',*,*,#11219,.T.);
#11221=ORIENTED_EDGE('',*,*,#11107,.T.);
#11222=ORIENTED_EDGE('',*,*,#10866,.F.);
#11223=EDGE_LOOP('',(#11218,#11220,#11221,#11222));
#11224=FACE_OUTER_BOUND('',#11223,.F.);
#11225=ADVANCED_FACE('',(#11224),#11217,.F.);
#11226=FILL_AREA_STYLE_COLOUR('',#27);
#11227=FILL_AREA_STYLE('',(#11226));
#11228=SURFACE_STYLE_FILL_AREA(#11227);
#11229=SURFACE_SIDE_STYLE('',(#11228));
#11230=SURFACE_STYLE_USAGE(.POSITIVE.,#11229);
#11231=PRESENTATION_STYLE_ASSIGNMENT((#11230));
#11232=STYLED_ITEM('',(#11231),#11225);
#11233=CARTESIAN_POINT('',(-8.E0,-2.7E0,6.2E0));
#11234=DIRECTION('',(0.E0,0.E0,-1.E0));
#11235=DIRECTION('',(0.E0,1.E0,0.E0));
#11236=AXIS2_PLACEMENT_3D('',#11233,#11234,#11235);
#11237=PLANE('',#11236);
#11238=ORIENTED_EDGE('',*,*,#11063,.F.);
#11240=ORIENTED_EDGE('',*,*,#11239,.T.);
#11241=ORIENTED_EDGE('',*,*,#11109,.T.);
#11242=ORIENTED_EDGE('',*,*,#11219,.F.);
#11243=EDGE_LOOP('',(#11238,#11240,#11241,#11242));
#11244=FACE_OUTER_BOUND('',#11243,.F.);
#11246=ORIENTED_EDGE('',*,*,#11245,.F.);
#11248=ORIENTED_EDGE('',*,*,#11247,.F.);
#11250=ORIENTED_EDGE('',*,*,#11249,.F.);
#11252=ORIENTED_EDGE('',*,*,#11251,.F.);
#11253=EDGE_LOOP('',(#11246,#11248,#11250,#11252));
#11254=FACE_BOUND('',#11253,.F.);
#11255=ADVANCED_FACE('',(#11244,#11254),#11237,.T.);
#11256=FILL_AREA_STYLE_COLOUR('',#27);
#11257=FILL_AREA_STYLE('',(#11256));
#11258=SURFACE_STYLE_FILL_AREA(#11257);
#11259=SURFACE_SIDE_STYLE('',(#11258));
#11260=SURFACE_STYLE_USAGE(.POSITIVE.,#11259);
#11261=PRESENTATION_STYLE_ASSIGNMENT((#11260));
#11262=STYLED_ITEM('',(#11261),#11255);
#11263=CARTESIAN_POINT('',(-8.E0,-2.7E0,6.05E0));
#11264=DIRECTION('',(1.E0,0.E0,0.E0));
#11265=DIRECTION('',(0.E0,1.E0,0.E0));
#11266=AXIS2_PLACEMENT_3D('',#11263,#11264,#11265);
#11267=CYLINDRICAL_SURFACE('',#11266,1.5E-1);
#11268=ORIENTED_EDGE('',*,*,#11061,.F.);
#11270=ORIENTED_EDGE('',*,*,#11269,.T.);
#11271=ORIENTED_EDGE('',*,*,#11111,.T.);
#11272=ORIENTED_EDGE('',*,*,#11239,.F.);
#11273=EDGE_LOOP('',(#11268,#11270,#11271,#11272));
#11274=FACE_OUTER_BOUND('',#11273,.F.);
#11275=ADVANCED_FACE('',(#11274),#11267,.F.);
#11276=FILL_AREA_STYLE_COLOUR('',#27);
#11277=FILL_AREA_STYLE('',(#11276));
#11278=SURFACE_STYLE_FILL_AREA(#11277);
#11279=SURFACE_SIDE_STYLE('',(#11278));
#11280=SURFACE_STYLE_USAGE(.POSITIVE.,#11279);
#11281=PRESENTATION_STYLE_ASSIGNMENT((#11280));
#11282=STYLED_ITEM('',(#11281),#11275);
#11283=CARTESIAN_POINT('',(-8.E0,-2.85E0,1.1E0));
#11284=DIRECTION('',(0.E0,1.E0,0.E0));
#11285=DIRECTION('',(0.E0,0.E0,1.E0));
#11286=AXIS2_PLACEMENT_3D('',#11283,#11284,#11285);
#11287=PLANE('',#11286);
#11289=ORIENTED_EDGE('',*,*,#11288,.T.);
#11291=ORIENTED_EDGE('',*,*,#11290,.F.);
#11293=ORIENTED_EDGE('',*,*,#11292,.F.);
#11295=ORIENTED_EDGE('',*,*,#11294,.F.);
#11297=ORIENTED_EDGE('',*,*,#11296,.T.);
#11299=ORIENTED_EDGE('',*,*,#11298,.T.);
#11301=ORIENTED_EDGE('',*,*,#11300,.T.);
#11303=ORIENTED_EDGE('',*,*,#11302,.T.);
#11305=ORIENTED_EDGE('',*,*,#11304,.T.);
#11307=ORIENTED_EDGE('',*,*,#11306,.T.);
#11309=ORIENTED_EDGE('',*,*,#11308,.T.);
#11310=ORIENTED_EDGE('',*,*,#11113,.F.);
#11311=ORIENTED_EDGE('',*,*,#11269,.F.);
#11312=ORIENTED_EDGE('',*,*,#11059,.F.);
#11314=ORIENTED_EDGE('',*,*,#11313,.T.);
#11316=ORIENTED_EDGE('',*,*,#11315,.T.);
#11318=ORIENTED_EDGE('',*,*,#11317,.T.);
#11320=ORIENTED_EDGE('',*,*,#11319,.T.);
#11322=ORIENTED_EDGE('',*,*,#11321,.T.);
#11324=ORIENTED_EDGE('',*,*,#11323,.T.);
#11326=ORIENTED_EDGE('',*,*,#11325,.T.);
#11328=ORIENTED_EDGE('',*,*,#11327,.F.);
#11330=ORIENTED_EDGE('',*,*,#11329,.T.);
#11332=ORIENTED_EDGE('',*,*,#11331,.T.);
#11333=EDGE_LOOP('',(#11289,#11291,#11293,#11295,#11297,#11299,#11301,#11303,
#11305,#11307,#11309,#11310,#11311,#11312,#11314,#11316,#11318,#11320,#11322,
#11324,#11326,#11328,#11330,#11332));
#11334=FACE_OUTER_BOUND('',#11333,.F.);
#11336=ORIENTED_EDGE('',*,*,#11335,.F.);
#11338=ORIENTED_EDGE('',*,*,#11337,.F.);
#11340=ORIENTED_EDGE('',*,*,#11339,.F.);
#11342=ORIENTED_EDGE('',*,*,#11341,.F.);
#11343=EDGE_LOOP('',(#11336,#11338,#11340,#11342));
#11344=FACE_BOUND('',#11343,.F.);
#11346=ORIENTED_EDGE('',*,*,#11345,.F.);
#11348=ORIENTED_EDGE('',*,*,#11347,.F.);
#11350=ORIENTED_EDGE('',*,*,#11349,.F.);
#11352=ORIENTED_EDGE('',*,*,#11351,.F.);
#11353=EDGE_LOOP('',(#11346,#11348,#11350,#11352));
#11354=FACE_BOUND('',#11353,.F.);
#11356=ORIENTED_EDGE('',*,*,#11355,.F.);
#11358=ORIENTED_EDGE('',*,*,#11357,.F.);
#11360=ORIENTED_EDGE('',*,*,#11359,.F.);
#11362=ORIENTED_EDGE('',*,*,#11361,.F.);
#11363=EDGE_LOOP('',(#11356,#11358,#11360,#11362));
#11364=FACE_BOUND('',#11363,.F.);
#11365=ADVANCED_FACE('',(#11334,#11344,#11354,#11364),#11287,.T.);
#11366=FILL_AREA_STYLE_COLOUR('',#27);
#11367=FILL_AREA_STYLE('',(#11366));
#11368=SURFACE_STYLE_FILL_AREA(#11367);
#11369=SURFACE_SIDE_STYLE('',(#11368));
#11370=SURFACE_STYLE_USAGE(.POSITIVE.,#11369);
#11371=PRESENTATION_STYLE_ASSIGNMENT((#11370));
#11372=STYLED_ITEM('',(#11371),#11365);
#11373=CARTESIAN_POINT('',(-8.E0,-3.35E0,1.1E0));
#11374=DIRECTION('',(0.E0,0.E0,-1.E0));
#11375=DIRECTION('',(0.E0,1.E0,0.E0));
#11376=AXIS2_PLACEMENT_3D('',#11373,#11374,#11375);
#11377=PLANE('',#11376);
#11379=ORIENTED_EDGE('',*,*,#11378,.F.);
#11380=ORIENTED_EDGE('',*,*,#11321,.F.);
#11382=ORIENTED_EDGE('',*,*,#11381,.F.);
#11384=ORIENTED_EDGE('',*,*,#11383,.T.);
#11385=EDGE_LOOP('',(#11379,#11380,#11382,#11384));
#11386=FACE_OUTER_BOUND('',#11385,.F.);
#11387=ADVANCED_FACE('',(#11386),#11377,.T.);
#11388=FILL_AREA_STYLE_COLOUR('',#27);
#11389=FILL_AREA_STYLE('',(#11388));
#11390=SURFACE_STYLE_FILL_AREA(#11389);
#11391=SURFACE_SIDE_STYLE('',(#11390));
#11392=SURFACE_STYLE_USAGE(.POSITIVE.,#11391);
#11393=PRESENTATION_STYLE_ASSIGNMENT((#11392));
#11394=STYLED_ITEM('',(#11393),#11387);
#11395=CARTESIAN_POINT('',(-8.E0,-3.35E0,1.1E0));
#11396=DIRECTION('',(0.E0,0.E0,-1.E0));
#11397=DIRECTION('',(0.E0,1.E0,0.E0));
#11398=AXIS2_PLACEMENT_3D('',#11395,#11396,#11397);
#11399=PLANE('',#11398);
#11401=ORIENTED_EDGE('',*,*,#11400,.F.);
#11403=ORIENTED_EDGE('',*,*,#11402,.T.);
#11405=ORIENTED_EDGE('',*,*,#11404,.T.);
#11406=ORIENTED_EDGE('',*,*,#11300,.F.);
#11407=EDGE_LOOP('',(#11401,#11403,#11405,#11406));
#11408=FACE_OUTER_BOUND('',#11407,.F.);
#11409=ADVANCED_FACE('',(#11408),#11399,.T.);
#11410=FILL_AREA_STYLE_COLOUR('',#27);
#11411=FILL_AREA_STYLE('',(#11410));
#11412=SURFACE_STYLE_FILL_AREA(#11411);
#11413=SURFACE_SIDE_STYLE('',(#11412));
#11414=SURFACE_STYLE_USAGE(.POSITIVE.,#11413);
#11415=PRESENTATION_STYLE_ASSIGNMENT((#11414));
#11416=STYLED_ITEM('',(#11415),#11409);
#11417=CARTESIAN_POINT('',(-8.E0,-3.35E0,1.1E0));
#11418=DIRECTION('',(0.E0,0.E0,-1.E0));
#11419=DIRECTION('',(0.E0,1.E0,0.E0));
#11420=AXIS2_PLACEMENT_3D('',#11417,#11418,#11419);
#11421=PLANE('',#11420);
#11423=ORIENTED_EDGE('',*,*,#11422,.T.);
#11424=ORIENTED_EDGE('',*,*,#11288,.F.);
#11426=ORIENTED_EDGE('',*,*,#11425,.F.);
#11428=ORIENTED_EDGE('',*,*,#11427,.T.);
#11429=EDGE_LOOP('',(#11423,#11424,#11426,#11428));
#11430=FACE_OUTER_BOUND('',#11429,.F.);
#11431=ADVANCED_FACE('',(#11430),#11421,.T.);
#11432=FILL_AREA_STYLE_COLOUR('',#27);
#11433=FILL_AREA_STYLE('',(#11432));
#11434=SURFACE_STYLE_FILL_AREA(#11433);
#11435=SURFACE_SIDE_STYLE('',(#11434));
#11436=SURFACE_STYLE_USAGE(.POSITIVE.,#11435);
#11437=PRESENTATION_STYLE_ASSIGNMENT((#11436));
#11438=STYLED_ITEM('',(#11437),#11431);
#11439=CARTESIAN_POINT('',(-4.5E0,0.E0,0.E0));
#11440=DIRECTION('',(1.E0,0.E0,0.E0));
#11441=DIRECTION('',(0.E0,1.E0,0.E0));
#11442=AXIS2_PLACEMENT_3D('',#11439,#11440,#11441);
#11443=PLANE('',#11442);
#11445=ORIENTED_EDGE('',*,*,#11444,.F.);
#11447=ORIENTED_EDGE('',*,*,#11446,.F.);
#11449=ORIENTED_EDGE('',*,*,#11448,.F.);
#11450=ORIENTED_EDGE('',*,*,#11323,.F.);
#11451=ORIENTED_EDGE('',*,*,#11378,.T.);
#11453=ORIENTED_EDGE('',*,*,#11452,.F.);
#11455=ORIENTED_EDGE('',*,*,#11454,.F.);
#11457=ORIENTED_EDGE('',*,*,#11456,.F.);
#11458=EDGE_LOOP('',(#11445,#11447,#11449,#11450,#11451,#11453,#11455,#11457));
#11459=FACE_OUTER_BOUND('',#11458,.F.);
#11460=ADVANCED_FACE('',(#11459),#11443,.F.);
#11461=FILL_AREA_STYLE_COLOUR('',#27);
#11462=FILL_AREA_STYLE('',(#11461));
#11463=SURFACE_STYLE_FILL_AREA(#11462);
#11464=SURFACE_SIDE_STYLE('',(#11463));
#11465=SURFACE_STYLE_USAGE(.POSITIVE.,#11464);
#11466=PRESENTATION_STYLE_ASSIGNMENT((#11465));
#11467=STYLED_ITEM('',(#11466),#11460);
#11468=CARTESIAN_POINT('',(-4.E0,1.208412E1,1.282721678141E1));
#11469=DIRECTION('',(0.E0,-7.524861815493E-1,-6.586080371339E-1));
#11470=DIRECTION('',(1.E0,0.E0,0.E0));
#11471=AXIS2_PLACEMENT_3D('',#11468,#11469,#11470);
#11472=CYLINDRICAL_SURFACE('',#11471,5.E-1);
#11474=ORIENTED_EDGE('',*,*,#11473,.T.);
#11475=ORIENTED_EDGE('',*,*,#11444,.T.);
#11477=ORIENTED_EDGE('',*,*,#11476,.T.);
#11479=ORIENTED_EDGE('',*,*,#11478,.F.);
#11480=EDGE_LOOP('',(#11474,#11475,#11477,#11479));
#11481=FACE_OUTER_BOUND('',#11480,.F.);
#11482=ADVANCED_FACE('',(#11481),#11472,.T.);
#11483=FILL_AREA_STYLE_COLOUR('',#27);
#11484=FILL_AREA_STYLE('',(#11483));
#11485=SURFACE_STYLE_FILL_AREA(#11484);
#11486=SURFACE_SIDE_STYLE('',(#11485));
#11487=SURFACE_STYLE_USAGE(.POSITIVE.,#11486);
#11488=PRESENTATION_STYLE_ASSIGNMENT((#11487));
#11489=STYLED_ITEM('',(#11488),#11482);
#11490=CARTESIAN_POINT('',(-3.5E0,-2.409972594041E0,-5.230959814331E-1));
#11491=DIRECTION('',(0.E0,7.524861815493E-1,6.586080371339E-1));
#11492=DIRECTION('',(0.E0,-6.586080371339E-1,7.524861815493E-1));
#11493=AXIS2_PLACEMENT_3D('',#11490,#11491,#11492);
#11494=PLANE('',#11493);
#11495=ORIENTED_EDGE('',*,*,#11473,.F.);
#11497=ORIENTED_EDGE('',*,*,#11496,.F.);
#11499=ORIENTED_EDGE('',*,*,#11498,.F.);
#11500=ORIENTED_EDGE('',*,*,#11446,.T.);
#11501=EDGE_LOOP('',(#11495,#11497,#11499,#11500));
#11502=FACE_OUTER_BOUND('',#11501,.F.);
#11503=ADVANCED_FACE('',(#11502),#11494,.T.);
#11504=FILL_AREA_STYLE_COLOUR('',#27);
#11505=FILL_AREA_STYLE('',(#11504));
#11506=SURFACE_STYLE_FILL_AREA(#11505);
#11507=SURFACE_SIDE_STYLE('',(#11506));
#11508=SURFACE_STYLE_USAGE(.POSITIVE.,#11507);
#11509=PRESENTATION_STYLE_ASSIGNMENT((#11508));
#11510=STYLED_ITEM('',(#11509),#11503);
#11511=CARTESIAN_POINT('',(-3.5E0,0.E0,0.E0));
#11512=DIRECTION('',(1.E0,0.E0,0.E0));
#11513=DIRECTION('',(0.E0,1.E0,0.E0));
#11514=AXIS2_PLACEMENT_3D('',#11511,#11512,#11513);
#11515=PLANE('',#11514);
#11517=ORIENTED_EDGE('',*,*,#11516,.T.);
#11518=ORIENTED_EDGE('',*,*,#11327,.T.);
#11520=ORIENTED_EDGE('',*,*,#11519,.T.);
#11521=ORIENTED_EDGE('',*,*,#11496,.T.);
#11522=ORIENTED_EDGE('',*,*,#11478,.T.);
#11524=ORIENTED_EDGE('',*,*,#11523,.T.);
#11526=ORIENTED_EDGE('',*,*,#11525,.T.);
#11528=ORIENTED_EDGE('',*,*,#11527,.T.);
#11529=EDGE_LOOP('',(#11517,#11518,#11520,#11521,#11522,#11524,#11526,#11528));
#11530=FACE_OUTER_BOUND('',#11529,.F.);
#11531=ADVANCED_FACE('',(#11530),#11515,.T.);
#11532=FILL_AREA_STYLE_COLOUR('',#27);
#11533=FILL_AREA_STYLE('',(#11532));
#11534=SURFACE_STYLE_FILL_AREA(#11533);
#11535=SURFACE_SIDE_STYLE('',(#11534));
#11536=SURFACE_STYLE_USAGE(.POSITIVE.,#11535);
#11537=PRESENTATION_STYLE_ASSIGNMENT((#11536));
#11538=STYLED_ITEM('',(#11537),#11531);
#11539=CARTESIAN_POINT('',(-3.5E0,-3.35E0,8.462526058330E-2));
#11540=DIRECTION('',(0.E0,0.E0,-1.E0));
#11541=DIRECTION('',(1.E0,0.E0,0.E0));
#11542=AXIS2_PLACEMENT_3D('',#11539,#11540,#11541);
#11543=PLANE('',#11542);
#11544=ORIENTED_EDGE('',*,*,#11516,.F.);
#11546=ORIENTED_EDGE('',*,*,#11545,.T.);
#11548=ORIENTED_EDGE('',*,*,#11547,.T.);
#11549=ORIENTED_EDGE('',*,*,#11329,.F.);
#11550=EDGE_LOOP('',(#11544,#11546,#11548,#11549));
#11551=FACE_OUTER_BOUND('',#11550,.F.);
#11552=ADVANCED_FACE('',(#11551),#11543,.T.);
#11553=FILL_AREA_STYLE_COLOUR('',#27);
#11554=FILL_AREA_STYLE('',(#11553));
#11555=SURFACE_STYLE_FILL_AREA(#11554);
#11556=SURFACE_SIDE_STYLE('',(#11555));
#11557=SURFACE_STYLE_USAGE(.POSITIVE.,#11556);
#11558=PRESENTATION_STYLE_ASSIGNMENT((#11557));
#11559=STYLED_ITEM('',(#11558),#11552);
#11560=CARTESIAN_POINT('',(-8.E0,-3.35E0,6.05E0));
#11561=DIRECTION('',(0.E0,-1.E0,0.E0));
#11562=DIRECTION('',(0.E0,0.E0,-1.E0));
#11563=AXIS2_PLACEMENT_3D('',#11560,#11561,#11562);
#11564=PLANE('',#11563);
#11566=ORIENTED_EDGE('',*,*,#11565,.F.);
#11568=ORIENTED_EDGE('',*,*,#11567,.T.);
#11570=ORIENTED_EDGE('',*,*,#11569,.T.);
#11571=ORIENTED_EDGE('',*,*,#11427,.F.);
#11573=ORIENTED_EDGE('',*,*,#11572,.F.);
#11574=ORIENTED_EDGE('',*,*,#11545,.F.);
#11575=ORIENTED_EDGE('',*,*,#11527,.F.);
#11577=ORIENTED_EDGE('',*,*,#11576,.F.);
#11578=ORIENTED_EDGE('',*,*,#11452,.T.);
#11579=ORIENTED_EDGE('',*,*,#11383,.F.);
#11581=ORIENTED_EDGE('',*,*,#11580,.F.);
#11583=ORIENTED_EDGE('',*,*,#11582,.F.);
#11585=ORIENTED_EDGE('',*,*,#11584,.F.);
#11587=ORIENTED_EDGE('',*,*,#11586,.F.);
#11588=ORIENTED_EDGE('',*,*,#11055,.F.);
#11590=ORIENTED_EDGE('',*,*,#11589,.T.);
#11591=ORIENTED_EDGE('',*,*,#11117,.F.);
#11593=ORIENTED_EDGE('',*,*,#11592,.F.);
#11595=ORIENTED_EDGE('',*,*,#11594,.F.);
#11597=ORIENTED_EDGE('',*,*,#11596,.F.);
#11599=ORIENTED_EDGE('',*,*,#11598,.F.);
#11600=ORIENTED_EDGE('',*,*,#11402,.F.);
#11602=ORIENTED_EDGE('',*,*,#11601,.T.);
#11604=ORIENTED_EDGE('',*,*,#11603,.F.);
#11605=EDGE_LOOP('',(#11566,#11568,#11570,#11571,#11573,#11574,#11575,#11577,
#11578,#11579,#11581,#11583,#11585,#11587,#11588,#11590,#11591,#11593,#11595,
#11597,#11599,#11600,#11602,#11604));
#11606=FACE_OUTER_BOUND('',#11605,.F.);
#11608=ORIENTED_EDGE('',*,*,#11607,.T.);
#11610=ORIENTED_EDGE('',*,*,#11609,.T.);
#11612=ORIENTED_EDGE('',*,*,#11611,.T.);
#11614=ORIENTED_EDGE('',*,*,#11613,.T.);
#11615=EDGE_LOOP('',(#11608,#11610,#11612,#11614));
#11616=FACE_BOUND('',#11615,.F.);
#11618=ORIENTED_EDGE('',*,*,#11617,.T.);
#11620=ORIENTED_EDGE('',*,*,#11619,.T.);
#11622=ORIENTED_EDGE('',*,*,#11621,.T.);
#11624=ORIENTED_EDGE('',*,*,#11623,.T.);
#11625=EDGE_LOOP('',(#11618,#11620,#11622,#11624));
#11626=FACE_BOUND('',#11625,.F.);
#11628=ORIENTED_EDGE('',*,*,#11627,.T.);
#11630=ORIENTED_EDGE('',*,*,#11629,.T.);
#11632=ORIENTED_EDGE('',*,*,#11631,.T.);
#11634=ORIENTED_EDGE('',*,*,#11633,.T.);
#11635=EDGE_LOOP('',(#11628,#11630,#11632,#11634));
#11636=FACE_BOUND('',#11635,.F.);
#11637=ADVANCED_FACE('',(#11606,#11616,#11626,#11636),#11564,.T.);
#11638=FILL_AREA_STYLE_COLOUR('',#27);
#11639=FILL_AREA_STYLE('',(#11638));
#11640=SURFACE_STYLE_FILL_AREA(#11639);
#11641=SURFACE_SIDE_STYLE('',(#11640));
#11642=SURFACE_STYLE_USAGE(.POSITIVE.,#11641);
#11643=PRESENTATION_STYLE_ASSIGNMENT((#11642));
#11644=STYLED_ITEM('',(#11643),#11637);
#11645=CARTESIAN_POINT('',(3.5E0,0.E0,0.E0));
#11646=DIRECTION('',(1.E0,0.E0,0.E0));
#11647=DIRECTION('',(0.E0,1.E0,0.E0));
#11648=AXIS2_PLACEMENT_3D('',#11645,#11646,#11647);
#11649=PLANE('',#11648);
#11651=ORIENTED_EDGE('',*,*,#11650,.F.);
#11652=ORIENTED_EDGE('',*,*,#11565,.T.);
#11654=ORIENTED_EDGE('',*,*,#11653,.T.);
#11656=ORIENTED_EDGE('',*,*,#11655,.T.);
#11658=ORIENTED_EDGE('',*,*,#11657,.T.);
#11660=ORIENTED_EDGE('',*,*,#11659,.T.);
#11662=ORIENTED_EDGE('',*,*,#11661,.T.);
#11663=ORIENTED_EDGE('',*,*,#11294,.T.);
#11664=EDGE_LOOP('',(#11651,#11652,#11654,#11656,#11658,#11660,#11662,#11663));
#11665=FACE_OUTER_BOUND('',#11664,.F.);
#11666=ADVANCED_FACE('',(#11665),#11649,.F.);
#11667=FILL_AREA_STYLE_COLOUR('',#27);
#11668=FILL_AREA_STYLE('',(#11667));
#11669=SURFACE_STYLE_FILL_AREA(#11668);
#11670=SURFACE_SIDE_STYLE('',(#11669));
#11671=SURFACE_STYLE_USAGE(.POSITIVE.,#11670);
#11672=PRESENTATION_STYLE_ASSIGNMENT((#11671));
#11673=STYLED_ITEM('',(#11672),#11666);
#11674=CARTESIAN_POINT('',(3.5E0,-3.35E0,8.462526058330E-2));
#11675=DIRECTION('',(0.E0,0.E0,1.E0));
#11676=DIRECTION('',(-1.E0,0.E0,0.E0));
#11677=AXIS2_PLACEMENT_3D('',#11674,#11675,#11676);
#11678=PLANE('',#11677);
#11679=ORIENTED_EDGE('',*,*,#11567,.F.);
#11680=ORIENTED_EDGE('',*,*,#11650,.T.);
#11681=ORIENTED_EDGE('',*,*,#11292,.T.);
#11683=ORIENTED_EDGE('',*,*,#11682,.F.);
#11684=EDGE_LOOP('',(#11679,#11680,#11681,#11683));
#11685=FACE_OUTER_BOUND('',#11684,.F.);
#11686=ADVANCED_FACE('',(#11685),#11678,.F.);
#11687=FILL_AREA_STYLE_COLOUR('',#27);
#11688=FILL_AREA_STYLE('',(#11687));
#11689=SURFACE_STYLE_FILL_AREA(#11688);
#11690=SURFACE_SIDE_STYLE('',(#11689));
#11691=SURFACE_STYLE_USAGE(.POSITIVE.,#11690);
#11692=PRESENTATION_STYLE_ASSIGNMENT((#11691));
#11693=STYLED_ITEM('',(#11692),#11686);
#11694=CARTESIAN_POINT('',(2.740681785823E0,-3.35E0,8.462526058330E-2));
#11695=DIRECTION('',(1.E0,0.E0,0.E0));
#11696=DIRECTION('',(0.E0,0.E0,1.E0));
#11697=AXIS2_PLACEMENT_3D('',#11694,#11695,#11696);
#11698=PLANE('',#11697);
#11699=ORIENTED_EDGE('',*,*,#11569,.F.);
#11700=ORIENTED_EDGE('',*,*,#11682,.T.);
#11701=ORIENTED_EDGE('',*,*,#11290,.T.);
#11702=ORIENTED_EDGE('',*,*,#11422,.F.);
#11703=EDGE_LOOP('',(#11699,#11700,#11701,#11702));
#11704=FACE_OUTER_BOUND('',#11703,.F.);
#11705=ADVANCED_FACE('',(#11704),#11698,.F.);
#11706=FILL_AREA_STYLE_COLOUR('',#27);
#11707=FILL_AREA_STYLE('',(#11706));
#11708=SURFACE_STYLE_FILL_AREA(#11707);
#11709=SURFACE_SIDE_STYLE('',(#11708));
#11710=SURFACE_STYLE_USAGE(.POSITIVE.,#11709);
#11711=PRESENTATION_STYLE_ASSIGNMENT((#11710));
#11712=STYLED_ITEM('',(#11711),#11705);
#11713=CARTESIAN_POINT('',(3.5E0,-2.823E0,-1.02E-2));
#11714=DIRECTION('',(1.E0,0.E0,0.E0));
#11715=DIRECTION('',(0.E0,1.E0,0.E0));
#11716=AXIS2_PLACEMENT_3D('',#11713,#11714,#11715);
#11717=CYLINDRICAL_SURFACE('',#11716,5.27E-1);
#11718=ORIENTED_EDGE('',*,*,#11653,.F.);
#11719=ORIENTED_EDGE('',*,*,#11603,.T.);
#11721=ORIENTED_EDGE('',*,*,#11720,.T.);
#11723=ORIENTED_EDGE('',*,*,#11722,.F.);
#11724=EDGE_LOOP('',(#11718,#11719,#11721,#11723));
#11725=FACE_OUTER_BOUND('',#11724,.F.);
#11726=ADVANCED_FACE('',(#11725),#11717,.T.);
#11727=FILL_AREA_STYLE_COLOUR('',#27);
#11728=FILL_AREA_STYLE('',(#11727));
#11729=SURFACE_STYLE_FILL_AREA(#11728);
#11730=SURFACE_SIDE_STYLE('',(#11729));
#11731=SURFACE_STYLE_USAGE(.POSITIVE.,#11730);
#11732=PRESENTATION_STYLE_ASSIGNMENT((#11731));
#11733=STYLED_ITEM('',(#11732),#11726);
#11734=CARTESIAN_POINT('',(4.5E0,0.E0,0.E0));
#11735=DIRECTION('',(1.E0,0.E0,0.E0));
#11736=DIRECTION('',(0.E0,1.E0,0.E0));
#11737=AXIS2_PLACEMENT_3D('',#11734,#11735,#11736);
#11738=PLANE('',#11737);
#11740=ORIENTED_EDGE('',*,*,#11739,.F.);
#11742=ORIENTED_EDGE('',*,*,#11741,.F.);
#11743=ORIENTED_EDGE('',*,*,#11720,.F.);
#11744=ORIENTED_EDGE('',*,*,#11601,.F.);
#11745=ORIENTED_EDGE('',*,*,#11400,.T.);
#11746=ORIENTED_EDGE('',*,*,#11298,.F.);
#11748=ORIENTED_EDGE('',*,*,#11747,.F.);
#11750=ORIENTED_EDGE('',*,*,#11749,.F.);
#11751=EDGE_LOOP('',(#11740,#11742,#11743,#11744,#11745,#11746,#11748,#11750));
#11752=FACE_OUTER_BOUND('',#11751,.F.);
#11753=ADVANCED_FACE('',(#11752),#11738,.T.);
#11754=FILL_AREA_STYLE_COLOUR('',#27);
#11755=FILL_AREA_STYLE('',(#11754));
#11756=SURFACE_STYLE_FILL_AREA(#11755);
#11757=SURFACE_SIDE_STYLE('',(#11756));
#11758=SURFACE_STYLE_USAGE(.POSITIVE.,#11757);
#11759=PRESENTATION_STYLE_ASSIGNMENT((#11758));
#11760=STYLED_ITEM('',(#11759),#11753);
#11761=CARTESIAN_POINT('',(4.E0,-1.208412E1,-8.325858846651E0));
#11762=DIRECTION('',(0.E0,7.524861815493E-1,6.586080371339E-1));
#11763=DIRECTION('',(-1.E0,0.E0,0.E0));
#11764=AXIS2_PLACEMENT_3D('',#11761,#11762,#11763);
#11765=CYLINDRICAL_SURFACE('',#11764,5.E-1);
#11767=ORIENTED_EDGE('',*,*,#11766,.T.);
#11768=ORIENTED_EDGE('',*,*,#11657,.F.);
#11770=ORIENTED_EDGE('',*,*,#11769,.T.);
#11771=ORIENTED_EDGE('',*,*,#11739,.T.);
#11772=EDGE_LOOP('',(#11767,#11768,#11770,#11771));
#11773=FACE_OUTER_BOUND('',#11772,.F.);
#11774=ADVANCED_FACE('',(#11773),#11765,.T.);
#11775=FILL_AREA_STYLE_COLOUR('',#27);
#11776=FILL_AREA_STYLE('',(#11775));
#11777=SURFACE_STYLE_FILL_AREA(#11776);
#11778=SURFACE_SIDE_STYLE('',(#11777));
#11779=SURFACE_STYLE_USAGE(.POSITIVE.,#11778);
#11780=PRESENTATION_STYLE_ASSIGNMENT((#11779));
#11781=STYLED_ITEM('',(#11780),#11774);
#11782=CARTESIAN_POINT('',(3.5E0,-2.409972594041E0,-5.230959814331E-1));
#11783=DIRECTION('',(0.E0,-7.524861815493E-1,-6.586080371339E-1));
#11784=DIRECTION('',(0.E0,-6.586080371339E-1,7.524861815493E-1));
#11785=AXIS2_PLACEMENT_3D('',#11782,#11783,#11784);
#11786=PLANE('',#11785);
#11787=ORIENTED_EDGE('',*,*,#11766,.F.);
#11788=ORIENTED_EDGE('',*,*,#11749,.T.);
#11790=ORIENTED_EDGE('',*,*,#11789,.F.);
#11791=ORIENTED_EDGE('',*,*,#11659,.F.);
#11792=EDGE_LOOP('',(#11787,#11788,#11790,#11791));
#11793=FACE_OUTER_BOUND('',#11792,.F.);
#11794=ADVANCED_FACE('',(#11793),#11786,.F.);
#11795=FILL_AREA_STYLE_COLOUR('',#27);
#11796=FILL_AREA_STYLE('',(#11795));
#11797=SURFACE_STYLE_FILL_AREA(#11796);
#11798=SURFACE_SIDE_STYLE('',(#11797));
#11799=SURFACE_STYLE_USAGE(.POSITIVE.,#11798);
#11800=PRESENTATION_STYLE_ASSIGNMENT((#11799));
#11801=STYLED_ITEM('',(#11800),#11794);
#11802=CARTESIAN_POINT('',(3.5E0,-2.823E0,-1.02E-2));
#11803=DIRECTION('',(1.E0,0.E0,0.E0));
#11804=DIRECTION('',(0.E0,1.E0,0.E0));
#11805=AXIS2_PLACEMENT_3D('',#11802,#11803,#11804);
#11806=CYLINDRICAL_SURFACE('',#11805,2.7E-2);
#11807=ORIENTED_EDGE('',*,*,#11661,.F.);
#11808=ORIENTED_EDGE('',*,*,#11789,.T.);
#11809=ORIENTED_EDGE('',*,*,#11747,.T.);
#11810=ORIENTED_EDGE('',*,*,#11296,.F.);
#11811=EDGE_LOOP('',(#11807,#11808,#11809,#11810));
#11812=FACE_OUTER_BOUND('',#11811,.F.);
#11813=ADVANCED_FACE('',(#11812),#11806,.F.);
#11814=FILL_AREA_STYLE_COLOUR('',#27);
#11815=FILL_AREA_STYLE('',(#11814));
#11816=SURFACE_STYLE_FILL_AREA(#11815);
#11817=SURFACE_SIDE_STYLE('',(#11816));
#11818=SURFACE_STYLE_USAGE(.POSITIVE.,#11817);
#11819=PRESENTATION_STYLE_ASSIGNMENT((#11818));
#11820=STYLED_ITEM('',(#11819),#11813);
#11821=CARTESIAN_POINT('',(3.5E0,-3.219560217676E0,-3.572864355696E-1));
#11822=DIRECTION('',(0.E0,7.524861815493E-1,6.586080371339E-1));
#11823=DIRECTION('',(0.E0,6.586080371339E-1,-7.524861815493E-1));
#11824=AXIS2_PLACEMENT_3D('',#11821,#11822,#11823);
#11825=PLANE('',#11824);
#11826=ORIENTED_EDGE('',*,*,#11769,.F.);
#11827=ORIENTED_EDGE('',*,*,#11655,.F.);
#11828=ORIENTED_EDGE('',*,*,#11722,.T.);
#11829=ORIENTED_EDGE('',*,*,#11741,.T.);
#11830=EDGE_LOOP('',(#11826,#11827,#11828,#11829));
#11831=FACE_OUTER_BOUND('',#11830,.F.);
#11832=ADVANCED_FACE('',(#11831),#11825,.F.);
#11833=FILL_AREA_STYLE_COLOUR('',#27);
#11834=FILL_AREA_STYLE('',(#11833));
#11835=SURFACE_STYLE_FILL_AREA(#11834);
#11836=SURFACE_SIDE_STYLE('',(#11835));
#11837=SURFACE_STYLE_USAGE(.POSITIVE.,#11836);
#11838=PRESENTATION_STYLE_ASSIGNMENT((#11837));
#11839=STYLED_ITEM('',(#11838),#11832);
#11840=CARTESIAN_POINT('',(-2.740681785823E0,-3.35E0,8.462526058330E-2));
#11841=DIRECTION('',(1.E0,0.E0,0.E0));
#11842=DIRECTION('',(0.E0,0.E0,1.E0));
#11843=AXIS2_PLACEMENT_3D('',#11840,#11841,#11842);
#11844=PLANE('',#11843);
#11845=ORIENTED_EDGE('',*,*,#11425,.T.);
#11846=ORIENTED_EDGE('',*,*,#11331,.F.);
#11847=ORIENTED_EDGE('',*,*,#11547,.F.);
#11848=ORIENTED_EDGE('',*,*,#11572,.T.);
#11849=EDGE_LOOP('',(#11845,#11846,#11847,#11848));
#11850=FACE_OUTER_BOUND('',#11849,.F.);
#11851=ADVANCED_FACE('',(#11850),#11844,.T.);
#11852=FILL_AREA_STYLE_COLOUR('',#27);
#11853=FILL_AREA_STYLE('',(#11852));
#11854=SURFACE_STYLE_FILL_AREA(#11853);
#11855=SURFACE_SIDE_STYLE('',(#11854));
#11856=SURFACE_STYLE_USAGE(.POSITIVE.,#11855);
#11857=PRESENTATION_STYLE_ASSIGNMENT((#11856));
#11858=STYLED_ITEM('',(#11857),#11851);
#11859=CARTESIAN_POINT('',(-3.5E0,-2.823E0,-1.02E-2));
#11860=DIRECTION('',(1.E0,0.E0,0.E0));
#11861=DIRECTION('',(0.E0,1.E0,0.E0));
#11862=AXIS2_PLACEMENT_3D('',#11859,#11860,#11861);
#11863=CYLINDRICAL_SURFACE('',#11862,5.27E-1);
#11864=ORIENTED_EDGE('',*,*,#11525,.F.);
#11866=ORIENTED_EDGE('',*,*,#11865,.F.);
#11867=ORIENTED_EDGE('',*,*,#11454,.T.);
#11868=ORIENTED_EDGE('',*,*,#11576,.T.);
#11869=EDGE_LOOP('',(#11864,#11866,#11867,#11868));
#11870=FACE_OUTER_BOUND('',#11869,.F.);
#11871=ADVANCED_FACE('',(#11870),#11863,.T.);
#11872=FILL_AREA_STYLE_COLOUR('',#27);
#11873=FILL_AREA_STYLE('',(#11872));
#11874=SURFACE_STYLE_FILL_AREA(#11873);
#11875=SURFACE_SIDE_STYLE('',(#11874));
#11876=SURFACE_STYLE_USAGE(.POSITIVE.,#11875);
#11877=PRESENTATION_STYLE_ASSIGNMENT((#11876));
#11878=STYLED_ITEM('',(#11877),#11871);
#11879=CARTESIAN_POINT('',(-3.5E0,-3.219560217676E0,-3.572864355696E-1));
#11880=DIRECTION('',(0.E0,-7.524861815493E-1,-6.586080371339E-1));
#11881=DIRECTION('',(0.E0,6.586080371339E-1,-7.524861815493E-1));
#11882=AXIS2_PLACEMENT_3D('',#11879,#11880,#11881);
#11883=PLANE('',#11882);
#11884=ORIENTED_EDGE('',*,*,#11476,.F.);
#11885=ORIENTED_EDGE('',*,*,#11456,.T.);
#11886=ORIENTED_EDGE('',*,*,#11865,.T.);
#11887=ORIENTED_EDGE('',*,*,#11523,.F.);
#11888=EDGE_LOOP('',(#11884,#11885,#11886,#11887));
#11889=FACE_OUTER_BOUND('',#11888,.F.);
#11890=ADVANCED_FACE('',(#11889),#11883,.T.);
#11891=FILL_AREA_STYLE_COLOUR('',#27);
#11892=FILL_AREA_STYLE('',(#11891));
#11893=SURFACE_STYLE_FILL_AREA(#11892);
#11894=SURFACE_SIDE_STYLE('',(#11893));
#11895=SURFACE_STYLE_USAGE(.POSITIVE.,#11894);
#11896=PRESENTATION_STYLE_ASSIGNMENT((#11895));
#11897=STYLED_ITEM('',(#11896),#11890);
#11898=CARTESIAN_POINT('',(-6.E0,-3.35E0,-1.3E0));
#11899=DIRECTION('',(1.E0,0.E0,0.E0));
#11900=DIRECTION('',(0.E0,0.E0,1.E0));
#11901=AXIS2_PLACEMENT_3D('',#11898,#11899,#11900);
#11902=PLANE('',#11901);
#11903=ORIENTED_EDGE('',*,*,#11381,.T.);
#11904=ORIENTED_EDGE('',*,*,#11319,.F.);
#11906=ORIENTED_EDGE('',*,*,#11905,.F.);
#11907=ORIENTED_EDGE('',*,*,#11580,.T.);
#11908=EDGE_LOOP('',(#11903,#11904,#11906,#11907));
#11909=FACE_OUTER_BOUND('',#11908,.F.);
#11910=ADVANCED_FACE('',(#11909),#11902,.T.);
#11911=FILL_AREA_STYLE_COLOUR('',#27);
#11912=FILL_AREA_STYLE('',(#11911));
#11913=SURFACE_STYLE_FILL_AREA(#11912);
#11914=SURFACE_SIDE_STYLE('',(#11913));
#11915=SURFACE_STYLE_USAGE(.POSITIVE.,#11914);
#11916=PRESENTATION_STYLE_ASSIGNMENT((#11915));
#11917=STYLED_ITEM('',(#11916),#11910);
#11918=CARTESIAN_POINT('',(-7.002506281447E0,-3.35E0,-1.3E0));
#11919=DIRECTION('',(0.E0,0.E0,-1.E0));
#11920=DIRECTION('',(1.E0,0.E0,0.E0));
#11921=AXIS2_PLACEMENT_3D('',#11918,#11919,#11920);
#11922=PLANE('',#11921);
#11923=ORIENTED_EDGE('',*,*,#11582,.T.);
#11924=ORIENTED_EDGE('',*,*,#11905,.T.);
#11925=ORIENTED_EDGE('',*,*,#11317,.F.);
#11927=ORIENTED_EDGE('',*,*,#11926,.F.);
#11928=EDGE_LOOP('',(#11923,#11924,#11925,#11927));
#11929=FACE_OUTER_BOUND('',#11928,.F.);
#11930=ADVANCED_FACE('',(#11929),#11922,.T.);
#11931=FILL_AREA_STYLE_COLOUR('',#27);
#11932=FILL_AREA_STYLE('',(#11931));
#11933=SURFACE_STYLE_FILL_AREA(#11932);
#11934=SURFACE_SIDE_STYLE('',(#11933));
#11935=SURFACE_STYLE_USAGE(.POSITIVE.,#11934);
#11936=PRESENTATION_STYLE_ASSIGNMENT((#11935));
#11937=STYLED_ITEM('',(#11936),#11930);
#11938=CARTESIAN_POINT('',(-7.002506281447E0,-3.35E0,-3.75E0));
#11939=DIRECTION('',(1.E0,0.E0,0.E0));
#11940=DIRECTION('',(0.E0,0.E0,1.E0));
#11941=AXIS2_PLACEMENT_3D('',#11938,#11939,#11940);
#11942=PLANE('',#11941);
#11943=ORIENTED_EDGE('',*,*,#11584,.T.);
#11944=ORIENTED_EDGE('',*,*,#11926,.T.);
#11945=ORIENTED_EDGE('',*,*,#11315,.F.);
#11947=ORIENTED_EDGE('',*,*,#11946,.F.);
#11948=EDGE_LOOP('',(#11943,#11944,#11945,#11947));
#11949=FACE_OUTER_BOUND('',#11948,.F.);
#11950=ADVANCED_FACE('',(#11949),#11942,.T.);
#11951=FILL_AREA_STYLE_COLOUR('',#27);
#11952=FILL_AREA_STYLE('',(#11951));
#11953=SURFACE_STYLE_FILL_AREA(#11952);
#11954=SURFACE_SIDE_STYLE('',(#11953));
#11955=SURFACE_STYLE_USAGE(.POSITIVE.,#11954);
#11956=PRESENTATION_STYLE_ASSIGNMENT((#11955));
#11957=STYLED_ITEM('',(#11956),#11950);
#11958=CARTESIAN_POINT('',(-7.5E0,-3.35E0,-3.8E0));
#11959=DIRECTION('',(0.E0,-1.E0,0.E0));
#11960=DIRECTION('',(1.E0,0.E0,0.E0));
#11961=AXIS2_PLACEMENT_3D('',#11958,#11959,#11960);
#11962=CYLINDRICAL_SURFACE('',#11961,5.E-1);
#11963=ORIENTED_EDGE('',*,*,#11586,.T.);
#11964=ORIENTED_EDGE('',*,*,#11946,.T.);
#11965=ORIENTED_EDGE('',*,*,#11313,.F.);
#11966=ORIENTED_EDGE('',*,*,#11057,.F.);
#11967=EDGE_LOOP('',(#11963,#11964,#11965,#11966));
#11968=FACE_OUTER_BOUND('',#11967,.F.);
#11969=ADVANCED_FACE('',(#11968),#11962,.T.);
#11970=FILL_AREA_STYLE_COLOUR('',#27);
#11971=FILL_AREA_STYLE('',(#11970));
#11972=SURFACE_STYLE_FILL_AREA(#11971);
#11973=SURFACE_SIDE_STYLE('',(#11972));
#11974=SURFACE_STYLE_USAGE(.POSITIVE.,#11973);
#11975=PRESENTATION_STYLE_ASSIGNMENT((#11974));
#11976=STYLED_ITEM('',(#11975),#11969);
#11977=CARTESIAN_POINT('',(-8.E0,-2.7E0,6.05E0));
#11978=DIRECTION('',(1.E0,0.E0,0.E0));
#11979=DIRECTION('',(0.E0,1.E0,0.E0));
#11980=AXIS2_PLACEMENT_3D('',#11977,#11978,#11979);
#11981=CYLINDRICAL_SURFACE('',#11980,6.5E-1);
#11982=ORIENTED_EDGE('',*,*,#11053,.F.);
#11984=ORIENTED_EDGE('',*,*,#11983,.T.);
#11985=ORIENTED_EDGE('',*,*,#11119,.T.);
#11986=ORIENTED_EDGE('',*,*,#11589,.F.);
#11987=EDGE_LOOP('',(#11982,#11984,#11985,#11986));
#11988=FACE_OUTER_BOUND('',#11987,.F.);
#11989=ADVANCED_FACE('',(#11988),#11981,.T.);
#11990=FILL_AREA_STYLE_COLOUR('',#27);
#11991=FILL_AREA_STYLE('',(#11990));
#11992=SURFACE_STYLE_FILL_AREA(#11991);
#11993=SURFACE_SIDE_STYLE('',(#11992));
#11994=SURFACE_STYLE_USAGE(.POSITIVE.,#11993);
#11995=PRESENTATION_STYLE_ASSIGNMENT((#11994));
#11996=STYLED_ITEM('',(#11995),#11989);
#11997=CARTESIAN_POINT('',(-8.E0,2.7E0,6.7E0));
#11998=DIRECTION('',(0.E0,0.E0,1.E0));
#11999=DIRECTION('',(0.E0,-1.E0,0.E0));
#12000=AXIS2_PLACEMENT_3D('',#11997,#11998,#11999);
#12001=PLANE('',#12000);
#12002=ORIENTED_EDGE('',*,*,#11051,.F.);
#12003=ORIENTED_EDGE('',*,*,#11086,.T.);
#12004=ORIENTED_EDGE('',*,*,#11121,.T.);
#12005=ORIENTED_EDGE('',*,*,#11983,.F.);
#12006=EDGE_LOOP('',(#12002,#12003,#12004,#12005));
#12007=FACE_OUTER_BOUND('',#12006,.F.);
#12009=ORIENTED_EDGE('',*,*,#12008,.T.);
#12011=ORIENTED_EDGE('',*,*,#12010,.T.);
#12013=ORIENTED_EDGE('',*,*,#12012,.T.);
#12015=ORIENTED_EDGE('',*,*,#12014,.T.);
#12016=EDGE_LOOP('',(#12009,#12011,#12013,#12015));
#12017=FACE_BOUND('',#12016,.F.);
#12018=ADVANCED_FACE('',(#12007,#12017),#12001,.T.);
#12019=FILL_AREA_STYLE_COLOUR('',#27);
#12020=FILL_AREA_STYLE('',(#12019));
#12021=SURFACE_STYLE_FILL_AREA(#12020);
#12022=SURFACE_SIDE_STYLE('',(#12021));
#12023=SURFACE_STYLE_USAGE(.POSITIVE.,#12022);
#12024=PRESENTATION_STYLE_ASSIGNMENT((#12023));
#12025=STYLED_ITEM('',(#12024),#12018);
#12026=CARTESIAN_POINT('',(3.6E0,1.3E0,6.7E0));
#12027=DIRECTION('',(0.E0,1.E0,0.E0));
#12028=DIRECTION('',(-1.E0,0.E0,0.E0));
#12029=AXIS2_PLACEMENT_3D('',#12026,#12027,#12028);
#12030=PLANE('',#12029);
#12031=ORIENTED_EDGE('',*,*,#11245,.T.);
#12033=ORIENTED_EDGE('',*,*,#12032,.F.);
#12034=ORIENTED_EDGE('',*,*,#12008,.F.);
#12036=ORIENTED_EDGE('',*,*,#12035,.T.);
#12037=EDGE_LOOP('',(#12031,#12033,#12034,#12036));
#12038=FACE_OUTER_BOUND('',#12037,.F.);
#12039=ADVANCED_FACE('',(#12038),#12030,.F.);
#12040=FILL_AREA_STYLE_COLOUR('',#27);
#12041=FILL_AREA_STYLE('',(#12040));
#12042=SURFACE_STYLE_FILL_AREA(#12041);
#12043=SURFACE_SIDE_STYLE('',(#12042));
#12044=SURFACE_STYLE_USAGE(.POSITIVE.,#12043);
#12045=PRESENTATION_STYLE_ASSIGNMENT((#12044));
#12046=STYLED_ITEM('',(#12045),#12039);
#12047=CARTESIAN_POINT('',(-3.6E0,1.3E0,6.7E0));
#12048=DIRECTION('',(-1.E0,0.E0,0.E0));
#12049=DIRECTION('',(0.E0,-1.E0,0.E0));
#12050=AXIS2_PLACEMENT_3D('',#12047,#12048,#12049);
#12051=PLANE('',#12050);
#12052=ORIENTED_EDGE('',*,*,#11251,.T.);
#12054=ORIENTED_EDGE('',*,*,#12053,.F.);
#12055=ORIENTED_EDGE('',*,*,#12010,.F.);
#12056=ORIENTED_EDGE('',*,*,#12032,.T.);
#12057=EDGE_LOOP('',(#12052,#12054,#12055,#12056));
#12058=FACE_OUTER_BOUND('',#12057,.F.);
#12059=ADVANCED_FACE('',(#12058),#12051,.F.);
#12060=FILL_AREA_STYLE_COLOUR('',#27);
#12061=FILL_AREA_STYLE('',(#12060));
#12062=SURFACE_STYLE_FILL_AREA(#12061);
#12063=SURFACE_SIDE_STYLE('',(#12062));
#12064=SURFACE_STYLE_USAGE(.POSITIVE.,#12063);
#12065=PRESENTATION_STYLE_ASSIGNMENT((#12064));
#12066=STYLED_ITEM('',(#12065),#12059);
#12067=CARTESIAN_POINT('',(-3.6E0,-1.3E0,6.7E0));
#12068=DIRECTION('',(0.E0,-1.E0,0.E0));
#12069=DIRECTION('',(1.E0,0.E0,0.E0));
#12070=AXIS2_PLACEMENT_3D('',#12067,#12068,#12069);
#12071=PLANE('',#12070);
#12072=ORIENTED_EDGE('',*,*,#11249,.T.);
#12074=ORIENTED_EDGE('',*,*,#12073,.F.);
#12075=ORIENTED_EDGE('',*,*,#12012,.F.);
#12076=ORIENTED_EDGE('',*,*,#12053,.T.);
#12077=EDGE_LOOP('',(#12072,#12074,#12075,#12076));
#12078=FACE_OUTER_BOUND('',#12077,.F.);
#12079=ADVANCED_FACE('',(#12078),#12071,.F.);
#12080=FILL_AREA_STYLE_COLOUR('',#27);
#12081=FILL_AREA_STYLE('',(#12080));
#12082=SURFACE_STYLE_FILL_AREA(#12081);
#12083=SURFACE_SIDE_STYLE('',(#12082));
#12084=SURFACE_STYLE_USAGE(.POSITIVE.,#12083);
#12085=PRESENTATION_STYLE_ASSIGNMENT((#12084));
#12086=STYLED_ITEM('',(#12085),#12079);
#12087=CARTESIAN_POINT('',(3.6E0,-1.3E0,6.7E0));
#12088=DIRECTION('',(1.E0,0.E0,0.E0));
#12089=DIRECTION('',(0.E0,1.E0,0.E0));
#12090=AXIS2_PLACEMENT_3D('',#12087,#12088,#12089);
#12091=PLANE('',#12090);
#12092=ORIENTED_EDGE('',*,*,#11247,.T.);
#12093=ORIENTED_EDGE('',*,*,#12035,.F.);
#12094=ORIENTED_EDGE('',*,*,#12014,.F.);
#12095=ORIENTED_EDGE('',*,*,#12073,.T.);
#12096=EDGE_LOOP('',(#12092,#12093,#12094,#12095));
#12097=FACE_OUTER_BOUND('',#12096,.F.);
#12098=ADVANCED_FACE('',(#12097),#12091,.F.);
#12099=FILL_AREA_STYLE_COLOUR('',#27);
#12100=FILL_AREA_STYLE('',(#12099));
#12101=SURFACE_STYLE_FILL_AREA(#12100);
#12102=SURFACE_SIDE_STYLE('',(#12101));
#12103=SURFACE_STYLE_USAGE(.POSITIVE.,#12102);
#12104=PRESENTATION_STYLE_ASSIGNMENT((#12103));
#12105=STYLED_ITEM('',(#12104),#12098);
#12106=CARTESIAN_POINT('',(7.5E0,-3.35E0,-3.8E0));
#12107=DIRECTION('',(0.E0,-1.E0,0.E0));
#12108=DIRECTION('',(1.E0,0.E0,0.E0));
#12109=AXIS2_PLACEMENT_3D('',#12106,#12107,#12108);
#12110=CYLINDRICAL_SURFACE('',#12109,5.E-1);
#12111=ORIENTED_EDGE('',*,*,#11592,.T.);
#12112=ORIENTED_EDGE('',*,*,#11115,.T.);
#12113=ORIENTED_EDGE('',*,*,#11308,.F.);
#12115=ORIENTED_EDGE('',*,*,#12114,.F.);
#12116=EDGE_LOOP('',(#12111,#12112,#12113,#12115));
#12117=FACE_OUTER_BOUND('',#12116,.F.);
#12118=ADVANCED_FACE('',(#12117),#12110,.T.);
#12119=FILL_AREA_STYLE_COLOUR('',#27);
#12120=FILL_AREA_STYLE('',(#12119));
#12121=SURFACE_STYLE_FILL_AREA(#12120);
#12122=SURFACE_SIDE_STYLE('',(#12121));
#12123=SURFACE_STYLE_USAGE(.POSITIVE.,#12122);
#12124=PRESENTATION_STYLE_ASSIGNMENT((#12123));
#12125=STYLED_ITEM('',(#12124),#12118);
#12126=CARTESIAN_POINT('',(7.002506281447E0,-3.35E0,-1.3E0));
#12127=DIRECTION('',(-1.E0,0.E0,0.E0));
#12128=DIRECTION('',(0.E0,0.E0,-1.E0));
#12129=AXIS2_PLACEMENT_3D('',#12126,#12127,#12128);
#12130=PLANE('',#12129);
#12131=ORIENTED_EDGE('',*,*,#11594,.T.);
#12132=ORIENTED_EDGE('',*,*,#12114,.T.);
#12133=ORIENTED_EDGE('',*,*,#11306,.F.);
#12135=ORIENTED_EDGE('',*,*,#12134,.F.);
#12136=EDGE_LOOP('',(#12131,#12132,#12133,#12135));
#12137=FACE_OUTER_BOUND('',#12136,.F.);
#12138=ADVANCED_FACE('',(#12137),#12130,.T.);
#12139=FILL_AREA_STYLE_COLOUR('',#27);
#12140=FILL_AREA_STYLE('',(#12139));
#12141=SURFACE_STYLE_FILL_AREA(#12140);
#12142=SURFACE_SIDE_STYLE('',(#12141));
#12143=SURFACE_STYLE_USAGE(.POSITIVE.,#12142);
#12144=PRESENTATION_STYLE_ASSIGNMENT((#12143));
#12145=STYLED_ITEM('',(#12144),#12138);
#12146=CARTESIAN_POINT('',(6.E0,-3.35E0,-1.3E0));
#12147=DIRECTION('',(0.E0,0.E0,-1.E0));
#12148=DIRECTION('',(1.E0,0.E0,0.E0));
#12149=AXIS2_PLACEMENT_3D('',#12146,#12147,#12148);
#12150=PLANE('',#12149);
#12151=ORIENTED_EDGE('',*,*,#11596,.T.);
#12152=ORIENTED_EDGE('',*,*,#12134,.T.);
#12153=ORIENTED_EDGE('',*,*,#11304,.F.);
#12155=ORIENTED_EDGE('',*,*,#12154,.F.);
#12156=EDGE_LOOP('',(#12151,#12152,#12153,#12155));
#12157=FACE_OUTER_BOUND('',#12156,.F.);
#12158=ADVANCED_FACE('',(#12157),#12150,.T.);
#12159=FILL_AREA_STYLE_COLOUR('',#27);
#12160=FILL_AREA_STYLE('',(#12159));
#12161=SURFACE_STYLE_FILL_AREA(#12160);
#12162=SURFACE_SIDE_STYLE('',(#12161));
#12163=SURFACE_STYLE_USAGE(.POSITIVE.,#12162);
#12164=PRESENTATION_STYLE_ASSIGNMENT((#12163));
#12165=STYLED_ITEM('',(#12164),#12158);
#12166=CARTESIAN_POINT('',(6.E0,-3.35E0,1.1E0));
#12167=DIRECTION('',(-1.E0,0.E0,0.E0));
#12168=DIRECTION('',(0.E0,0.E0,-1.E0));
#12169=AXIS2_PLACEMENT_3D('',#12166,#12167,#12168);
#12170=PLANE('',#12169);
#12171=ORIENTED_EDGE('',*,*,#11404,.F.);
#12172=ORIENTED_EDGE('',*,*,#11598,.T.);
#12173=ORIENTED_EDGE('',*,*,#12154,.T.);
#12174=ORIENTED_EDGE('',*,*,#11302,.F.);
#12175=EDGE_LOOP('',(#12171,#12172,#12173,#12174));
#12176=FACE_OUTER_BOUND('',#12175,.F.);
#12177=ADVANCED_FACE('',(#12176),#12170,.T.);
#12178=FILL_AREA_STYLE_COLOUR('',#27);
#12179=FILL_AREA_STYLE('',(#12178));
#12180=SURFACE_STYLE_FILL_AREA(#12179);
#12181=SURFACE_SIDE_STYLE('',(#12180));
#12182=SURFACE_STYLE_USAGE(.POSITIVE.,#12181);
#12183=PRESENTATION_STYLE_ASSIGNMENT((#12182));
#12184=STYLED_ITEM('',(#12183),#12177);
#12185=CARTESIAN_POINT('',(-5.845207919767E0,-3.35E0,4.695579749519E0));
#12186=DIRECTION('',(0.E0,0.E0,1.E0));
#12187=DIRECTION('',(-1.E0,0.E0,0.E0));
#12188=AXIS2_PLACEMENT_3D('',#12185,#12186,#12187);
#12189=PLANE('',#12188);
#12190=ORIENTED_EDGE('',*,*,#11335,.T.);
#12192=ORIENTED_EDGE('',*,*,#12191,.F.);
#12193=ORIENTED_EDGE('',*,*,#11607,.F.);
#12195=ORIENTED_EDGE('',*,*,#12194,.T.);
#12196=EDGE_LOOP('',(#12190,#12192,#12193,#12195));
#12197=FACE_OUTER_BOUND('',#12196,.F.);
#12198=ADVANCED_FACE('',(#12197),#12189,.F.);
#12199=FILL_AREA_STYLE_COLOUR('',#26);
#12200=FILL_AREA_STYLE('',(#12199));
#12201=SURFACE_STYLE_FILL_AREA(#12200);
#12202=SURFACE_SIDE_STYLE('',(#12201));
#12203=SURFACE_STYLE_USAGE(.POSITIVE.,#12202);
#12204=PRESENTATION_STYLE_ASSIGNMENT((#12203));
#12205=STYLED_ITEM('',(#12204),#12198);
#12206=CARTESIAN_POINT('',(-6.645207919767E0,-3.35E0,4.695579749519E0));
#12207=DIRECTION('',(-1.E0,0.E0,0.E0));
#12208=DIRECTION('',(0.E0,0.E0,-1.E0));
#12209=AXIS2_PLACEMENT_3D('',#12206,#12207,#12208);
#12210=PLANE('',#12209);
#12211=ORIENTED_EDGE('',*,*,#11341,.T.);
#12213=ORIENTED_EDGE('',*,*,#12212,.F.);
#12214=ORIENTED_EDGE('',*,*,#11609,.F.);
#12215=ORIENTED_EDGE('',*,*,#12191,.T.);
#12216=EDGE_LOOP('',(#12211,#12213,#12214,#12215));
#12217=FACE_OUTER_BOUND('',#12216,.F.);
#12218=ADVANCED_FACE('',(#12217),#12210,.F.);
#12219=FILL_AREA_STYLE_COLOUR('',#26);
#12220=FILL_AREA_STYLE('',(#12219));
#12221=SURFACE_STYLE_FILL_AREA(#12220);
#12222=SURFACE_SIDE_STYLE('',(#12221));
#12223=SURFACE_STYLE_USAGE(.POSITIVE.,#12222);
#12224=PRESENTATION_STYLE_ASSIGNMENT((#12223));
#12225=STYLED_ITEM('',(#12224),#12218);
#12226=CARTESIAN_POINT('',(-6.645207919767E0,-3.35E0,2.662079749519E0));
#12227=DIRECTION('',(0.E0,0.E0,-1.E0));
#12228=DIRECTION('',(1.E0,0.E0,0.E0));
#12229=AXIS2_PLACEMENT_3D('',#12226,#12227,#12228);
#12230=PLANE('',#12229);
#12231=ORIENTED_EDGE('',*,*,#11339,.T.);
#12233=ORIENTED_EDGE('',*,*,#12232,.F.);
#12234=ORIENTED_EDGE('',*,*,#11611,.F.);
#12235=ORIENTED_EDGE('',*,*,#12212,.T.);
#12236=EDGE_LOOP('',(#12231,#12233,#12234,#12235));
#12237=FACE_OUTER_BOUND('',#12236,.F.);
#12238=ADVANCED_FACE('',(#12237),#12230,.F.);
#12239=FILL_AREA_STYLE_COLOUR('',#26);
#12240=FILL_AREA_STYLE('',(#12239));
#12241=SURFACE_STYLE_FILL_AREA(#12240);
#12242=SURFACE_SIDE_STYLE('',(#12241));
#12243=SURFACE_STYLE_USAGE(.POSITIVE.,#12242);
#12244=PRESENTATION_STYLE_ASSIGNMENT((#12243));
#12245=STYLED_ITEM('',(#12244),#12238);
#12246=CARTESIAN_POINT('',(-5.845207919767E0,-3.35E0,2.662079749519E0));
#12247=DIRECTION('',(1.E0,0.E0,0.E0));
#12248=DIRECTION('',(0.E0,0.E0,1.E0));
#12249=AXIS2_PLACEMENT_3D('',#12246,#12247,#12248);
#12250=PLANE('',#12249);
#12251=ORIENTED_EDGE('',*,*,#11337,.T.);
#12252=ORIENTED_EDGE('',*,*,#12194,.F.);
#12253=ORIENTED_EDGE('',*,*,#11613,.F.);
#12254=ORIENTED_EDGE('',*,*,#12232,.T.);
#12255=EDGE_LOOP('',(#12251,#12252,#12253,#12254));
#12256=FACE_OUTER_BOUND('',#12255,.F.);
#12257=ADVANCED_FACE('',(#12256),#12250,.F.);
#12258=FILL_AREA_STYLE_COLOUR('',#26);
#12259=FILL_AREA_STYLE('',(#12258));
#12260=SURFACE_STYLE_FILL_AREA(#12259);
#12261=SURFACE_SIDE_STYLE('',(#12260));
#12262=SURFACE_STYLE_USAGE(.POSITIVE.,#12261);
#12263=PRESENTATION_STYLE_ASSIGNMENT((#12262));
#12264=STYLED_ITEM('',(#12263),#12257);
#12265=CARTESIAN_POINT('',(-3.880307919767E0,-3.35E0,4.722579749519E0));
#12266=DIRECTION('',(0.E0,0.E0,1.E0));
#12267=DIRECTION('',(-1.E0,0.E0,0.E0));
#12268=AXIS2_PLACEMENT_3D('',#12265,#12266,#12267);
#12269=PLANE('',#12268);
#12270=ORIENTED_EDGE('',*,*,#11345,.T.);
#12272=ORIENTED_EDGE('',*,*,#12271,.F.);
#12273=ORIENTED_EDGE('',*,*,#11617,.F.);
#12275=ORIENTED_EDGE('',*,*,#12274,.T.);
#12276=EDGE_LOOP('',(#12270,#12272,#12273,#12275));
#12277=FACE_OUTER_BOUND('',#12276,.F.);
#12278=ADVANCED_FACE('',(#12277),#12269,.F.);
#12279=FILL_AREA_STYLE_COLOUR('',#26);
#12280=FILL_AREA_STYLE('',(#12279));
#12281=SURFACE_STYLE_FILL_AREA(#12280);
#12282=SURFACE_SIDE_STYLE('',(#12281));
#12283=SURFACE_STYLE_USAGE(.POSITIVE.,#12282);
#12284=PRESENTATION_STYLE_ASSIGNMENT((#12283));
#12285=STYLED_ITEM('',(#12284),#12278);
#12286=CARTESIAN_POINT('',(-5.093807919767E0,-3.35E0,4.722579749519E0));
#12287=DIRECTION('',(-1.E0,0.E0,0.E0));
#12288=DIRECTION('',(0.E0,0.E0,-1.E0));
#12289=AXIS2_PLACEMENT_3D('',#12286,#12287,#12288);
#12290=PLANE('',#12289);
#12291=ORIENTED_EDGE('',*,*,#11351,.T.);
#12293=ORIENTED_EDGE('',*,*,#12292,.F.);
#12294=ORIENTED_EDGE('',*,*,#11619,.F.);
#12295=ORIENTED_EDGE('',*,*,#12271,.T.);
#12296=EDGE_LOOP('',(#12291,#12293,#12294,#12295));
#12297=FACE_OUTER_BOUND('',#12296,.F.);
#12298=ADVANCED_FACE('',(#12297),#12290,.F.);
#12299=FILL_AREA_STYLE_COLOUR('',#26);
#12300=FILL_AREA_STYLE('',(#12299));
#12301=SURFACE_STYLE_FILL_AREA(#12300);
#12302=SURFACE_SIDE_STYLE('',(#12301));
#12303=SURFACE_STYLE_USAGE(.POSITIVE.,#12302);
#12304=PRESENTATION_STYLE_ASSIGNMENT((#12303));
#12305=STYLED_ITEM('',(#12304),#12298);
#12306=CARTESIAN_POINT('',(-5.093807919767E0,-3.35E0,2.668779749519E0));
#12307=DIRECTION('',(0.E0,0.E0,-1.E0));
#12308=DIRECTION('',(1.E0,0.E0,0.E0));
#12309=AXIS2_PLACEMENT_3D('',#12306,#12307,#12308);
#12310=PLANE('',#12309);
#12311=ORIENTED_EDGE('',*,*,#11349,.T.);
#12313=ORIENTED_EDGE('',*,*,#12312,.F.);
#12314=ORIENTED_EDGE('',*,*,#11621,.F.);
#12315=ORIENTED_EDGE('',*,*,#12292,.T.);
#12316=EDGE_LOOP('',(#12311,#12313,#12314,#12315));
#12317=FACE_OUTER_BOUND('',#12316,.F.);
#12318=ADVANCED_FACE('',(#12317),#12310,.F.);
#12319=FILL_AREA_STYLE_COLOUR('',#26);
#12320=FILL_AREA_STYLE('',(#12319));
#12321=SURFACE_STYLE_FILL_AREA(#12320);
#12322=SURFACE_SIDE_STYLE('',(#12321));
#12323=SURFACE_STYLE_USAGE(.POSITIVE.,#12322);
#12324=PRESENTATION_STYLE_ASSIGNMENT((#12323));
#12325=STYLED_ITEM('',(#12324),#12318);
#12326=CARTESIAN_POINT('',(-3.880307919767E0,-3.35E0,2.668779749519E0));
#12327=DIRECTION('',(1.E0,0.E0,0.E0));
#12328=DIRECTION('',(0.E0,0.E0,1.E0));
#12329=AXIS2_PLACEMENT_3D('',#12326,#12327,#12328);
#12330=PLANE('',#12329);
#12331=ORIENTED_EDGE('',*,*,#11347,.T.);
#12332=ORIENTED_EDGE('',*,*,#12274,.F.);
#12333=ORIENTED_EDGE('',*,*,#11623,.F.);
#12334=ORIENTED_EDGE('',*,*,#12312,.T.);
#12335=EDGE_LOOP('',(#12331,#12332,#12333,#12334));
#12336=FACE_OUTER_BOUND('',#12335,.F.);
#12337=ADVANCED_FACE('',(#12336),#12330,.F.);
#12338=FILL_AREA_STYLE_COLOUR('',#26);
#12339=FILL_AREA_STYLE('',(#12338));
#12340=SURFACE_STYLE_FILL_AREA(#12339);
#12341=SURFACE_SIDE_STYLE('',(#12340));
#12342=SURFACE_STYLE_USAGE(.POSITIVE.,#12341);
#12343=PRESENTATION_STYLE_ASSIGNMENT((#12342));
#12344=STYLED_ITEM('',(#12343),#12337);
#12345=CARTESIAN_POINT('',(-2.433407919767E0,-3.35E0,4.695579749519E0));
#12346=DIRECTION('',(0.E0,0.E0,1.E0));
#12347=DIRECTION('',(-1.E0,0.E0,0.E0));
#12348=AXIS2_PLACEMENT_3D('',#12345,#12346,#12347);
#12349=PLANE('',#12348);
#12350=ORIENTED_EDGE('',*,*,#11355,.T.);
#12352=ORIENTED_EDGE('',*,*,#12351,.F.);
#12353=ORIENTED_EDGE('',*,*,#11627,.F.);
#12355=ORIENTED_EDGE('',*,*,#12354,.T.);
#12356=EDGE_LOOP('',(#12350,#12352,#12353,#12355));
#12357=FACE_OUTER_BOUND('',#12356,.F.);
#12358=ADVANCED_FACE('',(#12357),#12349,.F.);
#12359=FILL_AREA_STYLE_COLOUR('',#26);
#12360=FILL_AREA_STYLE('',(#12359));
#12361=SURFACE_STYLE_FILL_AREA(#12360);
#12362=SURFACE_SIDE_STYLE('',(#12361));
#12363=SURFACE_STYLE_USAGE(.POSITIVE.,#12362);
#12364=PRESENTATION_STYLE_ASSIGNMENT((#12363));
#12365=STYLED_ITEM('',(#12364),#12358);
#12366=CARTESIAN_POINT('',(-3.233407919767E0,-3.35E0,4.695579749519E0));
#12367=DIRECTION('',(-1.E0,0.E0,0.E0));
#12368=DIRECTION('',(0.E0,0.E0,-1.E0));
#12369=AXIS2_PLACEMENT_3D('',#12366,#12367,#12368);
#12370=PLANE('',#12369);
#12371=ORIENTED_EDGE('',*,*,#11361,.T.);
#12373=ORIENTED_EDGE('',*,*,#12372,.F.);
#12374=ORIENTED_EDGE('',*,*,#11629,.F.);
#12375=ORIENTED_EDGE('',*,*,#12351,.T.);
#12376=EDGE_LOOP('',(#12371,#12373,#12374,#12375));
#12377=FACE_OUTER_BOUND('',#12376,.F.);
#12378=ADVANCED_FACE('',(#12377),#12370,.F.);
#12379=FILL_AREA_STYLE_COLOUR('',#26);
#12380=FILL_AREA_STYLE('',(#12379));
#12381=SURFACE_STYLE_FILL_AREA(#12380);
#12382=SURFACE_SIDE_STYLE('',(#12381));
#12383=SURFACE_STYLE_USAGE(.POSITIVE.,#12382);
#12384=PRESENTATION_STYLE_ASSIGNMENT((#12383));
#12385=STYLED_ITEM('',(#12384),#12378);
#12386=CARTESIAN_POINT('',(-3.233407919767E0,-3.35E0,2.662079749519E0));
#12387=DIRECTION('',(0.E0,0.E0,-1.E0));
#12388=DIRECTION('',(1.E0,0.E0,0.E0));
#12389=AXIS2_PLACEMENT_3D('',#12386,#12387,#12388);
#12390=PLANE('',#12389);
#12391=ORIENTED_EDGE('',*,*,#11359,.T.);
#12393=ORIENTED_EDGE('',*,*,#12392,.F.);
#12394=ORIENTED_EDGE('',*,*,#11631,.F.);
#12395=ORIENTED_EDGE('',*,*,#12372,.T.);
#12396=EDGE_LOOP('',(#12391,#12393,#12394,#12395));
#12397=FACE_OUTER_BOUND('',#12396,.F.);
#12398=ADVANCED_FACE('',(#12397),#12390,.F.);
#12399=FILL_AREA_STYLE_COLOUR('',#26);
#12400=FILL_AREA_STYLE('',(#12399));
#12401=SURFACE_STYLE_FILL_AREA(#12400);
#12402=SURFACE_SIDE_STYLE('',(#12401));
#12403=SURFACE_STYLE_USAGE(.POSITIVE.,#12402);
#12404=PRESENTATION_STYLE_ASSIGNMENT((#12403));
#12405=STYLED_ITEM('',(#12404),#12398);
#12406=CARTESIAN_POINT('',(-2.433407919767E0,-3.35E0,2.662079749519E0));
#12407=DIRECTION('',(1.E0,0.E0,0.E0));
#12408=DIRECTION('',(0.E0,0.E0,1.E0));
#12409=AXIS2_PLACEMENT_3D('',#12406,#12407,#12408);
#12410=PLANE('',#12409);
#12411=ORIENTED_EDGE('',*,*,#11357,.T.);
#12412=ORIENTED_EDGE('',*,*,#12354,.F.);
#12413=ORIENTED_EDGE('',*,*,#11633,.F.);
#12414=ORIENTED_EDGE('',*,*,#12392,.T.);
#12415=EDGE_LOOP('',(#12411,#12412,#12413,#12414));
#12416=FACE_OUTER_BOUND('',#12415,.F.);
#12417=ADVANCED_FACE('',(#12416),#12410,.F.);
#12418=FILL_AREA_STYLE_COLOUR('',#26);
#12419=FILL_AREA_STYLE('',(#12418));
#12420=SURFACE_STYLE_FILL_AREA(#12419);
#12421=SURFACE_SIDE_STYLE('',(#12420));
#12422=SURFACE_STYLE_USAGE(.POSITIVE.,#12421);
#12423=PRESENTATION_STYLE_ASSIGNMENT((#12422));
#12424=STYLED_ITEM('',(#12423),#12417);
#12425=CARTESIAN_POINT('',(-3.5E0,-2.823E0,-1.02E-2));
#12426=DIRECTION('',(1.E0,0.E0,0.E0));
#12427=DIRECTION('',(0.E0,1.E0,0.E0));
#12428=AXIS2_PLACEMENT_3D('',#12425,#12426,#12427);
#12429=CYLINDRICAL_SURFACE('',#12428,2.7E-2);
#12430=ORIENTED_EDGE('',*,*,#11519,.F.);
#12431=ORIENTED_EDGE('',*,*,#11325,.F.);
#12432=ORIENTED_EDGE('',*,*,#11448,.T.);
#12433=ORIENTED_EDGE('',*,*,#11498,.T.);
#12434=EDGE_LOOP('',(#12430,#12431,#12432,#12433));
#12435=FACE_OUTER_BOUND('',#12434,.F.);
#12436=ADVANCED_FACE('',(#12435),#12429,.F.);
#12437=FILL_AREA_STYLE_COLOUR('',#27);
#12438=FILL_AREA_STYLE('',(#12437));
#12439=SURFACE_STYLE_FILL_AREA(#12438);
#12440=SURFACE_SIDE_STYLE('',(#12439));
#12441=SURFACE_STYLE_USAGE(.POSITIVE.,#12440);
#12442=PRESENTATION_STYLE_ASSIGNMENT((#12441));
#12443=STYLED_ITEM('',(#12442),#12436);
#12444=CARTESIAN_POINT('',(4.5E0,0.E0,0.E0));
#12445=DIRECTION('',(-1.E0,0.E0,0.E0));
#12446=DIRECTION('',(0.E0,-1.E0,0.E0));
#12447=AXIS2_PLACEMENT_3D('',#12444,#12445,#12446);
#12448=PLANE('',#12447);
#12450=ORIENTED_EDGE('',*,*,#12449,.F.);
#12452=ORIENTED_EDGE('',*,*,#12451,.T.);
#12454=ORIENTED_EDGE('',*,*,#12453,.T.);
#12455=ORIENTED_EDGE('',*,*,#10879,.T.);
#12456=ORIENTED_EDGE('',*,*,#10659,.T.);
#12457=ORIENTED_EDGE('',*,*,#10554,.T.);
#12458=ORIENTED_EDGE('',*,*,#10476,.T.);
#12460=ORIENTED_EDGE('',*,*,#12459,.T.);
#12461=EDGE_LOOP('',(#12450,#12452,#12454,#12455,#12456,#12457,#12458,#12460));
#12462=FACE_OUTER_BOUND('',#12461,.F.);
#12463=ADVANCED_FACE('',(#12462),#12448,.F.);
#12464=FILL_AREA_STYLE_COLOUR('',#27);
#12465=FILL_AREA_STYLE('',(#12464));
#12466=SURFACE_STYLE_FILL_AREA(#12465);
#12467=SURFACE_SIDE_STYLE('',(#12466));
#12468=SURFACE_STYLE_USAGE(.POSITIVE.,#12467);
#12469=PRESENTATION_STYLE_ASSIGNMENT((#12468));
#12470=STYLED_ITEM('',(#12469),#12463);
#12471=CARTESIAN_POINT('',(4.E0,-1.208412E1,1.282721678141E1));
#12472=DIRECTION('',(0.E0,7.524861815493E-1,-6.586080371339E-1));
#12473=DIRECTION('',(-1.E0,0.E0,0.E0));
#12474=AXIS2_PLACEMENT_3D('',#12471,#12472,#12473);
#12475=CYLINDRICAL_SURFACE('',#12474,5.E-1);
#12477=ORIENTED_EDGE('',*,*,#12476,.T.);
#12478=ORIENTED_EDGE('',*,*,#10503,.F.);
#12480=ORIENTED_EDGE('',*,*,#12479,.T.);
#12481=ORIENTED_EDGE('',*,*,#12449,.T.);
#12482=EDGE_LOOP('',(#12477,#12478,#12480,#12481));
#12483=FACE_OUTER_BOUND('',#12482,.F.);
#12484=ADVANCED_FACE('',(#12483),#12475,.T.);
#12485=FILL_AREA_STYLE_COLOUR('',#27);
#12486=FILL_AREA_STYLE('',(#12485));
#12487=SURFACE_STYLE_FILL_AREA(#12486);
#12488=SURFACE_SIDE_STYLE('',(#12487));
#12489=SURFACE_STYLE_USAGE(.POSITIVE.,#12488);
#12490=PRESENTATION_STYLE_ASSIGNMENT((#12489));
#12491=STYLED_ITEM('',(#12490),#12484);
#12492=CARTESIAN_POINT('',(3.5E0,3.219560217676E0,-3.572864355696E-1));
#12493=DIRECTION('',(0.E0,7.524861815493E-1,-6.586080371339E-1));
#12494=DIRECTION('',(0.E0,-6.586080371339E-1,-7.524861815493E-1));
#12495=AXIS2_PLACEMENT_3D('',#12492,#12493,#12494);
#12496=PLANE('',#12495);
#12497=ORIENTED_EDGE('',*,*,#12476,.F.);
#12498=ORIENTED_EDGE('',*,*,#12459,.F.);
#12499=ORIENTED_EDGE('',*,*,#10474,.F.);
#12500=ORIENTED_EDGE('',*,*,#10505,.T.);
#12501=EDGE_LOOP('',(#12497,#12498,#12499,#12500));
#12502=FACE_OUTER_BOUND('',#12501,.F.);
#12503=ADVANCED_FACE('',(#12502),#12496,.T.);
#12504=FILL_AREA_STYLE_COLOUR('',#27);
#12505=FILL_AREA_STYLE('',(#12504));
#12506=SURFACE_STYLE_FILL_AREA(#12505);
#12507=SURFACE_SIDE_STYLE('',(#12506));
#12508=SURFACE_STYLE_USAGE(.POSITIVE.,#12507);
#12509=PRESENTATION_STYLE_ASSIGNMENT((#12508));
#12510=STYLED_ITEM('',(#12509),#12503);
#12511=CARTESIAN_POINT('',(3.5E0,2.409972594041E0,-5.230959814331E-1));
#12512=DIRECTION('',(0.E0,-7.524861815493E-1,6.586080371339E-1));
#12513=DIRECTION('',(0.E0,6.586080371339E-1,7.524861815493E-1));
#12514=AXIS2_PLACEMENT_3D('',#12511,#12512,#12513);
#12515=PLANE('',#12514);
#12516=ORIENTED_EDGE('',*,*,#12479,.F.);
#12517=ORIENTED_EDGE('',*,*,#10501,.T.);
#12519=ORIENTED_EDGE('',*,*,#12518,.T.);
#12520=ORIENTED_EDGE('',*,*,#12451,.F.);
#12521=EDGE_LOOP('',(#12516,#12517,#12519,#12520));
#12522=FACE_OUTER_BOUND('',#12521,.F.);
#12523=ADVANCED_FACE('',(#12522),#12515,.T.);
#12524=FILL_AREA_STYLE_COLOUR('',#27);
#12525=FILL_AREA_STYLE('',(#12524));
#12526=SURFACE_STYLE_FILL_AREA(#12525);
#12527=SURFACE_SIDE_STYLE('',(#12526));
#12528=SURFACE_STYLE_USAGE(.POSITIVE.,#12527);
#12529=PRESENTATION_STYLE_ASSIGNMENT((#12528));
#12530=STYLED_ITEM('',(#12529),#12523);
#12531=CARTESIAN_POINT('',(3.5E0,2.823E0,-1.02E-2));
#12532=DIRECTION('',(-1.E0,0.E0,0.E0));
#12533=DIRECTION('',(0.E0,-1.E0,0.E0));
#12534=AXIS2_PLACEMENT_3D('',#12531,#12532,#12533);
#12535=CYLINDRICAL_SURFACE('',#12534,2.7E-2);
#12536=ORIENTED_EDGE('',*,*,#10499,.T.);
#12537=ORIENTED_EDGE('',*,*,#10881,.T.);
#12538=ORIENTED_EDGE('',*,*,#12453,.F.);
#12539=ORIENTED_EDGE('',*,*,#12518,.F.);
#12540=EDGE_LOOP('',(#12536,#12537,#12538,#12539));
#12541=FACE_OUTER_BOUND('',#12540,.F.);
#12542=ADVANCED_FACE('',(#12541),#12535,.F.);
#12543=FILL_AREA_STYLE_COLOUR('',#27);
#12544=FILL_AREA_STYLE('',(#12543));
#12545=SURFACE_STYLE_FILL_AREA(#12544);
#12546=SURFACE_SIDE_STYLE('',(#12545));
#12547=SURFACE_STYLE_USAGE(.POSITIVE.,#12546);
#12548=PRESENTATION_STYLE_ASSIGNMENT((#12547));
#12549=STYLED_ITEM('',(#12548),#12542);
#12550=CARTESIAN_POINT('',(6.7006E0,3.35E0,4.7745E0));
#12551=DIRECTION('',(1.E0,0.E0,0.E0));
#12552=DIRECTION('',(0.E0,0.E0,-1.E0));
#12553=AXIS2_PLACEMENT_3D('',#12550,#12551,#12552);
#12554=PLANE('',#12553);
#12555=ORIENTED_EDGE('',*,*,#10885,.T.);
#12557=ORIENTED_EDGE('',*,*,#12556,.F.);
#12558=ORIENTED_EDGE('',*,*,#10594,.F.);
#12560=ORIENTED_EDGE('',*,*,#12559,.T.);
#12561=EDGE_LOOP('',(#12555,#12557,#12558,#12560));
#12562=FACE_OUTER_BOUND('',#12561,.F.);
#12563=ADVANCED_FACE('',(#12562),#12554,.F.);
#12564=FILL_AREA_STYLE_COLOUR('',#26);
#12565=FILL_AREA_STYLE('',(#12564));
#12566=SURFACE_STYLE_FILL_AREA(#12565);
#12567=SURFACE_SIDE_STYLE('',(#12566));
#12568=SURFACE_STYLE_USAGE(.POSITIVE.,#12567);
#12569=PRESENTATION_STYLE_ASSIGNMENT((#12568));
#12570=STYLED_ITEM('',(#12569),#12563);
#12571=CARTESIAN_POINT('',(6.7006E0,3.35E0,2.741E0));
#12572=DIRECTION('',(0.E0,0.E0,-1.E0));
#12573=DIRECTION('',(-1.E0,0.E0,0.E0));
#12574=AXIS2_PLACEMENT_3D('',#12571,#12572,#12573);
#12575=PLANE('',#12574);
#12576=ORIENTED_EDGE('',*,*,#10891,.T.);
#12578=ORIENTED_EDGE('',*,*,#12577,.F.);
#12579=ORIENTED_EDGE('',*,*,#10596,.F.);
#12580=ORIENTED_EDGE('',*,*,#12556,.T.);
#12581=EDGE_LOOP('',(#12576,#12578,#12579,#12580));
#12582=FACE_OUTER_BOUND('',#12581,.F.);
#12583=ADVANCED_FACE('',(#12582),#12575,.F.);
#12584=FILL_AREA_STYLE_COLOUR('',#26);
#12585=FILL_AREA_STYLE('',(#12584));
#12586=SURFACE_STYLE_FILL_AREA(#12585);
#12587=SURFACE_SIDE_STYLE('',(#12586));
#12588=SURFACE_STYLE_USAGE(.POSITIVE.,#12587);
#12589=PRESENTATION_STYLE_ASSIGNMENT((#12588));
#12590=STYLED_ITEM('',(#12589),#12583);
#12591=CARTESIAN_POINT('',(5.9006E0,3.35E0,2.741E0));
#12592=DIRECTION('',(-1.E0,0.E0,0.E0));
#12593=DIRECTION('',(0.E0,0.E0,1.E0));
#12594=AXIS2_PLACEMENT_3D('',#12591,#12592,#12593);
#12595=PLANE('',#12594);
#12596=ORIENTED_EDGE('',*,*,#10889,.T.);
#12598=ORIENTED_EDGE('',*,*,#12597,.F.);
#12599=ORIENTED_EDGE('',*,*,#10598,.F.);
#12600=ORIENTED_EDGE('',*,*,#12577,.T.);
#12601=EDGE_LOOP('',(#12596,#12598,#12599,#12600));
#12602=FACE_OUTER_BOUND('',#12601,.F.);
#12603=ADVANCED_FACE('',(#12602),#12595,.F.);
#12604=FILL_AREA_STYLE_COLOUR('',#26);
#12605=FILL_AREA_STYLE('',(#12604));
#12606=SURFACE_STYLE_FILL_AREA(#12605);
#12607=SURFACE_SIDE_STYLE('',(#12606));
#12608=SURFACE_STYLE_USAGE(.POSITIVE.,#12607);
#12609=PRESENTATION_STYLE_ASSIGNMENT((#12608));
#12610=STYLED_ITEM('',(#12609),#12603);
#12611=CARTESIAN_POINT('',(5.9006E0,3.35E0,4.7745E0));
#12612=DIRECTION('',(0.E0,0.E0,1.E0));
#12613=DIRECTION('',(1.E0,0.E0,0.E0));
#12614=AXIS2_PLACEMENT_3D('',#12611,#12612,#12613);
#12615=PLANE('',#12614);
#12616=ORIENTED_EDGE('',*,*,#10887,.T.);
#12617=ORIENTED_EDGE('',*,*,#12559,.F.);
#12618=ORIENTED_EDGE('',*,*,#10600,.F.);
#12619=ORIENTED_EDGE('',*,*,#12597,.T.);
#12620=EDGE_LOOP('',(#12616,#12617,#12618,#12619));
#12621=FACE_OUTER_BOUND('',#12620,.F.);
#12622=ADVANCED_FACE('',(#12621),#12615,.F.);
#12623=FILL_AREA_STYLE_COLOUR('',#26);
#12624=FILL_AREA_STYLE('',(#12623));
#12625=SURFACE_STYLE_FILL_AREA(#12624);
#12626=SURFACE_SIDE_STYLE('',(#12625));
#12627=SURFACE_STYLE_USAGE(.POSITIVE.,#12626);
#12628=PRESENTATION_STYLE_ASSIGNMENT((#12627));
#12629=STYLED_ITEM('',(#12628),#12622);
#12630=CARTESIAN_POINT('',(5.1492E0,3.35E0,4.8015E0));
#12631=DIRECTION('',(1.E0,0.E0,0.E0));
#12632=DIRECTION('',(0.E0,0.E0,-1.E0));
#12633=AXIS2_PLACEMENT_3D('',#12630,#12631,#12632);
#12634=PLANE('',#12633);
#12635=ORIENTED_EDGE('',*,*,#10895,.T.);
#12637=ORIENTED_EDGE('',*,*,#12636,.F.);
#12638=ORIENTED_EDGE('',*,*,#10604,.F.);
#12640=ORIENTED_EDGE('',*,*,#12639,.T.);
#12641=EDGE_LOOP('',(#12635,#12637,#12638,#12640));
#12642=FACE_OUTER_BOUND('',#12641,.F.);
#12643=ADVANCED_FACE('',(#12642),#12634,.F.);
#12644=FILL_AREA_STYLE_COLOUR('',#26);
#12645=FILL_AREA_STYLE('',(#12644));
#12646=SURFACE_STYLE_FILL_AREA(#12645);
#12647=SURFACE_SIDE_STYLE('',(#12646));
#12648=SURFACE_STYLE_USAGE(.POSITIVE.,#12647);
#12649=PRESENTATION_STYLE_ASSIGNMENT((#12648));
#12650=STYLED_ITEM('',(#12649),#12643);
#12651=CARTESIAN_POINT('',(5.1492E0,3.35E0,2.7477E0));
#12652=DIRECTION('',(0.E0,0.E0,-1.E0));
#12653=DIRECTION('',(-1.E0,0.E0,0.E0));
#12654=AXIS2_PLACEMENT_3D('',#12651,#12652,#12653);
#12655=PLANE('',#12654);
#12656=ORIENTED_EDGE('',*,*,#10901,.T.);
#12658=ORIENTED_EDGE('',*,*,#12657,.F.);
#12659=ORIENTED_EDGE('',*,*,#10606,.F.);
#12660=ORIENTED_EDGE('',*,*,#12636,.T.);
#12661=EDGE_LOOP('',(#12656,#12658,#12659,#12660));
#12662=FACE_OUTER_BOUND('',#12661,.F.);
#12663=ADVANCED_FACE('',(#12662),#12655,.F.);
#12664=FILL_AREA_STYLE_COLOUR('',#26);
#12665=FILL_AREA_STYLE('',(#12664));
#12666=SURFACE_STYLE_FILL_AREA(#12665);
#12667=SURFACE_SIDE_STYLE('',(#12666));
#12668=SURFACE_STYLE_USAGE(.POSITIVE.,#12667);
#12669=PRESENTATION_STYLE_ASSIGNMENT((#12668));
#12670=STYLED_ITEM('',(#12669),#12663);
#12671=CARTESIAN_POINT('',(3.9357E0,3.35E0,2.7477E0));
#12672=DIRECTION('',(-1.E0,0.E0,0.E0));
#12673=DIRECTION('',(0.E0,0.E0,1.E0));
#12674=AXIS2_PLACEMENT_3D('',#12671,#12672,#12673);
#12675=PLANE('',#12674);
#12676=ORIENTED_EDGE('',*,*,#10899,.T.);
#12678=ORIENTED_EDGE('',*,*,#12677,.F.);
#12679=ORIENTED_EDGE('',*,*,#10608,.F.);
#12680=ORIENTED_EDGE('',*,*,#12657,.T.);
#12681=EDGE_LOOP('',(#12676,#12678,#12679,#12680));
#12682=FACE_OUTER_BOUND('',#12681,.F.);
#12683=ADVANCED_FACE('',(#12682),#12675,.F.);
#12684=FILL_AREA_STYLE_COLOUR('',#26);
#12685=FILL_AREA_STYLE('',(#12684));
#12686=SURFACE_STYLE_FILL_AREA(#12685);
#12687=SURFACE_SIDE_STYLE('',(#12686));
#12688=SURFACE_STYLE_USAGE(.POSITIVE.,#12687);
#12689=PRESENTATION_STYLE_ASSIGNMENT((#12688));
#12690=STYLED_ITEM('',(#12689),#12683);
#12691=CARTESIAN_POINT('',(3.9357E0,3.35E0,4.8015E0));
#12692=DIRECTION('',(0.E0,0.E0,1.E0));
#12693=DIRECTION('',(1.E0,0.E0,0.E0));
#12694=AXIS2_PLACEMENT_3D('',#12691,#12692,#12693);
#12695=PLANE('',#12694);
#12696=ORIENTED_EDGE('',*,*,#10897,.T.);
#12697=ORIENTED_EDGE('',*,*,#12639,.F.);
#12698=ORIENTED_EDGE('',*,*,#10610,.F.);
#12699=ORIENTED_EDGE('',*,*,#12677,.T.);
#12700=EDGE_LOOP('',(#12696,#12697,#12698,#12699));
#12701=FACE_OUTER_BOUND('',#12700,.F.);
#12702=ADVANCED_FACE('',(#12701),#12695,.F.);
#12703=FILL_AREA_STYLE_COLOUR('',#26);
#12704=FILL_AREA_STYLE('',(#12703));
#12705=SURFACE_STYLE_FILL_AREA(#12704);
#12706=SURFACE_SIDE_STYLE('',(#12705));
#12707=SURFACE_STYLE_USAGE(.POSITIVE.,#12706);
#12708=PRESENTATION_STYLE_ASSIGNMENT((#12707));
#12709=STYLED_ITEM('',(#12708),#12702);
#12710=CARTESIAN_POINT('',(3.2888E0,3.35E0,4.7745E0));
#12711=DIRECTION('',(1.E0,0.E0,0.E0));
#12712=DIRECTION('',(0.E0,0.E0,-1.E0));
#12713=AXIS2_PLACEMENT_3D('',#12710,#12711,#12712);
#12714=PLANE('',#12713);
#12715=ORIENTED_EDGE('',*,*,#10905,.T.);
#12717=ORIENTED_EDGE('',*,*,#12716,.F.);
#12718=ORIENTED_EDGE('',*,*,#10614,.F.);
#12720=ORIENTED_EDGE('',*,*,#12719,.T.);
#12721=EDGE_LOOP('',(#12715,#12717,#12718,#12720));
#12722=FACE_OUTER_BOUND('',#12721,.F.);
#12723=ADVANCED_FACE('',(#12722),#12714,.F.);
#12724=FILL_AREA_STYLE_COLOUR('',#26);
#12725=FILL_AREA_STYLE('',(#12724));
#12726=SURFACE_STYLE_FILL_AREA(#12725);
#12727=SURFACE_SIDE_STYLE('',(#12726));
#12728=SURFACE_STYLE_USAGE(.POSITIVE.,#12727);
#12729=PRESENTATION_STYLE_ASSIGNMENT((#12728));
#12730=STYLED_ITEM('',(#12729),#12723);
#12731=CARTESIAN_POINT('',(3.2888E0,3.35E0,2.741E0));
#12732=DIRECTION('',(0.E0,0.E0,-1.E0));
#12733=DIRECTION('',(-1.E0,0.E0,0.E0));
#12734=AXIS2_PLACEMENT_3D('',#12731,#12732,#12733);
#12735=PLANE('',#12734);
#12736=ORIENTED_EDGE('',*,*,#10911,.T.);
#12738=ORIENTED_EDGE('',*,*,#12737,.F.);
#12739=ORIENTED_EDGE('',*,*,#10616,.F.);
#12740=ORIENTED_EDGE('',*,*,#12716,.T.);
#12741=EDGE_LOOP('',(#12736,#12738,#12739,#12740));
#12742=FACE_OUTER_BOUND('',#12741,.F.);
#12743=ADVANCED_FACE('',(#12742),#12735,.F.);
#12744=FILL_AREA_STYLE_COLOUR('',#26);
#12745=FILL_AREA_STYLE('',(#12744));
#12746=SURFACE_STYLE_FILL_AREA(#12745);
#12747=SURFACE_SIDE_STYLE('',(#12746));
#12748=SURFACE_STYLE_USAGE(.POSITIVE.,#12747);
#12749=PRESENTATION_STYLE_ASSIGNMENT((#12748));
#12750=STYLED_ITEM('',(#12749),#12743);
#12751=CARTESIAN_POINT('',(2.4888E0,3.35E0,2.741E0));
#12752=DIRECTION('',(-1.E0,0.E0,0.E0));
#12753=DIRECTION('',(0.E0,0.E0,1.E0));
#12754=AXIS2_PLACEMENT_3D('',#12751,#12752,#12753);
#12755=PLANE('',#12754);
#12756=ORIENTED_EDGE('',*,*,#10909,.T.);
#12758=ORIENTED_EDGE('',*,*,#12757,.F.);
#12759=ORIENTED_EDGE('',*,*,#10618,.F.);
#12760=ORIENTED_EDGE('',*,*,#12737,.T.);
#12761=EDGE_LOOP('',(#12756,#12758,#12759,#12760));
#12762=FACE_OUTER_BOUND('',#12761,.F.);
#12763=ADVANCED_FACE('',(#12762),#12755,.F.);
#12764=FILL_AREA_STYLE_COLOUR('',#26);
#12765=FILL_AREA_STYLE('',(#12764));
#12766=SURFACE_STYLE_FILL_AREA(#12765);
#12767=SURFACE_SIDE_STYLE('',(#12766));
#12768=SURFACE_STYLE_USAGE(.POSITIVE.,#12767);
#12769=PRESENTATION_STYLE_ASSIGNMENT((#12768));
#12770=STYLED_ITEM('',(#12769),#12763);
#12771=CARTESIAN_POINT('',(2.4888E0,3.35E0,4.7745E0));
#12772=DIRECTION('',(0.E0,0.E0,1.E0));
#12773=DIRECTION('',(1.E0,0.E0,0.E0));
#12774=AXIS2_PLACEMENT_3D('',#12771,#12772,#12773);
#12775=PLANE('',#12774);
#12776=ORIENTED_EDGE('',*,*,#10907,.T.);
#12777=ORIENTED_EDGE('',*,*,#12719,.F.);
#12778=ORIENTED_EDGE('',*,*,#10620,.F.);
#12779=ORIENTED_EDGE('',*,*,#12757,.T.);
#12780=EDGE_LOOP('',(#12776,#12777,#12778,#12779));
#12781=FACE_OUTER_BOUND('',#12780,.F.);
#12782=ADVANCED_FACE('',(#12781),#12775,.F.);
#12783=FILL_AREA_STYLE_COLOUR('',#26);
#12784=FILL_AREA_STYLE('',(#12783));
#12785=SURFACE_STYLE_FILL_AREA(#12784);
#12786=SURFACE_SIDE_STYLE('',(#12785));
#12787=SURFACE_STYLE_USAGE(.POSITIVE.,#12786);
#12788=PRESENTATION_STYLE_ASSIGNMENT((#12787));
#12789=STYLED_ITEM('',(#12788),#12782);
#12790=CARTESIAN_POINT('',(-3.5E0,2.823E0,-1.02E-2));
#12791=DIRECTION('',(-1.E0,0.E0,0.E0));
#12792=DIRECTION('',(0.E0,-1.E0,0.E0));
#12793=AXIS2_PLACEMENT_3D('',#12790,#12791,#12792);
#12794=CYLINDRICAL_SURFACE('',#12793,5.27E-1);
#12795=ORIENTED_EDGE('',*,*,#10799,.F.);
#12796=ORIENTED_EDGE('',*,*,#10584,.T.);
#12797=ORIENTED_EDGE('',*,*,#10707,.T.);
#12799=ORIENTED_EDGE('',*,*,#12798,.F.);
#12800=EDGE_LOOP('',(#12795,#12796,#12797,#12799));
#12801=FACE_OUTER_BOUND('',#12800,.F.);
#12802=ADVANCED_FACE('',(#12801),#12794,.T.);
#12803=FILL_AREA_STYLE_COLOUR('',#27);
#12804=FILL_AREA_STYLE('',(#12803));
#12805=SURFACE_STYLE_FILL_AREA(#12804);
#12806=SURFACE_SIDE_STYLE('',(#12805));
#12807=SURFACE_STYLE_USAGE(.POSITIVE.,#12806);
#12808=PRESENTATION_STYLE_ASSIGNMENT((#12807));
#12809=STYLED_ITEM('',(#12808),#12802);
#12810=CARTESIAN_POINT('',(-3.5E0,3.219560217676E0,-3.572864355696E-1));
#12811=DIRECTION('',(0.E0,-7.524861815493E-1,6.586080371339E-1));
#12812=DIRECTION('',(0.E0,-6.586080371339E-1,-7.524861815493E-1));
#12813=AXIS2_PLACEMENT_3D('',#12810,#12811,#12812);
#12814=PLANE('',#12813);
#12815=ORIENTED_EDGE('',*,*,#10736,.F.);
#12816=ORIENTED_EDGE('',*,*,#10801,.F.);
#12817=ORIENTED_EDGE('',*,*,#12798,.T.);
#12818=ORIENTED_EDGE('',*,*,#10705,.T.);
#12819=EDGE_LOOP('',(#12815,#12816,#12817,#12818));
#12820=FACE_OUTER_BOUND('',#12819,.F.);
#12821=ADVANCED_FACE('',(#12820),#12814,.F.);
#12822=FILL_AREA_STYLE_COLOUR('',#27);
#12823=FILL_AREA_STYLE('',(#12822));
#12824=SURFACE_STYLE_FILL_AREA(#12823);
#12825=SURFACE_SIDE_STYLE('',(#12824));
#12826=SURFACE_STYLE_USAGE(.POSITIVE.,#12825);
#12827=PRESENTATION_STYLE_ASSIGNMENT((#12826));
#12828=STYLED_ITEM('',(#12827),#12821);
#12829=CLOSED_SHELL('',(#10482,#10512,#10534,#10624,#10646,#10668,#10690,#10719,
#10741,#10762,#10783,#10810,#10831,#10915,#10934,#10953,#10973,#10993,#11013,
#11033,#11069,#11090,#11126,#11146,#11166,#11186,#11205,#11225,#11255,#11275,
#11365,#11387,#11409,#11431,#11460,#11482,#11503,#11531,#11552,#11637,#11666,
#11686,#11705,#11726,#11753,#11774,#11794,#11813,#11832,#11851,#11871,#11890,
#11910,#11930,#11950,#11969,#11989,#12018,#12039,#12059,#12079,#12098,#12118,
#12138,#12158,#12177,#12198,#12218,#12238,#12257,#12278,#12298,#12318,#12337,
#12358,#12378,#12398,#12417,#12436,#12463,#12484,#12503,#12523,#12542,#12563,
#12583,#12603,#12622,#12643,#12663,#12683,#12702,#12723,#12743,#12763,#12782,
#12802,#12821));
#12830=MANIFOLD_SOLID_BREP('',#12829);
#12832=DIMENSIONAL_EXPONENTS(0.E0,0.E0,0.E0,0.E0,0.E0,0.E0,0.E0);
#12834=PLANE_ANGLE_MEASURE_WITH_UNIT(PLANE_ANGLE_MEASURE(1.745329251994E-2),
#12833);
#12835=(CONVERSION_BASED_UNIT('DEGREE',#12834)NAMED_UNIT(*)PLANE_ANGLE_UNIT());
#12837=UNCERTAINTY_MEASURE_WITH_UNIT(LENGTH_MEASURE(2.609761502302E-3),#12831,
'closure',
'Maximum model space distance between geometric entities at asserted connectivities');
#12838=(GEOMETRIC_REPRESENTATION_CONTEXT(3)GLOBAL_UNCERTAINTY_ASSIGNED_CONTEXT((
#12837))GLOBAL_UNIT_ASSIGNED_CONTEXT((#12831,#12835,#12836))REPRESENTATION_CONTEXT('ID1','3'));
#12840=MECHANICAL_DESIGN_GEOMETRIC_PRESENTATION_REPRESENTATION('',(#3470,#3810,
#3849,#3870,#3892,#3913,#3934,#3955,#3976,#3998,#4073,#4093,#4113,#4133,#4153,
#4173,#4193,#4214,#4235,#4255,#4275,#4294,#4314,#4334,#4353,#4373,#4393,#4413,
#4433,#4452,#4472,#4492,#4511,#4533,#4554,#4575,#4595,#4624,#4646,#4668,#4706,
#4728,#4765,#4785,#4805,#4825,#4845,#4864,#4884,#4904,#4924,#4943,#4973,#4995,
#5024,#5044,#5065,#5085,#5104,#5123,#5142,#5172,#5194,#5223,#5243,#5263,#5284,
#5303,#5322,#5341,#5371,#5393,#5422,#5442,#5462,#5483,#5502,#5521,#5540,#5562,
#5585,#5607,#5628,#5648,#5668,#5687,#5707,#5727,#5746,#5776,#5798,#5827,#5847,
#5867,#5888,#5907,#5926,#5945,#5975,#5997,#6026,#6046,#6066,#6087,#6106,#6125,
#6144,#6174,#6196,#6225,#6245,#6265,#6286,#6305,#6324,#6343,#6373,#6395,#6424,
#6444,#6464,#6485,#6504,#6523,#6542,#6572,#6594,#6623,#6643,#6663,#6684,#6703,
#6722,#6741,#6763,#6784,#6805,#6826,#6847,#6867,#6888,#6982,#7021,#7090,#7129,
#7150,#7170,#7190,#7210,#7230,#7250,#7270,#7290,#7310,#7330,#7350,#7370,#7390,
#7410,#7430,#7450,#7470,#7490,#7509,#7529,#7549,#7569,#7589,#7609,#7629,#7649,
#7669,#7689,#7709,#7729,#7749,#7769,#7789,#7809,#7829,#7849,#7869,#7889,#7908,
#7929,#7949,#7969,#7989,#8009,#8029,#8049,#8069,#8089,#8109,#8129,#8148,#8169,
#8189,#8209,#8229,#8249,#8269,#8289,#8309,#8329,#8349,#8369,#8389,#8409,#8428,
#8449,#8469,#8489,#8509,#8529,#8549,#8569,#8589,#8609,#8629,#8649,#8668,#8689,
#8709,#8729,#8749,#8769,#8789,#8809,#8828,#8849,#8869,#8888,#10489,#10519,
#10541,#10631,#10653,#10675,#10697,#10726,#10748,#10769,#10790,#10817,#10838,
#10922,#10941,#10960,#10980,#11000,#11020,#11040,#11076,#11097,#11133,#11153,
#11173,#11193,#11212,#11232,#11262,#11282,#11372,#11394,#11416,#11438,#11467,
#11489,#11510,#11538,#11559,#11644,#11673,#11693,#11712,#11733,#11760,#11781,
#11801,#11820,#11839,#11858,#11878,#11897,#11917,#11937,#11957,#11976,#11996,
#12025,#12046,#12066,#12086,#12105,#12125,#12145,#12165,#12184,#12205,#12225,
#12245,#12264,#12285,#12305,#12325,#12344,#12365,#12385,#12405,#12424,#12443,
#12470,#12491,#12510,#12530,#12549,#12570,#12590,#12610,#12629,#12650,#12670,
#12690,#12709,#12730,#12750,#12770,#12789,#12809,#12828),#12838);
#12841=APPLICATION_CONTEXT(
'CONFIGURATION CONTROLLED 3D DESIGNS OF MECHANICAL PARTS AND ASSEMBLIES');
#12842=APPLICATION_PROTOCOL_DEFINITION('international standard',
'ccd_cla_gvp_ast_asd',1995,#12841);
#12843=DESIGN_CONTEXT('',#12841,'design');
#12844=MECHANICAL_CONTEXT('',#12841,'mechanical');
#12845=PRODUCT('397','397','NOT SPECIFIED',(#12844));
#12846=PRODUCT_DEFINITION_FORMATION_WITH_SPECIFIED_SOURCE('1','LAST_VERSION',
#12845,.MADE.);
#12854=DERIVED_UNIT_ELEMENT(#12853,2.E0);
#12855=DERIVED_UNIT((#12854));
#12856=MEASURE_REPRESENTATION_ITEM('surface area measure',AREA_MEASURE(
1.203196620175E3),#12855);
#12861=DERIVED_UNIT_ELEMENT(#12860,3.E0);
#12862=DERIVED_UNIT((#12861));
#12863=MEASURE_REPRESENTATION_ITEM('volume measure',VOLUME_MEASURE(
5.291002592018E2),#12862);
#12867=CARTESIAN_POINT('centre point',(-1.192988255537E0,6.378585878019E-7,
3.721884853331E0));
#12872=DERIVED_UNIT_ELEMENT(#12871,2.E0);
#12873=DERIVED_UNIT((#12872));
#12874=MEASURE_REPRESENTATION_ITEM('surface area measure',AREA_MEASURE(
1.203196620175E3),#12873);
#12879=DERIVED_UNIT_ELEMENT(#12878,3.E0);
#12880=DERIVED_UNIT((#12879));
#12881=MEASURE_REPRESENTATION_ITEM('volume measure',VOLUME_MEASURE(
5.291002592018E2),#12880);
#12885=CARTESIAN_POINT('centre point',(-1.192988255537E0,6.378585878019E-7,
3.721884853331E0));
#12890=PRODUCT_CATEGORY('part','');
#12891=PRODUCT_RELATED_PRODUCT_CATEGORY('detail','',(#12845));
#12892=PRODUCT_CATEGORY_RELATIONSHIP('','',#12890,#12891);
#12893=SECURITY_CLASSIFICATION_LEVEL('unclassified');
#12894=SECURITY_CLASSIFICATION('','',#12893);
#12895=CC_DESIGN_SECURITY_CLASSIFICATION(#12894,(#12846));
#12896=APPROVAL_STATUS('approved');
#12897=APPROVAL(#12896,'');
#12898=CC_DESIGN_APPROVAL(#12897,(#12894,#12846,#12847));
#12899=CALENDAR_DATE(121,8,10);
#12900=COORDINATED_UNIVERSAL_TIME_OFFSET(8,0,.AHEAD.);
#12901=LOCAL_TIME(23,41,1.E0,#12900);
#12902=DATE_AND_TIME(#12899,#12901);
#12903=APPROVAL_DATE_TIME(#12902,#12897);
#12904=DATE_TIME_ROLE('creation_date');
#12905=CC_DESIGN_DATE_AND_TIME_ASSIGNMENT(#12902,#12904,(#12847));
#12906=DATE_TIME_ROLE('classification_date');
#12907=CC_DESIGN_DATE_AND_TIME_ASSIGNMENT(#12902,#12906,(#12894));
#12908=PERSON('UNSPECIFIED','UNSPECIFIED',$,$,$,$);
#12909=ORGANIZATION('UNSPECIFIED','UNSPECIFIED','UNSPECIFIED');
#12910=PERSON_AND_ORGANIZATION(#12908,#12909);
#12911=APPROVAL_ROLE('approver');
#12912=APPROVAL_PERSON_ORGANIZATION(#12910,#12897,#12911);
#12913=PERSON_AND_ORGANIZATION_ROLE('creator');
#12914=CC_DESIGN_PERSON_AND_ORGANIZATION_ASSIGNMENT(#12910,#12913,(#12846,
#12847));
#12915=PERSON_AND_ORGANIZATION_ROLE('design_supplier');
#12916=CC_DESIGN_PERSON_AND_ORGANIZATION_ASSIGNMENT(#12910,#12915,(#12846));
#12917=PERSON_AND_ORGANIZATION_ROLE('classification_officer');
#12918=CC_DESIGN_PERSON_AND_ORGANIZATION_ASSIGNMENT(#12910,#12917,(#12894));
#12919=PERSON_AND_ORGANIZATION_ROLE('design_owner');
#12920=CC_DESIGN_PERSON_AND_ORGANIZATION_ASSIGNMENT(#12910,#12919,(#12845));
#1=DRAUGHTING_PRE_DEFINED_COLOUR('green');
#2=COLOUR_RGB('',1.1E-2,1.2E-2,1.E0);
#3=COLOUR_RGB('',2.15686E-1,5.18041E-1,1.E0);
#4=COLOUR_RGB('',2.36993E-1,1.E0,6.49617E-1);
#5=COLOUR_RGB('',2.57282E-1,2.57282E-1,2.57282E-1);
#6=COLOUR_RGB('',2.60765E-1,3.42788E-1,8.64078E-1);
#7=COLOUR_RGB('',2.69953E-1,7.31256E-1,1.E0);
#8=COLOUR_RGB('',3.34677E-1,8.15534E-1,4.38691E-1);
#9=COLOUR_RGB('',3.43194E-1,8.15534E-1,5.48197E-1);
#10=COLOUR_RGB('',4.1E-1,2.61589E-1,1.12848E-1);
#11=COLOUR_RGB('',4.46095E-1,1.E0,3.94692E-1);
#12=COLOUR_RGB('',4.51243E-1,1.E0,6.21554E-1);
#13=COLOUR_RGB('',5.45098E-1,2.62745E-1,1.76471E-1);
#14=COLOUR_RGB('',6.31068E-1,5.73064E-1,5.17491E-1);
#15=COLOUR_RGB('',6.35294E-1,6.86275E-1,7.4902E-1);
#16=COLOUR_RGB('',6.40777E-1,6.40777E-1,6.40777E-1);
#17=COLOUR_RGB('',6.69062E-1,6.69903E-1,6.55217E-1);
#18=COLOUR_RGB('',6.86275E-1,4.07471E-1,2.42725E-1);
#19=COLOUR_RGB('',6.86275E-1,5.35447E-1,4.36243E-1);
#20=COLOUR_RGB('',6.8932E-1,1.934E-1,1.61111E-1);
#21=COLOUR_RGB('',6.94175E-1,1.01459E-1,1.27464E-1);
#22=COLOUR_RGB('',7.475728155340E-1,7.475728155340E-1,7.475728155340E-1);
#23=COLOUR_RGB('',7.82797E-1,8.00971E-1,7.18987E-1);
#24=COLOUR_RGB('',7.96078E-1,8.1E-1,9.41176E-1);
#25=COLOUR_RGB('',8.03922E-1,4.98039E-1,1.96078E-1);
#26=COLOUR_RGB('',8.15534E-1,8.15534E-1,8.15534E-1);
#27=COLOUR_RGB('',8.15534E-1,8.15534E-1,8.15534E-1);
#28=COLOUR_RGB('',8.5098E-1,8.07843E-1,7.37255E-1);
#29=COLOUR_RGB('',8.5098E-1,8.07843E-1,7.7E-1);
#30=COLOUR_RGB('',8.640563099076E-1,8.640563099076E-1,8.640776699029E-1);
#31=COLOUR_RGB('',8.73786E-1,8.73278E-1,7.54776E-1);
#32=COLOUR_RGB('',8.83495E-1,8.E-1,7.4E-1);
#33=COLOUR_RGB('',8.82353E-1,8.82353E-1,8.82353E-1);
#34=COLOUR_RGB('',8.8835E-1,7.49609E-1,6.19346E-1);
#35=COLOUR_RGB('',1.E0,2.99729E-1,5.3274E-2);
#36=COLOUR_RGB('',1.E0,6.48135E-1,4.66429E-1);
#37=DRAUGHTING_PRE_DEFINED_COLOUR('yellow');
#38=COLOUR_RGB('',1.E0,1.E0,5.3E-1);
#39=DRAUGHTING_PRE_DEFINED_COLOUR('white');
#1048=CIRCLE('',#1047,2.5E-1);
#1065=CIRCLE('',#1064,2.5E-1);
#1138=CIRCLE('',#1137,2.5E-1);
#1155=CIRCLE('',#1154,2.5E-1);
#1228=CIRCLE('',#1227,2.5E-1);
#1245=CIRCLE('',#1244,2.5E-1);
#1398=CIRCLE('',#1397,2.5E-1);
#1415=CIRCLE('',#1414,2.5E-1);
#1488=CIRCLE('',#1487,2.5E-1);
#1505=CIRCLE('',#1504,2.5E-1);
#1578=CIRCLE('',#1577,2.5E-1);
#1595=CIRCLE('',#1594,2.5E-1);
#1668=CIRCLE('',#1667,2.5E-1);
#1685=CIRCLE('',#1684,2.5E-1);
#1758=CIRCLE('',#1757,2.5E-1);
#1775=CIRCLE('',#1774,2.5E-1);
#3453=EDGE_CURVE('',#3005,#3007,#347,.T.);
#3455=EDGE_CURVE('',#3005,#2815,#43,.T.);
#3457=EDGE_CURVE('',#2815,#2817,#1971,.T.);
#3459=EDGE_CURVE('',#3007,#2817,#2323,.T.);
#3476=EDGE_CURVE('',#2602,#2603,#47,.T.);
#3478=EDGE_CURVE('',#2602,#2623,#51,.T.);
#3480=EDGE_CURVE('',#2623,#2621,#55,.T.);
#3482=EDGE_CURVE('',#2619,#2621,#59,.T.);
#3484=EDGE_CURVE('',#2618,#2619,#63,.T.);
#3486=EDGE_CURVE('',#2618,#2667,#67,.T.);
#3488=EDGE_CURVE('',#2667,#2695,#71,.T.);
#3490=EDGE_CURVE('',#2694,#2695,#75,.T.);
#3492=EDGE_CURVE('',#2694,#2691,#79,.T.);
#3494=EDGE_CURVE('',#2691,#2689,#83,.T.);
#3496=EDGE_CURVE('',#2669,#2689,#87,.T.);
#3498=EDGE_CURVE('',#2669,#2631,#91,.T.);
#3500=EDGE_CURVE('',#2631,#2629,#95,.T.);
#3502=EDGE_CURVE('',#2627,#2629,#99,.T.);
#3504=EDGE_CURVE('',#2626,#2627,#103,.T.);
#3506=EDGE_CURVE('',#2626,#2615,#107,.T.);
#3508=EDGE_CURVE('',#2615,#2613,#111,.T.);
#3510=EDGE_CURVE('',#2611,#2613,#115,.T.);
#3512=EDGE_CURVE('',#2610,#2611,#119,.T.);
#3514=EDGE_CURVE('',#2610,#2671,#123,.T.);
#3516=EDGE_CURVE('',#2671,#2683,#127,.T.);
#3518=EDGE_CURVE('',#2682,#2683,#131,.T.);
#3520=EDGE_CURVE('',#2682,#2687,#135,.T.);
#3522=EDGE_CURVE('',#2687,#2685,#139,.T.);
#3524=EDGE_CURVE('',#2665,#2685,#143,.T.);
#3526=EDGE_CURVE('',#2665,#2607,#147,.T.);
#3528=EDGE_CURVE('',#2607,#2605,#151,.T.);
#3530=EDGE_CURVE('',#2603,#2605,#155,.T.);
#3534=EDGE_CURVE('',#2722,#2727,#1052,.T.);
#3536=EDGE_CURVE('',#2722,#2723,#159,.T.);
#3538=EDGE_CURVE('',#2726,#2723,#1069,.T.);
#3540=EDGE_CURVE('',#2726,#2727,#163,.T.);
#3544=EDGE_CURVE('',#3159,#3157,#1142,.T.);
#3546=EDGE_CURVE('',#3159,#3161,#167,.T.);
#3548=EDGE_CURVE('',#3163,#3161,#1159,.T.);
#3550=EDGE_CURVE('',#3163,#3157,#171,.T.);
#3554=EDGE_CURVE('',#3183,#3181,#1232,.T.);
#3556=EDGE_CURVE('',#3183,#3185,#175,.T.);
#3558=EDGE_CURVE('',#3187,#3185,#1249,.T.);
#3560=EDGE_CURVE('',#3187,#3181,#179,.T.);
#3564=EDGE_CURVE('',#3311,#3309,#1317,.T.);
#3566=EDGE_CURVE('',#3311,#3313,#183,.T.);
#3568=EDGE_CURVE('',#3315,#3313,#1385,.T.);
#3570=EDGE_CURVE('',#3315,#3309,#187,.T.);
#3574=EDGE_CURVE('',#3335,#3333,#1402,.T.);
#3576=EDGE_CURVE('',#3335,#3337,#191,.T.);
#3578=EDGE_CURVE('',#3339,#3337,#1419,.T.);
#3580=EDGE_CURVE('',#3339,#3333,#195,.T.);
#3584=EDGE_CURVE('',#3223,#3221,#1492,.T.);
#3586=EDGE_CURVE('',#3223,#3225,#199,.T.);
#3588=EDGE_CURVE('',#3227,#3225,#1509,.T.);
#3590=EDGE_CURVE('',#3227,#3221,#203,.T.);
#3594=EDGE_CURVE('',#3247,#3245,#1582,.T.);
#3596=EDGE_CURVE('',#3247,#3249,#207,.T.);
#3598=EDGE_CURVE('',#3251,#3249,#1599,.T.);
#3600=EDGE_CURVE('',#3251,#3245,#211,.T.);
#3604=EDGE_CURVE('',#3271,#3269,#1672,.T.);
#3606=EDGE_CURVE('',#3271,#3273,#215,.T.);
#3608=EDGE_CURVE('',#3275,#3273,#1689,.T.);
#3610=EDGE_CURVE('',#3275,#3269,#219,.T.);
#3614=EDGE_CURVE('',#3351,#3349,#1357,.T.);
#3616=EDGE_CURVE('',#3351,#3353,#223,.T.);
#3618=EDGE_CURVE('',#3355,#3353,#1369,.T.);
#3620=EDGE_CURVE('',#3355,#3349,#227,.T.);
#3624=EDGE_CURVE('',#3375,#3373,#1762,.T.);
#3626=EDGE_CURVE('',#3375,#3377,#231,.T.);
#3628=EDGE_CURVE('',#3379,#3377,#1779,.T.);
#3630=EDGE_CURVE('',#3379,#3373,#235,.T.);
#3634=EDGE_CURVE('',#2952,#2953,#239,.T.);
#3636=EDGE_CURVE('',#2953,#2955,#243,.T.);
#3638=EDGE_CURVE('',#2955,#2957,#247,.T.);
#3640=EDGE_CURVE('',#2957,#2959,#251,.T.);
#3642=EDGE_CURVE('',#2959,#2961,#255,.T.);
#3644=EDGE_CURVE('',#2961,#2952,#259,.T.);
#3648=EDGE_CURVE('',#2964,#2965,#263,.T.);
#3650=EDGE_CURVE('',#2965,#2967,#267,.T.);
#3652=EDGE_CURVE('',#2967,#2969,#271,.T.);
#3654=EDGE_CURVE('',#2969,#2971,#275,.T.);
#3656=EDGE_CURVE('',#2971,#2973,#279,.T.);
#3658=EDGE_CURVE('',#2973,#2975,#283,.T.);
#3660=EDGE_CURVE('',#2975,#2977,#287,.T.);
#3662=EDGE_CURVE('',#2977,#2979,#291,.T.);
#3664=EDGE_CURVE('',#2979,#2981,#295,.T.);
#3666=EDGE_CURVE('',#2981,#2983,#299,.T.);
#3668=EDGE_CURVE('',#2983,#2985,#303,.T.);
#3670=EDGE_CURVE('',#2985,#2987,#307,.T.);
#3672=EDGE_CURVE('',#2987,#2989,#311,.T.);
#3674=EDGE_CURVE('',#2989,#2991,#315,.T.);
#3676=EDGE_CURVE('',#2991,#2993,#319,.T.);
#3678=EDGE_CURVE('',#2993,#2995,#323,.T.);
#3680=EDGE_CURVE('',#2995,#2997,#327,.T.);
#3682=EDGE_CURVE('',#2997,#2999,#331,.T.);
#3684=EDGE_CURVE('',#2999,#3001,#335,.T.);
#3686=EDGE_CURVE('',#3001,#3003,#339,.T.);
#3688=EDGE_CURVE('',#3003,#3005,#343,.T.);
#3691=EDGE_CURVE('',#3007,#3009,#351,.T.);
#3693=EDGE_CURVE('',#3009,#3011,#355,.T.);
#3695=EDGE_CURVE('',#3011,#3013,#359,.T.);
#3697=EDGE_CURVE('',#3013,#3015,#363,.T.);
#3699=EDGE_CURVE('',#3015,#3017,#367,.T.);
#3701=EDGE_CURVE('',#3017,#3019,#371,.T.);
#3703=EDGE_CURVE('',#3019,#3021,#375,.T.);
#3705=EDGE_CURVE('',#3021,#3023,#379,.T.);
#3707=EDGE_CURVE('',#3023,#3025,#383,.T.);
#3709=EDGE_CURVE('',#3025,#3027,#387,.T.);
#3711=EDGE_CURVE('',#3027,#3029,#391,.T.);
#3713=EDGE_CURVE('',#3029,#3031,#395,.T.);
#3715=EDGE_CURVE('',#3031,#3033,#399,.T.);
#3717=EDGE_CURVE('',#3033,#3035,#403,.T.);
#3719=EDGE_CURVE('',#3035,#3037,#407,.T.);
#3721=EDGE_CURVE('',#3037,#3039,#411,.T.);
#3723=EDGE_CURVE('',#3039,#3041,#415,.T.);
#3725=EDGE_CURVE('',#3041,#2964,#419,.T.);
#3729=EDGE_CURVE('',#3044,#3045,#423,.T.);
#3731=EDGE_CURVE('',#3045,#3047,#427,.T.);
#3733=EDGE_CURVE('',#3047,#3049,#431,.T.);
#3735=EDGE_CURVE('',#3049,#3051,#435,.T.);
#3737=EDGE_CURVE('',#3051,#3053,#439,.T.);
#3739=EDGE_CURVE('',#3053,#3055,#443,.T.);
#3741=EDGE_CURVE('',#3055,#3057,#447,.T.);
#3743=EDGE_CURVE('',#3057,#3059,#451,.T.);
#3745=EDGE_CURVE('',#3059,#3061,#455,.T.);
#3747=EDGE_CURVE('',#3061,#3063,#459,.T.);
#3749=EDGE_CURVE('',#3063,#3065,#463,.T.);
#3751=EDGE_CURVE('',#3065,#3044,#467,.T.);
#3755=EDGE_CURVE('',#3068,#3069,#471,.T.);
#3757=EDGE_CURVE('',#3069,#3071,#475,.T.);
#3759=EDGE_CURVE('',#3071,#3073,#479,.T.);
#3761=EDGE_CURVE('',#3073,#3075,#483,.T.);
#3763=EDGE_CURVE('',#3075,#3077,#487,.T.);
#3765=EDGE_CURVE('',#3077,#3079,#491,.T.);
#3767=EDGE_CURVE('',#3079,#3081,#495,.T.);
#3769=EDGE_CURVE('',#3081,#3083,#499,.T.);
#3771=EDGE_CURVE('',#3083,#3085,#503,.T.);
#3773=EDGE_CURVE('',#3085,#3087,#507,.T.);
#3775=EDGE_CURVE('',#3087,#3089,#511,.T.);
#3777=EDGE_CURVE('',#3089,#3091,#515,.T.);
#3779=EDGE_CURVE('',#3091,#3093,#519,.T.);
#3781=EDGE_CURVE('',#3093,#3068,#523,.T.);
#3785=EDGE_CURVE('',#3120,#3121,#575,.T.);
#3787=EDGE_CURVE('',#3121,#3123,#579,.T.);
#3789=EDGE_CURVE('',#3123,#3125,#583,.T.);
#3791=EDGE_CURVE('',#3125,#3127,#587,.T.);
#3793=EDGE_CURVE('',#3127,#3129,#591,.T.);
#3795=EDGE_CURVE('',#3129,#3131,#595,.T.);
#3797=EDGE_CURVE('',#3131,#3133,#599,.T.);
#3799=EDGE_CURVE('',#3133,#3120,#603,.T.);
#3816=EDGE_CURVE('',#3096,#3097,#527,.T.);
#3818=EDGE_CURVE('',#3097,#3099,#531,.T.);
#3820=EDGE_CURVE('',#3099,#3101,#535,.T.);
#3822=EDGE_CURVE('',#3101,#3103,#539,.T.);
#3824=EDGE_CURVE('',#3103,#3105,#543,.T.);
#3826=EDGE_CURVE('',#3105,#3107,#547,.T.);
#3828=EDGE_CURVE('',#3107,#3109,#551,.T.);
#3830=EDGE_CURVE('',#3109,#3111,#555,.T.);
#3832=EDGE_CURVE('',#3111,#3113,#559,.T.);
#3834=EDGE_CURVE('',#3113,#3115,#563,.T.);
#3836=EDGE_CURVE('',#3115,#3117,#567,.T.);
#3838=EDGE_CURVE('',#3117,#3096,#571,.T.);
#3855=EDGE_CURVE('',#3136,#3137,#607,.T.);
#3857=EDGE_CURVE('',#3137,#3139,#611,.T.);
#3859=EDGE_CURVE('',#3139,#3136,#615,.T.);
#3877=EDGE_CURVE('',#2635,#2603,#619,.T.);
#3879=EDGE_CURVE('',#2634,#2635,#651,.T.);
#3881=EDGE_CURVE('',#2602,#2634,#627,.T.);
#3899=EDGE_CURVE('',#2637,#2605,#623,.T.);
#3901=EDGE_CURVE('',#2635,#2637,#655,.T.);
#3920=EDGE_CURVE('',#2607,#2639,#635,.T.);
#3922=EDGE_CURVE('',#2639,#2637,#659,.T.);
#3941=EDGE_CURVE('',#2634,#2655,#759,.T.);
#3943=EDGE_CURVE('',#2623,#2655,#631,.T.);
#3963=EDGE_CURVE('',#2665,#2673,#639,.T.);
#3965=EDGE_CURVE('',#2673,#2639,#663,.T.);
#3982=EDGE_CURVE('',#2618,#2650,#643,.T.);
#3984=EDGE_CURVE('',#2650,#2675,#743,.T.);
#3986=EDGE_CURVE('',#2667,#2675,#647,.T.);
#4008=EDGE_CURVE('',#2673,#2701,#667,.T.);
#4010=EDGE_CURVE('',#2703,#2701,#671,.T.);
#4012=EDGE_CURVE('',#2698,#2703,#675,.T.);
#4014=EDGE_CURVE('',#2698,#2699,#679,.T.);
#4016=EDGE_CURVE('',#2679,#2699,#683,.T.);
#4018=EDGE_CURVE('',#2642,#2679,#687,.T.);
#4020=EDGE_CURVE('',#2642,#2643,#691,.T.);
#4022=EDGE_CURVE('',#2643,#2645,#695,.T.);
#4024=EDGE_CURVE('',#2647,#2645,#699,.T.);
#4026=EDGE_CURVE('',#2658,#2647,#703,.T.);
#4028=EDGE_CURVE('',#2658,#2659,#707,.T.);
#4030=EDGE_CURVE('',#2659,#2661,#711,.T.);
#4032=EDGE_CURVE('',#2663,#2661,#715,.T.);
#4034=EDGE_CURVE('',#2677,#2663,#719,.T.);
#4036=EDGE_CURVE('',#2677,#2705,#723,.T.);
#4038=EDGE_CURVE('',#2707,#2705,#727,.T.);
#4040=EDGE_CURVE('',#2710,#2707,#731,.T.);
#4042=EDGE_CURVE('',#2710,#2711,#735,.T.);
#4044=EDGE_CURVE('',#2675,#2711,#739,.T.);
#4047=EDGE_CURVE('',#2650,#2651,#747,.T.);
#4049=EDGE_CURVE('',#2651,#2653,#751,.T.);
#4051=EDGE_CURVE('',#2655,#2653,#755,.T.);
#4056=EDGE_CURVE('',#2754,#2755,#763,.T.);
#4058=EDGE_CURVE('',#2755,#2757,#767,.T.);
#4060=EDGE_CURVE('',#2757,#2759,#771,.T.);
#4062=EDGE_CURVE('',#2759,#2754,#775,.T.);
#4080=EDGE_CURVE('',#2701,#2685,#779,.T.);
#4100=EDGE_CURVE('',#2687,#2703,#787,.T.);
#4119=EDGE_CURVE('',#2682,#2698,#783,.T.);
#4140=EDGE_CURVE('',#2699,#2683,#791,.T.);
#4160=EDGE_CURVE('',#2671,#2679,#799,.T.);
#4179=EDGE_CURVE('',#2610,#2642,#795,.T.);
#4199=EDGE_CURVE('',#2615,#2647,#803,.T.);
#4202=EDGE_CURVE('',#2626,#2658,#807,.T.);
#4220=EDGE_CURVE('',#2631,#2663,#811,.T.);
#4223=EDGE_CURVE('',#2669,#2677,#815,.T.);
#4242=EDGE_CURVE('',#2643,#2611,#819,.T.);
#4262=EDGE_CURVE('',#2645,#2613,#823,.T.);
#4301=EDGE_CURVE('',#2659,#2627,#827,.T.);
#4321=EDGE_CURVE('',#2661,#2629,#831,.T.);
#4360=EDGE_CURVE('',#2705,#2689,#835,.T.);
#4380=EDGE_CURVE('',#2691,#2707,#839,.T.);
#4401=EDGE_CURVE('',#2694,#2710,#843,.T.);
#4420=EDGE_CURVE('',#2711,#2695,#847,.T.);
#4459=EDGE_CURVE('',#2651,#2619,#851,.T.);
#4479=EDGE_CURVE('',#2653,#2621,#855,.T.);
#4518=EDGE_CURVE('',#2754,#2746,#859,.T.);
#4520=EDGE_CURVE('',#2746,#2747,#875,.T.);
#4522=EDGE_CURVE('',#2755,#2747,#871,.T.);
#4540=EDGE_CURVE('',#2759,#2751,#863,.T.);
#4542=EDGE_CURVE('',#2751,#2746,#879,.T.);
#4561=EDGE_CURVE('',#2757,#2749,#867,.T.);
#4563=EDGE_CURVE('',#2749,#2751,#883,.T.);
#4583=EDGE_CURVE('',#2747,#2749,#887,.T.);
#4607=EDGE_CURVE('',#3398,#3399,#891,.T.);
#4609=EDGE_CURVE('',#3399,#3401,#895,.T.);
#4611=EDGE_CURVE('',#3401,#3403,#899,.T.);
#4613=EDGE_CURVE('',#3403,#3398,#903,.T.);
#4630=EDGE_CURVE('',#3406,#3407,#907,.T.);
#4632=EDGE_CURVE('',#3399,#3407,#983,.T.);
#4635=EDGE_CURVE('',#3398,#3406,#911,.T.);
#4653=EDGE_CURVE('',#3406,#3441,#935,.T.);
#4655=EDGE_CURVE('',#3421,#3441,#1031,.T.);
#4657=EDGE_CURVE('',#3407,#3421,#987,.T.);
#4674=EDGE_CURVE('',#3432,#3433,#915,.T.);
#4676=EDGE_CURVE('',#3447,#3432,#919,.T.);
#4678=EDGE_CURVE('',#3445,#3447,#923,.T.);
#4680=EDGE_CURVE('',#3443,#3445,#927,.T.);
#4682=EDGE_CURVE('',#3441,#3443,#931,.T.);
#4687=EDGE_CURVE('',#3403,#3429,#939,.T.);
#4689=EDGE_CURVE('',#3439,#3429,#943,.T.);
#4691=EDGE_CURVE('',#3437,#3439,#947,.T.);
#4693=EDGE_CURVE('',#3435,#3437,#951,.T.);
#4695=EDGE_CURVE('',#3433,#3435,#955,.T.);
#4712=EDGE_CURVE('',#3410,#3411,#963,.T.);
#4714=EDGE_CURVE('',#3410,#3432,#959,.T.);
#4717=EDGE_CURVE('',#3411,#3433,#1007,.T.);
#4735=EDGE_CURVE('',#3411,#3413,#967,.T.);
#4737=EDGE_CURVE('',#3413,#3415,#971,.T.);
#4739=EDGE_CURVE('',#3415,#3417,#975,.T.);
#4741=EDGE_CURVE('',#3417,#3419,#979,.T.);
#4743=EDGE_CURVE('',#3401,#3419,#1027,.T.);
#4748=EDGE_CURVE('',#3421,#3423,#991,.T.);
#4750=EDGE_CURVE('',#3423,#3425,#995,.T.);
#4752=EDGE_CURVE('',#3425,#3427,#999,.T.);
#4754=EDGE_CURVE('',#3427,#3410,#1003,.T.);
#4774=EDGE_CURVE('',#3413,#3435,#1011,.T.);
#4794=EDGE_CURVE('',#3415,#3437,#1015,.T.);
#4814=EDGE_CURVE('',#3417,#3439,#1019,.T.);
#4834=EDGE_CURVE('',#3419,#3429,#1023,.T.);
#4873=EDGE_CURVE('',#3423,#3443,#1035,.T.);
#4893=EDGE_CURVE('',#3425,#3445,#1039,.T.);
#4913=EDGE_CURVE('',#3427,#3447,#1043,.T.);
#4949=EDGE_CURVE('',#2741,#2743,#1048,.T.);
#4951=EDGE_CURVE('',#2730,#2741,#1125,.T.);
#4953=EDGE_CURVE('',#2730,#2714,#1101,.T.);
#4955=EDGE_CURVE('',#2722,#2714,#1129,.T.);
#4958=EDGE_CURVE('',#2727,#2719,#1056,.T.);
#4960=EDGE_CURVE('',#2719,#2735,#1105,.T.);
#4962=EDGE_CURVE('',#2735,#2743,#1060,.T.);
#4979=EDGE_CURVE('',#2738,#2739,#1065,.T.);
#4981=EDGE_CURVE('',#2741,#2739,#1117,.T.);
#4984=EDGE_CURVE('',#2743,#2738,#1081,.T.);
#5002=EDGE_CURVE('',#2734,#2738,#1089,.T.);
#5004=EDGE_CURVE('',#2734,#2718,#1113,.T.);
#5006=EDGE_CURVE('',#2726,#2718,#1133,.T.);
#5009=EDGE_CURVE('',#2723,#2715,#1073,.T.);
#5011=EDGE_CURVE('',#2715,#2731,#1093,.T.);
#5013=EDGE_CURVE('',#2731,#2739,#1077,.T.);
#5032=EDGE_CURVE('',#2734,#2735,#1085,.T.);
#5050=EDGE_CURVE('',#2730,#2731,#1121,.T.);
#5053=EDGE_CURVE('',#2714,#2715,#1097,.T.);
#5073=EDGE_CURVE('',#2718,#2719,#1109,.T.);
#5148=EDGE_CURVE('',#3193,#3195,#1138,.T.);
#5150=EDGE_CURVE('',#3151,#3193,#1219,.T.);
#5152=EDGE_CURVE('',#3151,#3142,#1195,.T.);
#5154=EDGE_CURVE('',#3159,#3142,#1223,.T.);
#5157=EDGE_CURVE('',#3157,#3147,#1146,.T.);
#5159=EDGE_CURVE('',#3147,#3149,#1183,.T.);
#5161=EDGE_CURVE('',#3149,#3195,#1150,.T.);
#5178=EDGE_CURVE('',#3190,#3191,#1155,.T.);
#5180=EDGE_CURVE('',#3193,#3191,#1211,.T.);
#5183=EDGE_CURVE('',#3195,#3190,#1171,.T.);
#5201=EDGE_CURVE('',#3155,#3190,#1179,.T.);
#5203=EDGE_CURVE('',#3155,#3146,#1191,.T.);
#5205=EDGE_CURVE('',#3163,#3146,#1207,.T.);
#5208=EDGE_CURVE('',#3161,#3143,#1163,.T.);
#5210=EDGE_CURVE('',#3143,#3153,#1199,.T.);
#5212=EDGE_CURVE('',#3153,#3191,#1167,.T.);
#5231=EDGE_CURVE('',#3155,#3149,#1175,.T.);
#5250=EDGE_CURVE('',#3146,#3147,#1187,.T.);
#5270=EDGE_CURVE('',#3151,#3153,#1215,.T.);
#5273=EDGE_CURVE('',#3142,#3143,#1203,.T.);
#5347=EDGE_CURVE('',#3201,#3203,#1228,.T.);
#5349=EDGE_CURVE('',#3175,#3201,#1309,.T.);
#5351=EDGE_CURVE('',#3175,#3166,#1285,.T.);
#5353=EDGE_CURVE('',#3183,#3166,#1313,.T.);
#5356=EDGE_CURVE('',#3181,#3171,#1236,.T.);
#5358=EDGE_CURVE('',#3171,#3173,#1273,.T.);
#5360=EDGE_CURVE('',#3173,#3203,#1240,.T.);
#5377=EDGE_CURVE('',#3198,#3199,#1245,.T.);
#5379=EDGE_CURVE('',#3201,#3199,#1301,.T.);
#5382=EDGE_CURVE('',#3203,#3198,#1261,.T.);
#5400=EDGE_CURVE('',#3179,#3198,#1269,.T.);
#5402=EDGE_CURVE('',#3179,#3170,#1281,.T.);
#5404=EDGE_CURVE('',#3187,#3170,#1297,.T.);
#5407=EDGE_CURVE('',#3185,#3167,#1253,.T.);
#5409=EDGE_CURVE('',#3167,#3177,#1289,.T.);
#5411=EDGE_CURVE('',#3177,#3199,#1257,.T.);
#5430=EDGE_CURVE('',#3179,#3173,#1265,.T.);
#5449=EDGE_CURVE('',#3170,#3171,#1277,.T.);
#5469=EDGE_CURVE('',#3175,#3177,#1305,.T.);
#5472=EDGE_CURVE('',#3166,#3167,#1293,.T.);
#5546=EDGE_CURVE('',#3302,#3307,#1341,.T.);
#5548=EDGE_CURVE('',#3311,#3302,#1393,.T.);
#5551=EDGE_CURVE('',#3309,#3307,#1321,.T.);
#5568=EDGE_CURVE('',#3342,#3347,#1325,.T.);
#5570=EDGE_CURVE('',#3346,#3347,#1329,.T.);
#5572=EDGE_CURVE('',#3346,#3343,#1333,.T.);
#5574=EDGE_CURVE('',#3342,#3343,#1337,.T.);
#5592=EDGE_CURVE('',#3306,#3307,#1345,.T.);
#5594=EDGE_CURVE('',#3306,#3303,#1349,.T.);
#5596=EDGE_CURVE('',#3302,#3303,#1353,.T.);
#5614=EDGE_CURVE('',#3351,#3342,#1365,.T.);
#5617=EDGE_CURVE('',#3349,#3347,#1361,.T.);
#5636=EDGE_CURVE('',#3353,#3343,#1373,.T.);
#5655=EDGE_CURVE('',#3355,#3346,#1377,.T.);
#5695=EDGE_CURVE('',#3315,#3306,#1381,.T.);
#5716=EDGE_CURVE('',#3313,#3303,#1389,.T.);
#5752=EDGE_CURVE('',#3385,#3387,#1398,.T.);
#5754=EDGE_CURVE('',#3327,#3385,#1479,.T.);
#5756=EDGE_CURVE('',#3327,#3318,#1455,.T.);
#5758=EDGE_CURVE('',#3335,#3318,#1483,.T.);
#5761=EDGE_CURVE('',#3333,#3323,#1406,.T.);
#5763=EDGE_CURVE('',#3323,#3325,#1443,.T.);
#5765=EDGE_CURVE('',#3325,#3387,#1410,.T.);
#5782=EDGE_CURVE('',#3382,#3383,#1415,.T.);
#5784=EDGE_CURVE('',#3385,#3383,#1471,.T.);
#5787=EDGE_CURVE('',#3387,#3382,#1431,.T.);
#5805=EDGE_CURVE('',#3331,#3382,#1439,.T.);
#5807=EDGE_CURVE('',#3331,#3322,#1451,.T.);
#5809=EDGE_CURVE('',#3339,#3322,#1467,.T.);
#5812=EDGE_CURVE('',#3337,#3319,#1423,.T.);
#5814=EDGE_CURVE('',#3319,#3329,#1459,.T.);
#5816=EDGE_CURVE('',#3329,#3383,#1427,.T.);
#5835=EDGE_CURVE('',#3331,#3325,#1435,.T.);
#5854=EDGE_CURVE('',#3322,#3323,#1447,.T.);
#5874=EDGE_CURVE('',#3327,#3329,#1475,.T.);
#5877=EDGE_CURVE('',#3318,#3319,#1463,.T.);
#5951=EDGE_CURVE('',#3281,#3283,#1488,.T.);
#5953=EDGE_CURVE('',#3215,#3281,#1569,.T.);
#5955=EDGE_CURVE('',#3215,#3206,#1545,.T.);
#5957=EDGE_CURVE('',#3223,#3206,#1573,.T.);
#5960=EDGE_CURVE('',#3221,#3211,#1496,.T.);
#5962=EDGE_CURVE('',#3211,#3213,#1533,.T.);
#5964=EDGE_CURVE('',#3213,#3283,#1500,.T.);
#5981=EDGE_CURVE('',#3278,#3279,#1505,.T.);
#5983=EDGE_CURVE('',#3281,#3279,#1561,.T.);
#5986=EDGE_CURVE('',#3283,#3278,#1521,.T.);
#6004=EDGE_CURVE('',#3219,#3278,#1529,.T.);
#6006=EDGE_CURVE('',#3219,#3210,#1541,.T.);
#6008=EDGE_CURVE('',#3227,#3210,#1557,.T.);
#6011=EDGE_CURVE('',#3225,#3207,#1513,.T.);
#6013=EDGE_CURVE('',#3207,#3217,#1549,.T.);
#6015=EDGE_CURVE('',#3217,#3279,#1517,.T.);
#6034=EDGE_CURVE('',#3219,#3213,#1525,.T.);
#6053=EDGE_CURVE('',#3210,#3211,#1537,.T.);
#6073=EDGE_CURVE('',#3215,#3217,#1565,.T.);
#6076=EDGE_CURVE('',#3206,#3207,#1553,.T.);
#6150=EDGE_CURVE('',#3289,#3291,#1578,.T.);
#6152=EDGE_CURVE('',#3239,#3289,#1659,.T.);
#6154=EDGE_CURVE('',#3239,#3230,#1635,.T.);
#6156=EDGE_CURVE('',#3247,#3230,#1663,.T.);
#6159=EDGE_CURVE('',#3245,#3235,#1586,.T.);
#6161=EDGE_CURVE('',#3235,#3237,#1623,.T.);
#6163=EDGE_CURVE('',#3237,#3291,#1590,.T.);
#6180=EDGE_CURVE('',#3286,#3287,#1595,.T.);
#6182=EDGE_CURVE('',#3289,#3287,#1651,.T.);
#6185=EDGE_CURVE('',#3291,#3286,#1611,.T.);
#6203=EDGE_CURVE('',#3243,#3286,#1619,.T.);
#6205=EDGE_CURVE('',#3243,#3234,#1631,.T.);
#6207=EDGE_CURVE('',#3251,#3234,#1647,.T.);
#6210=EDGE_CURVE('',#3249,#3231,#1603,.T.);
#6212=EDGE_CURVE('',#3231,#3241,#1639,.T.);
#6214=EDGE_CURVE('',#3241,#3287,#1607,.T.);
#6233=EDGE_CURVE('',#3243,#3237,#1615,.T.);
#6252=EDGE_CURVE('',#3234,#3235,#1627,.T.);
#6272=EDGE_CURVE('',#3239,#3241,#1655,.T.);
#6275=EDGE_CURVE('',#3230,#3231,#1643,.T.);
#6349=EDGE_CURVE('',#3297,#3299,#1668,.T.);
#6351=EDGE_CURVE('',#3263,#3297,#1749,.T.);
#6353=EDGE_CURVE('',#3263,#3254,#1725,.T.);
#6355=EDGE_CURVE('',#3271,#3254,#1753,.T.);
#6358=EDGE_CURVE('',#3269,#3259,#1676,.T.);
#6360=EDGE_CURVE('',#3259,#3261,#1713,.T.);
#6362=EDGE_CURVE('',#3261,#3299,#1680,.T.);
#6379=EDGE_CURVE('',#3294,#3295,#1685,.T.);
#6381=EDGE_CURVE('',#3297,#3295,#1741,.T.);
#6384=EDGE_CURVE('',#3299,#3294,#1701,.T.);
#6402=EDGE_CURVE('',#3267,#3294,#1709,.T.);
#6404=EDGE_CURVE('',#3267,#3258,#1721,.T.);
#6406=EDGE_CURVE('',#3275,#3258,#1737,.T.);
#6409=EDGE_CURVE('',#3273,#3255,#1693,.T.);
#6411=EDGE_CURVE('',#3255,#3265,#1729,.T.);
#6413=EDGE_CURVE('',#3265,#3295,#1697,.T.);
#6432=EDGE_CURVE('',#3267,#3261,#1705,.T.);
#6451=EDGE_CURVE('',#3258,#3259,#1717,.T.);
#6471=EDGE_CURVE('',#3263,#3265,#1745,.T.);
#6474=EDGE_CURVE('',#3254,#3255,#1733,.T.);
#6548=EDGE_CURVE('',#3393,#3395,#1758,.T.);
#6550=EDGE_CURVE('',#3367,#3393,#1839,.T.);
#6552=EDGE_CURVE('',#3367,#3358,#1815,.T.);
#6554=EDGE_CURVE('',#3375,#3358,#1843,.T.);
#6557=EDGE_CURVE('',#3373,#3363,#1766,.T.);
#6559=EDGE_CURVE('',#3363,#3365,#1803,.T.);
#6561=EDGE_CURVE('',#3365,#3395,#1770,.T.);
#6578=EDGE_CURVE('',#3390,#3391,#1775,.T.);
#6580=EDGE_CURVE('',#3393,#3391,#1831,.T.);
#6583=EDGE_CURVE('',#3395,#3390,#1791,.T.);
#6601=EDGE_CURVE('',#3371,#3390,#1799,.T.);
#6603=EDGE_CURVE('',#3371,#3362,#1811,.T.);
#6605=EDGE_CURVE('',#3379,#3362,#1827,.T.);
#6608=EDGE_CURVE('',#3377,#3359,#1783,.T.);
#6610=EDGE_CURVE('',#3359,#3369,#1819,.T.);
#6612=EDGE_CURVE('',#3369,#3391,#1787,.T.);
#6631=EDGE_CURVE('',#3371,#3365,#1795,.T.);
#6650=EDGE_CURVE('',#3362,#3363,#1807,.T.);
#6670=EDGE_CURVE('',#3367,#3369,#1835,.T.);
#6673=EDGE_CURVE('',#3358,#3359,#1823,.T.);
#6748=EDGE_CURVE('',#2952,#2762,#1847,.T.);
#6750=EDGE_CURVE('',#2762,#2763,#1871,.T.);
#6752=EDGE_CURVE('',#2953,#2763,#1867,.T.);
#6770=EDGE_CURVE('',#2961,#2771,#1851,.T.);
#6772=EDGE_CURVE('',#2771,#2762,#1875,.T.);
#6791=EDGE_CURVE('',#2959,#2769,#1855,.T.);
#6793=EDGE_CURVE('',#2769,#2771,#1879,.T.);
#6812=EDGE_CURVE('',#2957,#2767,#1859,.T.);
#6814=EDGE_CURVE('',#2767,#2769,#1883,.T.);
#6833=EDGE_CURVE('',#2955,#2765,#1863,.T.);
#6835=EDGE_CURVE('',#2765,#2767,#1887,.T.);
#6855=EDGE_CURVE('',#2763,#2765,#1891,.T.);
#6894=EDGE_CURVE('',#2774,#2775,#1895,.T.);
#6896=EDGE_CURVE('',#2851,#2774,#1899,.T.);
#6898=EDGE_CURVE('',#2849,#2851,#1903,.T.);
#6900=EDGE_CURVE('',#2847,#2849,#1907,.T.);
#6902=EDGE_CURVE('',#2845,#2847,#1911,.T.);
#6904=EDGE_CURVE('',#2843,#2845,#1915,.T.);
#6906=EDGE_CURVE('',#2841,#2843,#1919,.T.);
#6908=EDGE_CURVE('',#2839,#2841,#1923,.T.);
#6910=EDGE_CURVE('',#2837,#2839,#1927,.T.);
#6912=EDGE_CURVE('',#2835,#2837,#1931,.T.);
#6914=EDGE_CURVE('',#2833,#2835,#1935,.T.);
#6916=EDGE_CURVE('',#2831,#2833,#1939,.T.);
#6918=EDGE_CURVE('',#2829,#2831,#1943,.T.);
#6920=EDGE_CURVE('',#2827,#2829,#1947,.T.);
#6922=EDGE_CURVE('',#2825,#2827,#1951,.T.);
#6924=EDGE_CURVE('',#2823,#2825,#1955,.T.);
#6926=EDGE_CURVE('',#2821,#2823,#1959,.T.);
#6928=EDGE_CURVE('',#2819,#2821,#1963,.T.);
#6930=EDGE_CURVE('',#2817,#2819,#1967,.T.);
#6933=EDGE_CURVE('',#2813,#2815,#1975,.T.);
#6935=EDGE_CURVE('',#2811,#2813,#1979,.T.);
#6937=EDGE_CURVE('',#2809,#2811,#1983,.T.);
#6939=EDGE_CURVE('',#2807,#2809,#1987,.T.);
#6941=EDGE_CURVE('',#2805,#2807,#1991,.T.);
#6943=EDGE_CURVE('',#2803,#2805,#1995,.T.);
#6945=EDGE_CURVE('',#2801,#2803,#1999,.T.);
#6947=EDGE_CURVE('',#2799,#2801,#2003,.T.);
#6949=EDGE_CURVE('',#2797,#2799,#2007,.T.);
#6951=EDGE_CURVE('',#2795,#2797,#2011,.T.);
#6953=EDGE_CURVE('',#2793,#2795,#2015,.T.);
#6955=EDGE_CURVE('',#2791,#2793,#2019,.T.);
#6957=EDGE_CURVE('',#2789,#2791,#2023,.T.);
#6959=EDGE_CURVE('',#2787,#2789,#2027,.T.);
#6961=EDGE_CURVE('',#2785,#2787,#2031,.T.);
#6963=EDGE_CURVE('',#2783,#2785,#2035,.T.);
#6965=EDGE_CURVE('',#2781,#2783,#2039,.T.);
#6967=EDGE_CURVE('',#2779,#2781,#2043,.T.);
#6969=EDGE_CURVE('',#2777,#2779,#2047,.T.);
#6971=EDGE_CURVE('',#2775,#2777,#2051,.T.);
#6988=EDGE_CURVE('',#2854,#2855,#2055,.T.);
#6990=EDGE_CURVE('',#2875,#2854,#2059,.T.);
#6992=EDGE_CURVE('',#2873,#2875,#2063,.T.);
#6994=EDGE_CURVE('',#2871,#2873,#2067,.T.);
#6996=EDGE_CURVE('',#2869,#2871,#2071,.T.);
#6998=EDGE_CURVE('',#2867,#2869,#2075,.T.);
#7000=EDGE_CURVE('',#2865,#2867,#2079,.T.);
#7002=EDGE_CURVE('',#2863,#2865,#2083,.T.);
#7004=EDGE_CURVE('',#2861,#2863,#2087,.T.);
#7006=EDGE_CURVE('',#2859,#2861,#2091,.T.);
#7008=EDGE_CURVE('',#2857,#2859,#2095,.T.);
#7010=EDGE_CURVE('',#2855,#2857,#2099,.T.);
#7027=EDGE_CURVE('',#2878,#2879,#2103,.T.);
#7029=EDGE_CURVE('',#2903,#2878,#2107,.T.);
#7031=EDGE_CURVE('',#2901,#2903,#2111,.T.);
#7033=EDGE_CURVE('',#2899,#2901,#2115,.T.);
#7035=EDGE_CURVE('',#2897,#2899,#2119,.T.);
#7037=EDGE_CURVE('',#2895,#2897,#2123,.T.);
#7039=EDGE_CURVE('',#2893,#2895,#2127,.T.);
#7041=EDGE_CURVE('',#2891,#2893,#2131,.T.);
#7043=EDGE_CURVE('',#2889,#2891,#2135,.T.);
#7045=EDGE_CURVE('',#2887,#2889,#2139,.T.);
#7047=EDGE_CURVE('',#2885,#2887,#2143,.T.);
#7049=EDGE_CURVE('',#2883,#2885,#2147,.T.);
#7051=EDGE_CURVE('',#2881,#2883,#2151,.T.);
#7053=EDGE_CURVE('',#2879,#2881,#2155,.T.);
#7057=EDGE_CURVE('',#2906,#2907,#2159,.T.);
#7059=EDGE_CURVE('',#2927,#2906,#2163,.T.);
#7061=EDGE_CURVE('',#2925,#2927,#2167,.T.);
#7063=EDGE_CURVE('',#2923,#2925,#2171,.T.);
#7065=EDGE_CURVE('',#2921,#2923,#2175,.T.);
#7067=EDGE_CURVE('',#2919,#2921,#2179,.T.);
#7069=EDGE_CURVE('',#2917,#2919,#2183,.T.);
#7071=EDGE_CURVE('',#2915,#2917,#2187,.T.);
#7073=EDGE_CURVE('',#2913,#2915,#2191,.T.);
#7075=EDGE_CURVE('',#2911,#2913,#2195,.T.);
#7077=EDGE_CURVE('',#2909,#2911,#2199,.T.);
#7079=EDGE_CURVE('',#2907,#2909,#2203,.T.);
#7096=EDGE_CURVE('',#2930,#2931,#2207,.T.);
#7098=EDGE_CURVE('',#2943,#2930,#2211,.T.);
#7100=EDGE_CURVE('',#2941,#2943,#2215,.T.);
#7102=EDGE_CURVE('',#2939,#2941,#2219,.T.);
#7104=EDGE_CURVE('',#2937,#2939,#2223,.T.);
#7106=EDGE_CURVE('',#2935,#2937,#2227,.T.);
#7108=EDGE_CURVE('',#2933,#2935,#2231,.T.);
#7110=EDGE_CURVE('',#2931,#2933,#2235,.T.);
#7114=EDGE_CURVE('',#2946,#2947,#2239,.T.);
#7116=EDGE_CURVE('',#2949,#2946,#2243,.T.);
#7118=EDGE_CURVE('',#2947,#2949,#2247,.T.);
#7136=EDGE_CURVE('',#2964,#2774,#2251,.T.);
#7139=EDGE_CURVE('',#2965,#2775,#2327,.T.);
#7157=EDGE_CURVE('',#3041,#2851,#2255,.T.);
#7177=EDGE_CURVE('',#3039,#2849,#2259,.T.);
#7197=EDGE_CURVE('',#3037,#2847,#2263,.T.);
#7217=EDGE_CURVE('',#3035,#2845,#2267,.T.);
#7237=EDGE_CURVE('',#3033,#2843,#2271,.T.);
#7257=EDGE_CURVE('',#3031,#2841,#2275,.T.);
#7277=EDGE_CURVE('',#3029,#2839,#2279,.T.);
#7297=EDGE_CURVE('',#3027,#2837,#2283,.T.);
#7317=EDGE_CURVE('',#3025,#2835,#2287,.T.);
#7337=EDGE_CURVE('',#3023,#2833,#2291,.T.);
#7357=EDGE_CURVE('',#3021,#2831,#2295,.T.);
#7377=EDGE_CURVE('',#3019,#2829,#2299,.T.);
#7397=EDGE_CURVE('',#3017,#2827,#2303,.T.);
#7417=EDGE_CURVE('',#3015,#2825,#2307,.T.);
#7437=EDGE_CURVE('',#3013,#2823,#2311,.T.);
#7457=EDGE_CURVE('',#3011,#2821,#2315,.T.);
#7477=EDGE_CURVE('',#3009,#2819,#2319,.T.);
#7518=EDGE_CURVE('',#2967,#2777,#2331,.T.);
#7538=EDGE_CURVE('',#2969,#2779,#2335,.T.);
#7558=EDGE_CURVE('',#2971,#2781,#2339,.T.);
#7578=EDGE_CURVE('',#2973,#2783,#2343,.T.);
#7598=EDGE_CURVE('',#2975,#2785,#2347,.T.);
#7618=EDGE_CURVE('',#2977,#2787,#2351,.T.);
#7638=EDGE_CURVE('',#2979,#2789,#2355,.T.);
#7658=EDGE_CURVE('',#2981,#2791,#2359,.T.);
#7678=EDGE_CURVE('',#2983,#2793,#2363,.T.);
#7698=EDGE_CURVE('',#2985,#2795,#2367,.T.);
#7718=EDGE_CURVE('',#2987,#2797,#2371,.T.);
#7738=EDGE_CURVE('',#2989,#2799,#2375,.T.);
#7758=EDGE_CURVE('',#2991,#2801,#2379,.T.);
#7778=EDGE_CURVE('',#2993,#2803,#2383,.T.);
#7798=EDGE_CURVE('',#2995,#2805,#2387,.T.);
#7818=EDGE_CURVE('',#2997,#2807,#2391,.T.);
#7838=EDGE_CURVE('',#2999,#2809,#2395,.T.);
#7858=EDGE_CURVE('',#3001,#2811,#2399,.T.);
#7878=EDGE_CURVE('',#3003,#2813,#2403,.T.);
#7915=EDGE_CURVE('',#3044,#2854,#2407,.T.);
#7918=EDGE_CURVE('',#3045,#2855,#2451,.T.);
#7936=EDGE_CURVE('',#3065,#2875,#2411,.T.);
#7956=EDGE_CURVE('',#3063,#2873,#2415,.T.);
#7976=EDGE_CURVE('',#3061,#2871,#2419,.T.);
#7996=EDGE_CURVE('',#3059,#2869,#2423,.T.);
#8016=EDGE_CURVE('',#3057,#2867,#2427,.T.);
#8036=EDGE_CURVE('',#3055,#2865,#2431,.T.);
#8056=EDGE_CURVE('',#3053,#2863,#2435,.T.);
#8076=EDGE_CURVE('',#3051,#2861,#2439,.T.);
#8096=EDGE_CURVE('',#3049,#2859,#2443,.T.);
#8116=EDGE_CURVE('',#3047,#2857,#2447,.T.);
#8155=EDGE_CURVE('',#3068,#2878,#2455,.T.);
#8158=EDGE_CURVE('',#3069,#2879,#2507,.T.);
#8176=EDGE_CURVE('',#3093,#2903,#2459,.T.);
#8196=EDGE_CURVE('',#3091,#2901,#2463,.T.);
#8216=EDGE_CURVE('',#3089,#2899,#2467,.T.);
#8236=EDGE_CURVE('',#3087,#2897,#2471,.T.);
#8256=EDGE_CURVE('',#3085,#2895,#2475,.T.);
#8276=EDGE_CURVE('',#3083,#2893,#2479,.T.);
#8296=EDGE_CURVE('',#3081,#2891,#2483,.T.);
#8316=EDGE_CURVE('',#3079,#2889,#2487,.T.);
#8336=EDGE_CURVE('',#3077,#2887,#2491,.T.);
#8356=EDGE_CURVE('',#3075,#2885,#2495,.T.);
#8376=EDGE_CURVE('',#3073,#2883,#2499,.T.);
#8396=EDGE_CURVE('',#3071,#2881,#2503,.T.);
#8435=EDGE_CURVE('',#3096,#2906,#2511,.T.);
#8438=EDGE_CURVE('',#3097,#2907,#2555,.T.);
#8456=EDGE_CURVE('',#3117,#2927,#2515,.T.);
#8476=EDGE_CURVE('',#3115,#2925,#2519,.T.);
#8496=EDGE_CURVE('',#3113,#2923,#2523,.T.);
#8516=EDGE_CURVE('',#3111,#2921,#2527,.T.);
#8536=EDGE_CURVE('',#3109,#2919,#2531,.T.);
#8556=EDGE_CURVE('',#3107,#2917,#2535,.T.);
#8576=EDGE_CURVE('',#3105,#2915,#2539,.T.);
#8596=EDGE_CURVE('',#3103,#2913,#2543,.T.);
#8616=EDGE_CURVE('',#3101,#2911,#2547,.T.);
#8636=EDGE_CURVE('',#3099,#2909,#2551,.T.);
#8675=EDGE_CURVE('',#3120,#2930,#2559,.T.);
#8678=EDGE_CURVE('',#3121,#2931,#2587,.T.);
#8696=EDGE_CURVE('',#3133,#2943,#2563,.T.);
#8716=EDGE_CURVE('',#3131,#2941,#2567,.T.);
#8736=EDGE_CURVE('',#3129,#2939,#2571,.T.);
#8756=EDGE_CURVE('',#3127,#2937,#2575,.T.);
#8776=EDGE_CURVE('',#3125,#2935,#2579,.T.);
#8796=EDGE_CURVE('',#3123,#2933,#2583,.T.);
#8835=EDGE_CURVE('',#3136,#2946,#2591,.T.);
#8838=EDGE_CURVE('',#3137,#2947,#2599,.T.);
#8856=EDGE_CURVE('',#3139,#2949,#2595,.T.);
#8907=CIRCLE('',#8906,2.7E-2);
#8924=CIRCLE('',#8923,5.27E-1);
#8961=CIRCLE('',#8960,5.E-1);
#8966=CIRCLE('',#8965,5.E-1);
#9087=CIRCLE('',#9086,5.27E-1);
#9100=CIRCLE('',#9099,2.7E-2);
#9109=CIRCLE('',#9108,5.E-1);
#9126=CIRCLE('',#9125,5.27E-1);
#9143=CIRCLE('',#9142,2.7E-2);
#9184=CIRCLE('',#9183,5.E-1);
#9193=CIRCLE('',#9192,5.E-1);
#9294=CIRCLE('',#9293,6.5E-1);
#9303=CIRCLE('',#9302,6.5E-1);
#9316=CIRCLE('',#9315,1.5E-1);
#9325=CIRCLE('',#9324,1.5E-1);
#9346=CIRCLE('',#9345,1.5E-1);
#9355=CIRCLE('',#9354,1.5E-1);
#9372=CIRCLE('',#9371,6.5E-1);
#9381=CIRCLE('',#9380,6.5E-1);
#9458=CIRCLE('',#9457,5.E-1);
#9463=CIRCLE('',#9462,5.E-1);
#9588=CIRCLE('',#9587,2.7E-2);
#9601=CIRCLE('',#9600,5.27E-1);
#9610=CIRCLE('',#9609,5.E-1);
#9623=CIRCLE('',#9622,2.7E-2);
#9640=CIRCLE('',#9639,5.27E-1);
#9677=CIRCLE('',#9676,5.E-1);
#9686=CIRCLE('',#9685,5.E-1);
#9759=CIRCLE('',#9758,5.27E-1);
#9776=CIRCLE('',#9775,2.7E-2);
#9801=CIRCLE('',#9800,5.27E-1);
#9814=CIRCLE('',#9813,2.7E-2);
#9823=CIRCLE('',#9822,5.E-1);
#9832=CIRCLE('',#9831,5.E-1);
#9849=CIRCLE('',#9848,5.E-1);
#9986=CIRCLE('',#9985,2.7E-2);
#9999=CIRCLE('',#9998,5.27E-1);
#10008=CIRCLE('',#10007,5.E-1);
#10017=CIRCLE('',#10016,5.E-1);
#10078=CIRCLE('',#10077,5.E-1);
#10472=EDGE_CURVE('',#10309,#10310,#8924,.T.);
#10474=EDGE_CURVE('',#10310,#10318,#10012,.T.);
#10476=EDGE_CURVE('',#10317,#10318,#9999,.T.);
#10478=EDGE_CURVE('',#10309,#10317,#8894,.T.);
#10495=EDGE_CURVE('',#10332,#10336,#8898,.T.);
#10497=EDGE_CURVE('',#10314,#10336,#8902,.T.);
#10499=EDGE_CURVE('',#10313,#10314,#8907,.T.);
#10501=EDGE_CURVE('',#10352,#10313,#8911,.T.);
#10503=EDGE_CURVE('',#10352,#10350,#8915,.T.);
#10505=EDGE_CURVE('',#10310,#10350,#8919,.T.);
#10508=EDGE_CURVE('',#10332,#10309,#8928,.T.);
#10525=EDGE_CURVE('',#10332,#10329,#8940,.T.);
#10527=EDGE_CURVE('',#10329,#10330,#9261,.T.);
#10529=EDGE_CURVE('',#10336,#10330,#9151,.T.);
#10547=EDGE_CURVE('',#10302,#10334,#8932,.T.);
#10549=EDGE_CURVE('',#10329,#10334,#8936,.T.);
#10554=EDGE_CURVE('',#10324,#10317,#9994,.T.);
#10556=EDGE_CURVE('',#10324,#10218,#8944,.T.);
#10558=EDGE_CURVE('',#10218,#10197,#8948,.T.);
#10560=EDGE_CURVE('',#10197,#10198,#8952,.T.);
#10562=EDGE_CURVE('',#10198,#10200,#8956,.T.);
#10564=EDGE_CURVE('',#10200,#10202,#8961,.T.);
#10566=EDGE_CURVE('',#10109,#10202,#9333,.T.);
#10568=EDGE_CURVE('',#10093,#10109,#9329,.T.);
#10570=EDGE_CURVE('',#10192,#10093,#9289,.T.);
#10572=EDGE_CURVE('',#10192,#10185,#8966,.T.);
#10574=EDGE_CURVE('',#10185,#10186,#8970,.T.);
#10576=EDGE_CURVE('',#10186,#10194,#8974,.T.);
#10578=EDGE_CURVE('',#10194,#10216,#8978,.T.);
#10580=EDGE_CURVE('',#10216,#10292,#8982,.T.);
#10582=EDGE_CURVE('',#10292,#10285,#9091,.T.);
#10584=EDGE_CURVE('',#10277,#10285,#10073,.T.);
#10586=EDGE_CURVE('',#10300,#10277,#9121,.T.);
#10588=EDGE_CURVE('',#10300,#10297,#8986,.T.);
#10590=EDGE_CURVE('',#10297,#10302,#8990,.T.);
#10594=EDGE_CURVE('',#10381,#10382,#8994,.T.);
#10596=EDGE_CURVE('',#10382,#10385,#8998,.T.);
#10598=EDGE_CURVE('',#10385,#10386,#9002,.T.);
#10600=EDGE_CURVE('',#10386,#10381,#9006,.T.);
#10604=EDGE_CURVE('',#10389,#10390,#9010,.T.);
#10606=EDGE_CURVE('',#10390,#10393,#9014,.T.);
#10608=EDGE_CURVE('',#10393,#10394,#9018,.T.);
#10610=EDGE_CURVE('',#10394,#10389,#9022,.T.);
#10614=EDGE_CURVE('',#10397,#10398,#9026,.T.);
#10616=EDGE_CURVE('',#10398,#10401,#9030,.T.);
#10618=EDGE_CURVE('',#10401,#10402,#9034,.T.);
#10620=EDGE_CURVE('',#10402,#10397,#9038,.T.);
#10637=EDGE_CURVE('',#10294,#10292,#9042,.T.);
#10640=EDGE_CURVE('',#10220,#10216,#9046,.T.);
#10642=EDGE_CURVE('',#10220,#10294,#9050,.T.);
#10659=EDGE_CURVE('',#10326,#10324,#9054,.T.);
#10661=EDGE_CURVE('',#10326,#10222,#9058,.T.);
#10663=EDGE_CURVE('',#10222,#10218,#9062,.T.);
#10681=EDGE_CURVE('',#10338,#10334,#9066,.T.);
#10684=EDGE_CURVE('',#10306,#10302,#9070,.T.);
#10686=EDGE_CURVE('',#10306,#10338,#9074,.T.);
#10703=EDGE_CURVE('',#10346,#10341,#9078,.T.);
#10705=EDGE_CURVE('',#10286,#10346,#9082,.T.);
#10707=EDGE_CURVE('',#10285,#10286,#9087,.T.);
#10711=EDGE_CURVE('',#10290,#10294,#9095,.T.);
#10713=EDGE_CURVE('',#10289,#10290,#9100,.T.);
#10715=EDGE_CURVE('',#10341,#10289,#9104,.T.);
#10732=EDGE_CURVE('',#10341,#10342,#9109,.T.);
#10734=EDGE_CURVE('',#10344,#10342,#9134,.T.);
#10736=EDGE_CURVE('',#10344,#10346,#10078,.T.);
#10756=EDGE_CURVE('',#10281,#10289,#9113,.T.);
#10758=EDGE_CURVE('',#10342,#10281,#9138,.T.);
#10775=EDGE_CURVE('',#10281,#10282,#9143,.T.);
#10779=EDGE_CURVE('',#10282,#10290,#9167,.T.);
#10796=EDGE_CURVE('',#10300,#10304,#9117,.T.);
#10799=EDGE_CURVE('',#10277,#10278,#9126,.T.);
#10801=EDGE_CURVE('',#10278,#10344,#9130,.T.);
#10806=EDGE_CURVE('',#10282,#10304,#9147,.T.);
#10825=EDGE_CURVE('',#10304,#10298,#9163,.T.);
#10827=EDGE_CURVE('',#10297,#10298,#9265,.T.);
#10846=EDGE_CURVE('',#10330,#10338,#9155,.T.);
#10849=EDGE_CURVE('',#10298,#10306,#9159,.T.);
#10856=EDGE_CURVE('',#10206,#10220,#9171,.T.);
#10858=EDGE_CURVE('',#10190,#10206,#9175,.T.);
#10860=EDGE_CURVE('',#10189,#10190,#9179,.T.);
#10862=EDGE_CURVE('',#10204,#10189,#9184,.T.);
#10864=EDGE_CURVE('',#10090,#10204,#9285,.T.);
#10866=EDGE_CURVE('',#10090,#10106,#9188,.T.);
#10868=EDGE_CURVE('',#10214,#10106,#9341,.T.);
#10870=EDGE_CURVE('',#10212,#10214,#9193,.T.);
#10872=EDGE_CURVE('',#10210,#10212,#9197,.T.);
#10874=EDGE_CURVE('',#10209,#10210,#9201,.T.);
#10876=EDGE_CURVE('',#10222,#10209,#9205,.T.);
#10879=EDGE_CURVE('',#10322,#10326,#9990,.T.);
#10881=EDGE_CURVE('',#10314,#10322,#9209,.T.);
#10885=EDGE_CURVE('',#10357,#10358,#9213,.T.);
#10887=EDGE_CURVE('',#10362,#10357,#9217,.T.);
#10889=EDGE_CURVE('',#10361,#10362,#9221,.T.);
#10891=EDGE_CURVE('',#10358,#10361,#9225,.T.);
#10895=EDGE_CURVE('',#10365,#10366,#9229,.T.);
#10897=EDGE_CURVE('',#10370,#10365,#9233,.T.);
#10899=EDGE_CURVE('',#10369,#10370,#9237,.T.);
#10901=EDGE_CURVE('',#10366,#10369,#9241,.T.);
#10905=EDGE_CURVE('',#10373,#10374,#9245,.T.);
#10907=EDGE_CURVE('',#10378,#10373,#9249,.T.);
#10909=EDGE_CURVE('',#10377,#10378,#9253,.T.);
#10911=EDGE_CURVE('',#10374,#10377,#9257,.T.);
#10967=EDGE_CURVE('',#10194,#10206,#9269,.T.);
#10987=EDGE_CURVE('',#10186,#10190,#9273,.T.);
#11007=EDGE_CURVE('',#10185,#10189,#9277,.T.);
#11027=EDGE_CURVE('',#10192,#10204,#9281,.T.);
#11049=EDGE_CURVE('',#10093,#10094,#9294,.T.);
#11051=EDGE_CURVE('',#10094,#10096,#9298,.T.);
#11053=EDGE_CURVE('',#10096,#10098,#9303,.T.);
#11055=EDGE_CURVE('',#10098,#10156,#9307,.T.);
#11057=EDGE_CURVE('',#10156,#10158,#9869,.T.);
#11059=EDGE_CURVE('',#10158,#10085,#9311,.T.);
#11061=EDGE_CURVE('',#10085,#10086,#9316,.T.);
#11063=EDGE_CURVE('',#10086,#10088,#9320,.T.);
#11065=EDGE_CURVE('',#10088,#10090,#9325,.T.);
#11084=EDGE_CURVE('',#10109,#10110,#9381,.T.);
#11086=EDGE_CURVE('',#10094,#10110,#9877,.T.);
#11104=EDGE_CURVE('',#10202,#10214,#9337,.T.);
#11107=EDGE_CURVE('',#10104,#10106,#9346,.T.);
#11109=EDGE_CURVE('',#10102,#10104,#9350,.T.);
#11111=EDGE_CURVE('',#10101,#10102,#9355,.T.);
#11113=EDGE_CURVE('',#10101,#10178,#9359,.T.);
#11115=EDGE_CURVE('',#10168,#10178,#9363,.T.);
#11117=EDGE_CURVE('',#10168,#10114,#9367,.T.);
#11119=EDGE_CURVE('',#10112,#10114,#9372,.T.);
#11121=EDGE_CURVE('',#10110,#10112,#9376,.T.);
#11140=EDGE_CURVE('',#10200,#10212,#9385,.T.);
#11160=EDGE_CURVE('',#10198,#10210,#9389,.T.);
#11180=EDGE_CURVE('',#10197,#10209,#9393,.T.);
#11219=EDGE_CURVE('',#10088,#10104,#9397,.T.);
#11239=EDGE_CURVE('',#10086,#10102,#9401,.T.);
#11245=EDGE_CURVE('',#10405,#10406,#9405,.T.);
#11247=EDGE_CURVE('',#10410,#10405,#9409,.T.);
#11249=EDGE_CURVE('',#10408,#10410,#9413,.T.);
#11251=EDGE_CURVE('',#10406,#10408,#9417,.T.);
#11269=EDGE_CURVE('',#10085,#10101,#9421,.T.);
#11288=EDGE_CURVE('',#10230,#10266,#9425,.T.);
#11290=EDGE_CURVE('',#10258,#10266,#9429,.T.);
#11292=EDGE_CURVE('',#10264,#10258,#9433,.T.);
#11294=EDGE_CURVE('',#10242,#10264,#9780,.T.);
#11296=EDGE_CURVE('',#10242,#10250,#9437,.T.);
#11298=EDGE_CURVE('',#10250,#10254,#9809,.T.);
#11300=EDGE_CURVE('',#10254,#10182,#9441,.T.);
#11302=EDGE_CURVE('',#10182,#10173,#9445,.T.);
#11304=EDGE_CURVE('',#10173,#10174,#9449,.T.);
#11306=EDGE_CURVE('',#10174,#10176,#9453,.T.);
#11308=EDGE_CURVE('',#10176,#10178,#9458,.T.);
#11313=EDGE_CURVE('',#10158,#10153,#9463,.T.);
#11315=EDGE_CURVE('',#10153,#10154,#9467,.T.);
#11317=EDGE_CURVE('',#10154,#10170,#9471,.T.);
#11319=EDGE_CURVE('',#10170,#10138,#9475,.T.);
#11321=EDGE_CURVE('',#10138,#10133,#9479,.T.);
#11323=EDGE_CURVE('',#10133,#10129,#9592,.T.);
#11325=EDGE_CURVE('',#10129,#10121,#9483,.T.);
#11327=EDGE_CURVE('',#10234,#10121,#9618,.T.);
#11329=EDGE_CURVE('',#10234,#10226,#9487,.T.);
#11331=EDGE_CURVE('',#10226,#10230,#9491,.T.);
#11335=EDGE_CURVE('',#10421,#10422,#9495,.T.);
#11337=EDGE_CURVE('',#10426,#10421,#9499,.T.);
#11339=EDGE_CURVE('',#10424,#10426,#9503,.T.);
#11341=EDGE_CURVE('',#10422,#10424,#9507,.T.);
#11345=EDGE_CURVE('',#10429,#10430,#9511,.T.);
#11347=EDGE_CURVE('',#10434,#10429,#9515,.T.);
#11349=EDGE_CURVE('',#10432,#10434,#9519,.T.);
#11351=EDGE_CURVE('',#10430,#10432,#9523,.T.);
#11355=EDGE_CURVE('',#10437,#10438,#9527,.T.);
#11357=EDGE_CURVE('',#10442,#10437,#9531,.T.);
#11359=EDGE_CURVE('',#10440,#10442,#9535,.T.);
#11361=EDGE_CURVE('',#10438,#10440,#9539,.T.);
#11378=EDGE_CURVE('',#10133,#10134,#9543,.T.);
#11381=EDGE_CURVE('',#10136,#10138,#9547,.T.);
#11383=EDGE_CURVE('',#10136,#10134,#9551,.T.);
#11400=EDGE_CURVE('',#10252,#10254,#9555,.T.);
#11402=EDGE_CURVE('',#10252,#10181,#9559,.T.);
#11404=EDGE_CURVE('',#10181,#10182,#9563,.T.);
#11422=EDGE_CURVE('',#10262,#10266,#9567,.T.);
#11425=EDGE_CURVE('',#10229,#10230,#9571,.T.);
#11427=EDGE_CURVE('',#10229,#10262,#9575,.T.);
#11444=EDGE_CURVE('',#10142,#10146,#9579,.T.);
#11446=EDGE_CURVE('',#10130,#10142,#9583,.T.);
#11448=EDGE_CURVE('',#10129,#10130,#9588,.T.);
#11452=EDGE_CURVE('',#10126,#10134,#9596,.T.);
#11454=EDGE_CURVE('',#10125,#10126,#9601,.T.);
#11456=EDGE_CURVE('',#10146,#10125,#9605,.T.);
#11473=EDGE_CURVE('',#10141,#10142,#9610,.T.);
#11476=EDGE_CURVE('',#10146,#10144,#9849,.T.);
#11478=EDGE_CURVE('',#10141,#10144,#9631,.T.);
#11496=EDGE_CURVE('',#10122,#10141,#9627,.T.);
#11498=EDGE_CURVE('',#10130,#10122,#9973,.T.);
#11516=EDGE_CURVE('',#10233,#10234,#9614,.T.);
#11519=EDGE_CURVE('',#10121,#10122,#9623,.T.);
#11523=EDGE_CURVE('',#10144,#10117,#9635,.T.);
#11525=EDGE_CURVE('',#10117,#10118,#9640,.T.);
#11527=EDGE_CURVE('',#10118,#10233,#9644,.T.);
#11545=EDGE_CURVE('',#10233,#10225,#9660,.T.);
#11547=EDGE_CURVE('',#10225,#10226,#9840,.T.);
#11565=EDGE_CURVE('',#10260,#10237,#9754,.T.);
#11567=EDGE_CURVE('',#10260,#10257,#9648,.T.);
#11569=EDGE_CURVE('',#10257,#10262,#9652,.T.);
#11572=EDGE_CURVE('',#10225,#10229,#9656,.T.);
#11576=EDGE_CURVE('',#10126,#10118,#9844,.T.);
#11580=EDGE_CURVE('',#10160,#10136,#9664,.T.);
#11582=EDGE_CURVE('',#10150,#10160,#9668,.T.);
#11584=EDGE_CURVE('',#10149,#10150,#9672,.T.);
#11586=EDGE_CURVE('',#10156,#10149,#9677,.T.);
#11589=EDGE_CURVE('',#10098,#10114,#9681,.T.);
#11592=EDGE_CURVE('',#10166,#10168,#9686,.T.);
#11594=EDGE_CURVE('',#10164,#10166,#9690,.T.);
#11596=EDGE_CURVE('',#10163,#10164,#9694,.T.);
#11598=EDGE_CURVE('',#10181,#10163,#9698,.T.);
#11601=EDGE_CURVE('',#10252,#10245,#9805,.T.);
#11603=EDGE_CURVE('',#10237,#10245,#9788,.T.);
#11607=EDGE_CURVE('',#10445,#10446,#9702,.T.);
#11609=EDGE_CURVE('',#10446,#10448,#9706,.T.);
#11611=EDGE_CURVE('',#10448,#10450,#9710,.T.);
#11613=EDGE_CURVE('',#10450,#10445,#9714,.T.);
#11617=EDGE_CURVE('',#10453,#10454,#9718,.T.);
#11619=EDGE_CURVE('',#10454,#10456,#9722,.T.);
#11621=EDGE_CURVE('',#10456,#10458,#9726,.T.);
#11623=EDGE_CURVE('',#10458,#10453,#9730,.T.);
#11627=EDGE_CURVE('',#10461,#10462,#9734,.T.);
#11629=EDGE_CURVE('',#10462,#10464,#9738,.T.);
#11631=EDGE_CURVE('',#10464,#10466,#9742,.T.);
#11633=EDGE_CURVE('',#10466,#10461,#9746,.T.);
#11650=EDGE_CURVE('',#10260,#10264,#9750,.T.);
#11653=EDGE_CURVE('',#10237,#10238,#9759,.T.);
#11655=EDGE_CURVE('',#10238,#10272,#9763,.T.);
#11657=EDGE_CURVE('',#10272,#10270,#9767,.T.);
#11659=EDGE_CURVE('',#10270,#10241,#9771,.T.);
#11661=EDGE_CURVE('',#10241,#10242,#9776,.T.);
#11682=EDGE_CURVE('',#10257,#10258,#9784,.T.);
#11720=EDGE_CURVE('',#10245,#10246,#9801,.T.);
#11722=EDGE_CURVE('',#10238,#10246,#9836,.T.);
#11739=EDGE_CURVE('',#10274,#10269,#9792,.T.);
#11741=EDGE_CURVE('',#10246,#10274,#9796,.T.);
#11747=EDGE_CURVE('',#10249,#10250,#9814,.T.);
#11749=EDGE_CURVE('',#10269,#10249,#9818,.T.);
#11766=EDGE_CURVE('',#10269,#10270,#9823,.T.);
#11769=EDGE_CURVE('',#10272,#10274,#9832,.T.);
#11789=EDGE_CURVE('',#10241,#10249,#9827,.T.);
#11865=EDGE_CURVE('',#10125,#10117,#9853,.T.);
#11905=EDGE_CURVE('',#10160,#10170,#9857,.T.);
#11926=EDGE_CURVE('',#10150,#10154,#9861,.T.);
#11946=EDGE_CURVE('',#10149,#10153,#9865,.T.);
#11983=EDGE_CURVE('',#10096,#10112,#9873,.T.);
#12008=EDGE_CURVE('',#10413,#10414,#9881,.T.);
#12010=EDGE_CURVE('',#10414,#10416,#9885,.T.);
#12012=EDGE_CURVE('',#10416,#10418,#9889,.T.);
#12014=EDGE_CURVE('',#10418,#10413,#9893,.T.);
#12032=EDGE_CURVE('',#10414,#10406,#9901,.T.);
#12035=EDGE_CURVE('',#10413,#10405,#9897,.T.);
#12053=EDGE_CURVE('',#10416,#10408,#9905,.T.);
#12073=EDGE_CURVE('',#10418,#10410,#9909,.T.);
#12114=EDGE_CURVE('',#10166,#10176,#9913,.T.);
#12134=EDGE_CURVE('',#10164,#10174,#9917,.T.);
#12154=EDGE_CURVE('',#10163,#10173,#9921,.T.);
#12191=EDGE_CURVE('',#10446,#10422,#9929,.T.);
#12194=EDGE_CURVE('',#10445,#10421,#9925,.T.);
#12212=EDGE_CURVE('',#10448,#10424,#9933,.T.);
#12232=EDGE_CURVE('',#10450,#10426,#9937,.T.);
#12271=EDGE_CURVE('',#10454,#10430,#9945,.T.);
#12274=EDGE_CURVE('',#10453,#10429,#9941,.T.);
#12292=EDGE_CURVE('',#10456,#10432,#9949,.T.);
#12312=EDGE_CURVE('',#10458,#10434,#9953,.T.);
#12351=EDGE_CURVE('',#10462,#10438,#9961,.T.);
#12354=EDGE_CURVE('',#10461,#10437,#9957,.T.);
#12372=EDGE_CURVE('',#10464,#10440,#9965,.T.);
#12392=EDGE_CURVE('',#10466,#10442,#9969,.T.);
#12449=EDGE_CURVE('',#10354,#10349,#9977,.T.);
#12451=EDGE_CURVE('',#10354,#10321,#9981,.T.);
#12453=EDGE_CURVE('',#10321,#10322,#9986,.T.);
#12459=EDGE_CURVE('',#10318,#10349,#10003,.T.);
#12476=EDGE_CURVE('',#10349,#10350,#10008,.T.);
#12479=EDGE_CURVE('',#10352,#10354,#10017,.T.);
#12518=EDGE_CURVE('',#10313,#10321,#10021,.T.);
#12556=EDGE_CURVE('',#10382,#10358,#10029,.T.);
#12559=EDGE_CURVE('',#10381,#10357,#10025,.T.);
#12577=EDGE_CURVE('',#10385,#10361,#10033,.T.);
#12597=EDGE_CURVE('',#10386,#10362,#10037,.T.);
#12636=EDGE_CURVE('',#10390,#10366,#10045,.T.);
#12639=EDGE_CURVE('',#10389,#10365,#10041,.T.);
#12657=EDGE_CURVE('',#10393,#10369,#10049,.T.);
#12677=EDGE_CURVE('',#10394,#10370,#10053,.T.);
#12716=EDGE_CURVE('',#10398,#10374,#10061,.T.);
#12719=EDGE_CURVE('',#10397,#10373,#10057,.T.);
#12737=EDGE_CURVE('',#10401,#10377,#10065,.T.);
#12757=EDGE_CURVE('',#10402,#10378,#10069,.T.);
#12798=EDGE_CURVE('',#10278,#10286,#10082,.T.);
#12831=(LENGTH_UNIT()NAMED_UNIT(*)SI_UNIT(.MILLI.,.METRE.));
#12833=(NAMED_UNIT(*)PLANE_ANGLE_UNIT()SI_UNIT($,.RADIAN.));
#12836=(NAMED_UNIT(*)SI_UNIT($,.STERADIAN.)SOLID_ANGLE_UNIT());
#12839=ADVANCED_BREP_SHAPE_REPRESENTATION('',(#8890,#12830),#12838);
#12847=PRODUCT_DEFINITION('design','',#12846,#12843);
#12848=PRODUCT_DEFINITION_SHAPE('','SHAPE FOR 397.',#12847);
#12849=SHAPE_ASPECT('','solid data associated with 397',#12848,.F.);
#12850=PROPERTY_DEFINITION('',
'shape for solid data with which properties are associated',#12849);
#12851=SHAPE_REPRESENTATION('',(#12830),#12838);
#12852=SHAPE_DEFINITION_REPRESENTATION(#12850,#12851);
#12853=(LENGTH_UNIT()NAMED_UNIT(*)SI_UNIT(.MILLI.,.METRE.));
#12857=PROPERTY_DEFINITION('geometric validation property','area of 397',
#12849);
#12858=REPRESENTATION('surface area',(#12856),#12838);
#12859=PROPERTY_DEFINITION_REPRESENTATION(#12857,#12858);
#12860=(LENGTH_UNIT()NAMED_UNIT(*)SI_UNIT(.MILLI.,.METRE.));
#12864=PROPERTY_DEFINITION('geometric validation property','volume of 397',
#12849);
#12865=REPRESENTATION('volume',(#12863),#12838);
#12866=PROPERTY_DEFINITION_REPRESENTATION(#12864,#12865);
#12868=PROPERTY_DEFINITION('geometric validation property','centroid of 397',
#12849);
#12869=REPRESENTATION('centroid',(#12867),#12838);
#12870=PROPERTY_DEFINITION_REPRESENTATION(#12868,#12869);
#12871=(LENGTH_UNIT()NAMED_UNIT(*)SI_UNIT(.MILLI.,.METRE.));
#12875=PROPERTY_DEFINITION('geometric validation property','area of 397',
#12848);
#12876=REPRESENTATION('surface area',(#12874),#12838);
#12877=PROPERTY_DEFINITION_REPRESENTATION(#12875,#12876);
#12878=(LENGTH_UNIT()NAMED_UNIT(*)SI_UNIT(.MILLI.,.METRE.));
#12882=PROPERTY_DEFINITION('geometric validation property','volume of 397',
#12848);
#12883=REPRESENTATION('volume',(#12881),#12838);
#12884=PROPERTY_DEFINITION_REPRESENTATION(#12882,#12883);
#12886=PROPERTY_DEFINITION('geometric validation property','centroid of 397',
#12848);
#12887=REPRESENTATION('centroid',(#12885),#12838);
#12888=PROPERTY_DEFINITION_REPRESENTATION(#12886,#12887);
#12889=SHAPE_DEFINITION_REPRESENTATION(#12848,#12839);
ENDSEC;
END-ISO-10303-21;
